variable,description,type,length,decimal,page
CARATULA.sav,Características de la unidad agropecuaria al día de la entrevista,,,,2
CAP100A_01.sav,Características de la unidad agropecuaria al día de la entrevista,,,,2
CAP100A_03.sav,Características de la unidad agropecuaria al día de la entrevista,,,,2
CAP100A_04.sav,Características de la unidad agropecuaria al día de la entrevista,,,,2
USOSTIERRA.sav,Características de la unidad agropecuaria al día de la entrevista,,,,2
CAP100B_01.sav,Características de la unidad agropecuaria en los últimos 12 meses,,,,2
CAP100B_02.sav,Características de la unidad agropecuaria en los últimos 12 meses,,,,2
CAP200AB.sav,"Superficie cosechada y sembrada, producción y destino de los cultivos cosechados",,,,2
CAP200A.sav,"Superficie cosechada y sembrada, producción y destino de los cultivos cosechados",,,,2
CAP200B_1.sav,Pérdida total de producción o superficie sembrada,,,,2
CAP200C.sav,Derivados agrícolas de los cultivos cosechados,,,,2
CAP200D.sav,Subproductos agrícolas de los cultivos cosechados,,,,2
CAP200E.sav,Costos de producción de los cultivos cosechados,,,,2
CAP300AB.sav,Buenas prácticas agrícolas (para los cultivos cosechados y no cosechados),,,,2
CAP400A.sav,Producción pecuaria al día de la entrevista,,,,2
CAP400A_1.sav,Producción pecuaria en los últimos 12 meses,,,,2
CAP400A_2.sav,Producción pecuaria en los últimos 12 meses,,,,2
CAP400B.sav,Subproductos pecuarios,,,,2
CAP400C.sav,Derivados pecuarios,,,,2
CAP500AB.sav,Buenas prácticas pecuarias,,,,2
CAP600.sav,Inocuidad,,,,2
CAP700.sav,Servicios de extensión agraria,,,,2
CAP800.sav,Asociatividad,,,,2
CAP900.sav,Servicios financieros,,,,2
CAP1000.sav,Costos de producción de la actividad agropecuaria,,,,2
CAP1100.sav,Características del productor agropecuario y su familia,,,,2
CAP1200A_IS.sav,Intención de siembra,,,,2
CAP1200B_ME.sav,Maquinaria y/o equipo,,,,2
ANIO,AÑO,N,4,,3
CCDD,Código de Departamento,AN,2,,3
NOMBREDD,Nombre de Departamento,A,100,,3
CCPP,Código de Provincia,AN,2,,3
NOMBREPV,Nombre de la Provincia,A,100,,3
CCDI,Código del Distrito,AN,2,,3
NOMBREDI,Nombre del Distrito,A,100,,3
NSEGM,NÚMERO CORRELATIVO EN SECUENCIA SERPENTIN POR REGIÓN,AN,5,,3
ID_PROD,Identificador de la Unidad Agropecuaria,N,2,,3
UA,Unidad Agropecuaria N°,AN,2,,3
RESFIN,Resultado FINAL de la encuesta,N,1,,3
REGION,REGIÓN NATURAL,N,1,,3
ESTRATO,ESTRATO MUESTRAL,N,10,,3
FACTOR_PRODUCTOR,FACTOR DE EXPANSIÓN DE PRODUCTOR AGROPECUARIO,N,6,2,3
CODIGO,CÓDIGO DE IDENTIFICACIÓN,N,1,,3
LATITUD,Coordenada Y del segmento - Latitud,N,15,11,3
LONGITUD,Coordenada X del segmento - Longitud,N,15,11,3
P101A,SU CONDICIÓN JURÍDICA COMO PRODUCTOR ES ….,N,1,,4
P101,¿CUÁNTOS AÑOS SE DEDICA DE MANERA INDEPENDIENTE A LA ACTIVIDAD AGROPECUARIA?,N,2,,4
P102,"¿ACTUALMENTE CUÁNTAS PARCELAS O CHACRAS TRABAJA O CONDUCE EN ESTE DISTRITO (Incluya parcelas arrendadas, propias, invadidas, cedidas, etc.)?",N,3,,4
P102_N,UNIDAD AGROPECUARIA SIN TIERRA,N,1,,4
P102A,"¿ACTUALMENTE CONDUCE PARCELAS O CHACRAS EN OTROS DEPARTAMENTOS (Incluya parcelas arrendadas, propias, invadidas, cedidas, etc.)?",N,1,,4
P102B_1,¿Cuántas parcelas?,N,3,,4
P103,CANTIDAD DE PARCELAS O CHACRAS QUE SE ENCUENTRAN CONTENIDAS O INTERSECADAS POR EL SEGMENTO/ CANTIDAD DE PARCELAS O CHACRAS QUE CONDUCE SEGÚN EL MARCO DE TRABAJO:,N,3,,4
P104_ENT,"¿CUÁL ES LA SUPERFICIE TOTAL DE TODAS LAS PARCELAS O CHACRAS QUE TRABAJA O CONDUCE ACTUALMENTE EN ESTE DISTRITO (Incluya barbecho, descanso, montes y bosques, etc.)? ENTERO",N,6,,4
P104_DEC,"¿CUÁL ES LA SUPERFICIE TOTAL DE TODAS LAS PARCELAS O CHACRAS QUE TRABAJA O CONDUCE ACTUALMENTE EN ESTE DISTRITO (Incluya barbecho, descanso, montes y bosques, etc.)? DECIMAL",AN,3,,5
P104_UM,UNIDAD DE MEDIDA,N,1,,5
P104_COD,CODIGO DE UNIDAD DE MEDIDA,N,3,,5
P104_EQUIV_1,EQUIVALENCIA EN HECTAREAS ENTERO,N,6,,5
P104_EQUIV_2,EQUIVALENCIA EN HECTAREAS DECIMAL,AN,4,,5
P104_SUP_ha,SUPERFICIE TOTAL DE TODAS LAS PARCELAS O CHACRAS EN HECTÁREA,N,11,3,5
P401E,"PRINCIPALMENTE, ¿QUIÉN REALIZA LA CRIANZA DE SUS ANIMALES?",N,1,,5
P102C_N,"¿EN QUÉ DEPARTAMENTOS SE ENCUENTRAN UBICADAS (Incluya parcelas arrendadas, propias, invadidas, cedidas, etc.)? DEPARTAMENTO N°",N,2,,6
P102C_DEP_COD,"¿EN QUÉ DEPARTAMENTOS SE ENCUENTRAN UBICADAS (Incluya parcelas arrendadas, propias, invadidas, cedidas, etc.)? CÓDIGO DE DEPARTAMENTO",AN,2,,6
P102C_DEP,"¿EN QUÉ DEPARTAMENTOS SE ENCUENTRAN UBICADAS (Incluya parcelas arrendadas, propias, invadidas, cedidas, etc.)? NOMBRE DEPARTAMENTO",A,60,,6
P102C_CANT,"¿EN QUÉ DEPARTAMENTOS SE ENCUENTRAN UBICADAS (Incluya parcelas arrendadas, propias, invadidas, cedidas, etc.)? CANTIDAD",N,2,,6
P105,NÚMERO DE PARCELA O CHACRA QUE TRABAJA O CONDUCE ACTUALMENTE,N,3,,7
P105_SUP_1,"¿CUÁL ES LA SUPERFICIE TOTAL DE CADA UNA DE LAS PARCELAS O CHACRAS QUE TRABAJA O CONDUCE (Incluya barbecho, descanso, montes y bosques, etc.)? ENTERO",N,6,,7
P105_SUP_2,"¿CUÁL ES LA SUPERFICIE TOTAL DE CADA UNA DE LAS PARCELAS O CHACRAS QUE TRABAJA O CONDUCE (Incluya barbecho, descanso, montes y bosques, etc.)? DECIMAL",AN,3,,7
P105_EQUIV_1,SUPERFICIE DE LA PARCELA (Hectáreas) ENTERO,N,6,,7
P105_EQUIV_2,SUPERFICIE DE LA PARCELA (Hectáreas) DECIMAL,AN,4,,7
P105_SUP_ha,"¿CUÁL ES LA SUPERFICIE TOTAL DE CADA UNA DE LAS PARCELAS O CHACRAS QUE TRABAJA O CONDUCE (Incluya barbecho, descanso, montes y bosques, etc.)? (Hectáreas)",N,11,3,7
P108,"¿ESTA ES, SU PARCELA PRINCIPAL?",N,1,,7
P109_MES,¿DESDE CUÁNDO TRABAJA O CONDUCE ESTA PARCELA O CHACRA? MES,N,2,,7
P109_ANIO,¿DESDE CUÁNDO TRABAJA O CONDUCE ESTA PARCELA O CHACRA? AÑO,N,4,,7
P111_1,"DE ESTA PARCELA O CHACRA, ¿UD. ES: Propietario",N,1,,7
P111_2,"DE ESTA PARCELA O CHACRA, ¿UD. ES: Comunero",N,1,,8
P111_3,"DE ESTA PARCELA O CHACRA, ¿UD. ES: Arrendatario",N,1,,8
P111_4,"DE ESTA PARCELA O CHACRA, ¿UD. ES: Posesionario",N,1,,8
P111_5,"DE ESTA PARCELA O CHACRA, ¿UD. ES: Otro",N,1,,8
P112,UD/EL PRODUCTOR ES PROPIETARIO:,N,1,,8
P113_SUP_1,¿CUÁL ES LA SUPERFICIE INSCRITA EN REGISTROS PÚBLICOS? ENTERO,N,6,,8
P113_SUP_2,¿CUÁL ES LA SUPERFICIE INSCRITA EN REGISTROS PÚBLICOS? DECIMAL,AN,3,,8
P114,"EN ESTA PARCELA ACTUALMENTE, ¿TIENE CULTIVOS INSTALADOS O SEMBRADOS ?",N,1,,8
P140,¿CUÁL ES LA RAZÓN PRINCIPAL POR LA QUE LA SUPERFICIE AGRÍCOLA ESTÁ SIN CULTIVO POR MÁS DE UN AÑO?,N,1,,8
P141_1,"¿QUÉ INSTITUCIÓN INSTALÓ EL SISTEMA DE RIEGO TECNIFICADO? Ministerio de Desarrollo Agrario y Riego (PSI, AGRORURAL, etc)",N,1,,8
P141_2,¿QUÉ INSTITUCIÓN INSTALÓ EL SISTEMA DE RIEGO TECNIFICADO? Gobierno Local,N,1,,8
P141_3,¿QUÉ INSTITUCIÓN INSTALÓ EL SISTEMA DE RIEGO TECNIFICADO? Gobierno Regional,N,1,,8
P141_4,¿QUÉ INSTITUCIÓN INSTALÓ EL SISTEMA DE RIEGO TECNIFICADO? Organismo No Gubernamental (ONG),N,1,,8
P141_5,¿QUÉ INSTITUCIÓN INSTALÓ EL SISTEMA DE RIEGO TECNIFICADO? Empresas Mineras,N,1,,8
P141_6,¿QUÉ INSTITUCIÓN INSTALÓ EL SISTEMA DE RIEGO TECNIFICADO? Cooperación Técnica,N,1,,8
P141_7,¿QUÉ INSTITUCIÓN INSTALÓ EL SISTEMA DE RIEGO TECNIFICADO? Otra,N,1,,8
P141_8,¿QUÉ INSTITUCIÓN INSTALÓ EL SISTEMA DE RIEGO TECNIFICADO? MISMO PRODUCTOR,N,1,,8
P1201,"EN LOS PRÓXIMOS 12 MESES DE………A………, ¿SEMBRARÁ O INSTALARÁ CULTIVOS EN ESTA PARCELA?",N,1,,8
OMICAP100A_03,OMISIÓN DE PARCELA O CHACRA QUE TRABAJA O CONDUCE ACTUALMENTE,AN,2,,8
P115_LOTE,NÚMERO DE LOTE EN LA PARCELA DIBUJADA,N,2,,9
P115,NÚMERO DE CULTIVO / USOS DE LA TIERRA,N,3,,9
P115_NOM,¿QUÉ CULTIVOS TIENE ACTUALMENTE EN ESTA PARCELA O CHACRA?,A,50,,9
P115_COD,CÓDIGO DE CULTIVO,N,4,,9
P115_TIPO,TIPO DE CULTIVO,N,1,,9
P116_NOM,¿CUÁL ES LA VARIEDAD DEL CULTIVO …….. ? VARIEDAD NOMBRE,A,100,,9
P116_COD,¿CUÁL ES LA VARIEDAD DEL CULTIVO …….. ? VARIEDAD CÓDIGO,N,3,,9
P117_SUP_1,¿CUÁL ES LA SUPERFICIE SEMBRADA DE ……? ENTERO,N,6,,9
P117_SUP_2,¿CUÁL ES LA SUPERFICIE SEMBRADA DE ……? DECIMAL,AN,3,,9
P117_SUP_ha,¿CUÁL ES LA SUPERFICIE SEMBRADA DE ……? (Hectáreas),N,11,3,9
P119,¿ESTA BAJO:,N,1,,10
P120,"PRINCIPALMENTE, ¿DE DÓNDE PROCEDE EL AGUA PARA REGAR EL CULTIVO DE……?",N,1,,10
P121,¿QUÉ SISTEMA DE RIEGO UTILIZA?,N,1,,10
P122,PARA LA SIEMBRA DE… UTILIZÓ SEMILLA:,N,1,,10
P123,¿LA CONDUCCIÓN DEL CULTIVO ES:,N,1,,10
P124_MES,¿EN QUÉ MES Y AÑO FUE LA SIEMBRA/INSTALACIÓN DE………? MES,N,2,,10
P124_ANIO,¿EN QUÉ MES Y AÑO FUE LA SIEMBRA/INSTALACIÓN DE………? AÑO,N,4,,10
P125_MES,¿CUÁNDO SERÁ LA FECHA DE INICIO DE COSECHA DE...…? MES,N,2,,10
P125_ANIO,¿CUÁNDO SERÁ LA FECHA DE INICIO DE COSECHA DE...…? AÑO,N,4,,10
P126,¿CUÁNTAS PLANTAS DE…….……. ACTUALMENTE TIENE INSTALADAS? CANTIDAD,N,8,,10
OMICAP100A_04,OMISIÓN DE CULTIVOS Y USOS DE LA TIERRA,AN,2,,10
FACTOR_SUPERFICIE,FACTOR DE EXPANSIÓN DE SUPERFICIE,N,6,2,11
P118_AREA,Superficie dibujada de ..... (Héctareas),N,11,4,11
P118_AREA_IN,Superficie dibujada de ..... dentro del segmento (Héctareas),N,11,4,11
P142_1,"EN LOS ÚLTIMOS 12 MESES, DE…..A……..LA EMPRESA/UD. REALIZÓ ACTIVIDAD: ¿Agrícola?",N,1,,13
P142_2,"EN LOS ÚLTIMOS 12 MESES, DE…..A……..LA EMPRESA/UD. REALIZÓ ACTIVIDAD: ¿Pecuaria?",N,1,,13
P142_3,"EN LOS ÚLTIMOS 12 MESES, DE…..A……..LA EMPRESA/UD. REALIZÓ ACTIVIDAD: NO REALIZÓ ACTIVIDAD",N,1,,13
P143,¿CUÁL ES EL PRINCIPAL MOTIVO POR EL QUE NO HA REALIZADO ACTIVIDAD AGRÍCOLA Y/O PECUARIO?,N,1,,13
P144,"ADEMÁS DE LAS …………. PARCELAS O CHACRAS, EN LOS ÚLTIMOS 12 MESES, DE …………… A ……………, UD. ¿TRABAJÓ O CONDUJO ALGUNA OTRA PARCELA O CHACRA EN ESTE DISTRITO (Incluya parcelas que fueron arrendadas, propias, invadidas, cedidas,etc., así actualmente no las conduzca)?",N,1,,13
P145,¿CUÁNTAS PARCELAS?,N,3,,13
P146_SUP_1,"DE LA/S…………. PARCELAS O CHACRAS QUE TRABAJÓ O CONDUJO, ¿CUÁL FUE LA SUPERFICIE TOTAL (Incluya barbecho, descanso, montes y bosques, etc.)? ENTERO",N,6,,13
P146_SUP_2,"DE LA/S…………. PARCELAS O CHACRAS QUE TRABAJÓ O CONDUJO, ¿CUÁL FUE LA SUPERFICIE TOTAL (Incluya barbecho, descanso, montes y bosques, etc.)? DECIMAL",AN,3,,14
P146_UM,UNIDAD DE MEDIDA,N,1,,14
P146_COD,CÓDIGO DE UNIDAD DE MEDIDA,AN,3,,14
P146_EQUIV_1,EQUIVALENCIA EN HECTAREAS - ENTERO,N,6,,14
P146_EQUIV_2,EQUIVALENCIA EN HECTAREAS - DECIMAL,AN,4,,14
P146_SUP_ha,"DE LA/S…………. PARCELAS O CHACRAS QUE TRABAJÓ O CONDUJO, ¿CUÁL FUE LA SUPERFICIE TOTAL (Incluya barbecho, descanso, montes y bosques, etc.)? (Hectáreas)",N,11,3,14
P229A_1,¿POR QUÉ MOTIVOS NO VENDIÓ SU PRODUCCIÓN? Lo utilizó para autoconsumo,N,1,,14
P229A_2,¿POR QUÉ MOTIVOS NO VENDIÓ SU PRODUCCIÓN? Es solo para alimentar a sus animales,N,1,,14
P229A_3,¿POR QUÉ MOTIVOS NO VENDIÓ SU PRODUCCIÓN? La producción es baja,N,1,,14
P229A_4,¿POR QUÉ MOTIVOS NO VENDIÓ SU PRODUCCIÓN? Falta acceso o medios de transporte,N,1,,14
P229A_5,¿POR QUÉ MOTIVOS NO VENDIÓ SU PRODUCCIÓN? Lo utilizó para semilla,N,1,,14
P229A_6,¿POR QUÉ MOTIVOS NO VENDIÓ SU PRODUCCIÓN? Otro,N,1,,14
P229B,"EN LOS ÚLTIMOS 12 MESES, DE ……..………. A …………….…., DE SU PRODUCCIÓN, ¿/UD. ELABORÓ DERIVADOS AGRÍCOLAS TALES COMO: CHUÑO, MORÓN, CHOCHOCA, JORA, ETC.?",N,1,,14
P229F,"EN LOS ÚLTIMOS 12 MESES, DE ……..………. A …………….…., DE SU PRODUCCIÓN, ¿UD. OBTUVO SUBPRODUCTOS AGRÍCOLAS TALES COMO: CHALA DE MAÍZ, PANCA DE CHOCLO, HOJAS DE CAMOTE, PAJA DE TRIGO, ETC.?",N,1,,14
P242_1,"EN LOS ÚLTIMOS 12 MESES, DE ………. A ………. ¿POR QUÉ NO UTILIZÓ ABONOS, FERTILIZANTES Y PLAGUICIDAS EN LOS CULTIVOS COSECHADOS? PRECIOS ELEVADOS",N,1,,14
P242_2,"EN LOS ÚLTIMOS 12 MESES, DE ………. A ………. ¿POR QUÉ NO UTILIZÓ ABONOS, FERTILIZANTES Y PLAGUICIDAS EN LOS CULTIVOS COSECHADOS? CONTAMINAN EL SUELO",N,1,,14
P242_3,"EN LOS ÚLTIMOS 12 MESES, DE ………. A ………. ¿POR QUÉ NO UTILIZÓ ABONOS, FERTILIZANTES Y PLAGUICIDAS EN LOS CULTIVOS COSECHADOS? NO VENDEN POR LA ZONA",N,1,,14
P242_4,"EN LOS ÚLTIMOS 12 MESES, DE ………. A ………. ¿POR QUÉ NO UTILIZÓ ABONOS, FERTILIZANTES Y PLAGUICIDAS EN LOS CULTIVOS COSECHADOS? OTRO",N,1,,14
P410A,"EN LOS ÚLTIMOS 12 MESES, DE…A…. , ¿UD. HA UTILIZADO SEMEN O EMBRIONES CERTIFICADOS PARA REPRODUCIR O MEJORAR LOS ANIMALES QUE CRIA?",N,1,,14
P410F_1,¿QUÉ CERTIFICADOS O REGISTROS TIENE DEL SEMEN Y/O EMBRIONES QUE HA UTILIZADO? Certificado sanitario,N,1,,15
P410F_2,¿QUÉ CERTIFICADOS O REGISTROS TIENE DEL SEMEN Y/O EMBRIONES QUE HA UTILIZADO? Registros genealógicos,N,1,,15
P410F_3,¿QUÉ CERTIFICADOS O REGISTROS TIENE DEL SEMEN Y/O EMBRIONES QUE HA UTILIZADO? Registros productivos,N,1,,15
P410F_4,¿QUÉ CERTIFICADOS O REGISTROS TIENE DEL SEMEN Y/O EMBRIONES QUE HA UTILIZADO? NINGUNO,N,1,,15
P410G_1,"¿QUÉ INSTITUCIÓN O PERSONA LE PROPORCIONÓ EL SEMEN, EMBRIONES Y/O REPRODUCTORES? Ministerio de Desarrollo Agrario y Riego",N,1,,15
P410G_2,"¿QUÉ INSTITUCIÓN O PERSONA LE PROPORCIONÓ EL SEMEN, EMBRIONES Y/O REPRODUCTORES? Gobierno Local",N,1,,15
P410G_3,"¿QUÉ INSTITUCIÓN O PERSONA LE PROPORCIONÓ EL SEMEN, EMBRIONES Y/O REPRODUCTORES? Gobierno Regional",N,1,,15
P410G_4,"¿QUÉ INSTITUCIÓN O PERSONA LE PROPORCIONÓ EL SEMEN, EMBRIONES Y/O REPRODUCTORES? Organismo No Gubernamental (ONG)",N,1,,15
P410G_5,"¿QUÉ INSTITUCIÓN O PERSONA LE PROPORCIONÓ EL SEMEN, EMBRIONES Y/O REPRODUCTORES? Empresa privada",N,1,,15
P410G_6,"¿QUÉ INSTITUCIÓN O PERSONA LE PROPORCIONÓ EL SEMEN, EMBRIONES Y/O REPRODUCTORES? Asociación de productores/as",N,1,,15
P410G_7,"¿QUÉ INSTITUCIÓN O PERSONA LE PROPORCIONÓ EL SEMEN, EMBRIONES Y/O REPRODUCTORES? Otra",N,1,,15
P418,"EN LOS ÚLTIMOS 12 MESES, DE…A…. , DE SU PRODUCCIÓN, ¿UD. ELABORÓ DERIVADOS TALES COMO: CHARQUI, QUESO, MANTEQUILLA, YOGURT, JAMÓN, ETC.?",N,1,,15
OMICAP100B_01,OMISIÓN DE CARACTERISTICAS DE LA UNIDAD AGROPECUARIA EN LOS ÚLTIMOS DOCE MESES,AN,2,,15
P147,NÚMERO DE PARCELA O CHACRA QUE TRABAJÓ O CONDUJO EN LOS ÚLTIMOS 12 MESES,N,3,,16
P147_SUP_1,"¿CUÁL ES LA SUPERFICIE TOTAL DE CADA UNA DE LAS PARCELAS O CHACRAS QUE TRABAJÓ O CONDUJO EN LOS ÚLTIMOS 12 MESES, (Incluya barbecho, descanso, montes y bosques, etc.)? ENTERO",N,6,,16
P147_SUP_2,"¿CUÁL ES LA SUPERFICIE TOTAL DE CADA UNA DE LAS PARCELAS O CHACRAS QUE TRABAJÓ O CONDUJO EN LOS ÚLTIMOS 12 MESES, (Incluya barbecho, descanso, montes y bosques, etc.)? DECIMAL",AN,3,,16
P147_EQUIV_1,SUPERFICIE DE LA PARCELA (Hectáreas) ENTERO,N,6,,16
P147_EQUIV_2,SUPERFICIE DE LA PARCELA (Hectáreas) DECIMAL,AN,4,,16
P147_SUP_ha,"¿CUÁL ES LA SUPERFICIE TOTAL DE CADA UNA DE LAS PARCELAS O CHACRAS QUE TRABAJÓ O CONDUJO EN LOS ÚLTIMOS 12 MESES, (Incluya barbecho, descanso, montes y bosques, etc.)? (Hectáreas)",N,11,3,17
P107,"¿CUÁL ES EL NOMBRE DE LA PARCELA, CHACRA O FUNDO?",AN,50,,17
P148_DIA,¿HASTA CUÁNDO TRABAJÓ O CONDUJO ESTA PARCELA O CHACRA? DÍA,N,2,,17
P148_MES,¿HASTA CUÁNDO TRABAJÓ O CONDUJO ESTA PARCELA O CHACRA? MES,N,2,,17
P148_ANIO,¿HASTA CUÁNDO TRABAJÓ O CONDUJO ESTA PARCELA O CHACRA? AÑO,N,4,,17
P202,"EN LOS ÚLTIMOS 12 MESES, DE…..A…….., ¿UD. TUVO COSECHAS DE CULTIVOS EN ESTA PARCELA?",N,1,,17
P224A,"EN ESTA PARCELA DE LOS CULTIVOS QUE SEMBRÓ/INSTALÓ, EN LOS ÚLTIMOS 12 MESES, DE ……… A ……, ¿UD. HA PERDIDO TOTALMENTE PRODUCCIÓN O SUPERFICIE?",N,1,,17
P224G_1,"EN LOS ÚLTIMOS 12 MESES, DE ……… A ……, ¿POR QUÉ NO TUVO SIEMBRAS/COSECHAS DE CULTIVOS EN ESTA PARCELA? FALTA DE MANO DE OBRA",N,1,,17
P224G_2,"EN LOS ÚLTIMOS 12 MESES, DE ……… A ……, ¿POR QUÉ NO TUVO SIEMBRAS/COSECHAS DE CULTIVOS EN ESTA PARCELA? EXCESO DE LLUVIAS",N,1,,17
P224G_3,"EN LOS ÚLTIMOS 12 MESES, DE ……… A ……, ¿POR QUÉ NO TUVO SIEMBRAS/COSECHAS DE CULTIVOS EN ESTA PARCELA? FALTA DE CRÉDITO",N,1,,17
P224G_4,"EN LOS ÚLTIMOS 12 MESES, DE ……… A ……, ¿POR QUÉ NO TUVO SIEMBRAS/COSECHAS DE CULTIVOS EN ESTA PARCELA? RECIÉN SEMBRADO",N,1,,17
P224G_5,"EN LOS ÚLTIMOS 12 MESES, DE ……… A ……, ¿POR QUÉ NO TUVO SIEMBRAS/COSECHAS DE CULTIVOS EN ESTA PARCELA? FUE AFECTADA POR PLAGAS Y ENFERMEDADES",N,1,,17
P224G_6,"EN LOS ÚLTIMOS 12 MESES, DE ……… A ……, ¿POR QUÉ NO TUVO SIEMBRAS/COSECHAS DE CULTIVOS EN ESTA PARCELA? FALTA DE AGUA",N,1,,18
P224G_8,"EN LOS ÚLTIMOS 12 MESES, DE ……… A ……, ¿POR QUÉ NO TUVO SIEMBRAS/COSECHAS DE CULTIVOS EN ESTA PARCELA? DESCANSO",N,1,,18
P224G_9,"EN LOS ÚLTIMOS 12 MESES, DE ……… A ……, ¿POR QUÉ NO TUVO SIEMBRAS/COSECHAS DE CULTIVOS EN ESTA PARCELA? CULTIVO EN DESARROLLO",N,1,,18
P224G_7,"EN LOS ÚLTIMOS 12 MESES, DE ……… A ……, ¿POR QUÉ NO TUVO SIEMBRAS/COSECHAS DE CULTIVOS EN ESTA PARCELA? OTRO",N,1,,18
OMICAP100B_02,OMISIÓN DE PARCELA O CHACRA QUE TRABAJÓ O CONDUJO EN LOS ÚLTIMOS 12 MESES,AN,2,,18
P203,CULTIVO N°,N,3,,19
P204_NOM,"EN ESTA PARCELA, EN LOS ÚLTIMOS 12 MESES, DE……A…….., ¿QUÉ CULTIVOS COSECHÓ?",A,50,,19
P204_COD,CÓDIGO DE CULTIVO,N,4,,19
P204_TIPO,TIPO DE CULTIVO,N,1,,19
P205_N,¿CUÁNTAS VECES COSECHÓ EL CULTIVO DE…….? N°,N,2,,19
P205_TOT,¿CUÁNTAS VECES COSECHÓ EL CULTIVO DE…….? TOTAL,N,2,,19
P206_INI_MES,¿CUÁNDO FUE LA FECHA DE INICIO DE COSECHA DE…..? MES,N,2,,19
P206_INI_ANIO,¿CUÁNDO FUE LA FECHA DE INICIO DE COSECHA DE…..? AÑO,N,4,,20
P207_FIN_MES,¿CUÁNDO FUE O SERÁ LA FECHA FINAL DE COSECHA DE……? MES,N,2,,20
P207_FIN_ANIO,¿CUÁNDO FUE O SERÁ LA FECHA FINAL DE COSECHA DE…..? AÑO,N,4,,20
P208,¿LA CONDUCCIÓN DEL CULTIVO FUE:,N,1,,20
P209_MES,¿CUÁNDO FUE LA SIEMBRA/INSTALACIÓN DE…….? MES,N,2,,20
P209_ANIO,¿CUÁNDO FUE LA SIEMBRA/INSTALACIÓN DE ……? AÑO,N,4,,20
P210_SUP_1,¿CUÁL FUE LA SUPERFICIE SEMBRADA DE…? ENTERO,N,6,,20
P210_SUP_2,¿CUÁL FUE LA SUPERFICIE SEMBRADA DE…? DECIMAL,AN,3,,20
P211_1,AL SEMBRAR EL/LA … CONSIDERÓ: ¿El clima de la zona?,N,1,,20
P211_2,AL SEMBRAR EL/LA … CONSIDERÓ: ¿La disponibilidad de agua?,N,1,,20
P211_3,AL SEMBRAR EL/LA … CONSIDERÓ: ¿La profundidad del suelo?,N,1,,20
P211_4,AL SEMBRAR EL/LA … CONSIDERÓ: ¿El tipo de suelo?,N,1,,20
P211_5,AL SEMBRAR EL/LA … CONSIDERÓ: ¿La inclinación o pendiente de la parcela/chacra?,N,1,,20
P211_8,AL SEMBRAR EL/LA … CONSIDERÓ: ¿La fertilidad del suelo?,,,,20
P211_6,AL SEMBRAR EL/LA … CONSIDERÓ: NINGUNA DE LAS ANTERIORES,N,1,,20
P211_7,AL SEMBRAR EL/LA … CONSIDERÓ: NO SEMBRÓ,N,1,,20
P212,"PRINCIPALMENTE, ¿DE DÓNDE PROCEDE EL AGUA PARA REGAR EL CULTIVO DE……?",N,1,,20
P213,¿QUÉ SISTEMA DE RIEGO UTILIZÓ?,N,1,,20
P214,PARA LA SIEMBRA DE ………. UTILIZÓ SEMILLA:,N,1,,20
P215,"¿COSECHÓ TODA LA SUPERFICIE DE ………, QUÉ SEMBRÓ?",N,1,,20
P217_SUP_1,¿CUÁL FUE LA SUPERFICIE COSECHADA DE ……….? ENTERO,N,6,,20
P217_SUP_2,¿CUÁL FUE LA SUPERFICIE COSECHADA DE ……….? DECIMAL,AN,3,,20
P217_SUP_ha,¿CUÁL FUE LA SUPERFICIE COSECHADA DE ……….? (Hectáreas),N,11,3,20
P218,¿CUÁNTAS PLANTAS DE ……………. COSECHÓ?,N,8,,21
P218A,PRINCIPALMENTE LA COSECHA DE LOS PASTOS FUE:,N,1,,21
P218B,"EN LOS ÚLTIMOS 12 MESES, DE …… A ………………………. ¿CUÁNTOS CORTES/PASTOREOS REALIZÓ?",N,2,,21
P219_CANT_1,"¿CUÁL FUE/SERÁ LA PRODUCCIÓN TOTAL DE …, QUE COSECHÓ/COSECHARÁ DE……A………? CANTIDAD ENTERO",N,8,,21
P219_CANT_2,"¿CUÁL FUE/SERÁ LA PRODUCCIÓN TOTAL DE …, QUE COSECHÓ/COSECHARÁ DE……A………? CANTIDAD DECIMAL",AN,3,,21
P219_UM,"¿CUÁL FUE/SERÁ LA PRODUCCIÓN TOTAL DE …, QUE COSECHÓ/COSECHARÁ DE……A………? UNIDAD DE MEDIDA",A,50,,21
P219_UM_COD,"¿CUÁL FUE/SERÁ LA PRODUCCIÓN TOTAL DE …, QUE COSECHÓ/COSECHARÁ DE……A………? CÓDIGO DE UNIDAD DE MEDIDA",AN,2,,21
P219_EQUIV_KG,"¿CUÁL FUE/SERÁ LA PRODUCCIÓN TOTAL DE …, QUE COSECHÓ/COSECHARÁ DE……A………? ¿CUÁNTO PESA UN/A ....EN KILOGRAMOS?",N,12,4,21
P220_1_CANT_1,"DE LA PRODUCCIÓN DE ……….., ¿CUÁNTO SE DESTINÓ PARA: VENTA? CANTIDAD ENTERO",N,8,,21
P220_1_CANT_2,"DE LA PRODUCCIÓN DE ……….., ¿CUÁNTO SE DESTINÓ PARA: VENTA? CANTIDAD DECIMAL",AN,3,,21
P220_1_PREC_1,"DE LA PRODUCCIÓN DE ……….., ¿CUÁNTO SE DESTINÓ PARA: VENTA? PRECIO UNITARIO ENTERO",N,8,,21
P220_1_PREC_2,"DE LA PRODUCCIÓN DE ……….., ¿CUÁNTO SE DESTINÓ PARA: VENTA? PRECIO UNITARIO DECIMAL",AN,2,,21
P220_1_VAL,DE LA PRODUCCIÓN DE ……….. ¿CUÁNTO SE DESTINÓ PARA: VENTA? VALOR S/ (Enteros),N,10,,21
P220_1_PRE_KG,"DE LA PRODUCCIÓN DE ……….., ¿CUÁNTO SE DESTINÓ PARA: VENTA? PRECIO DE VENTA POR KILOGRAMO",N,10,4,21
P220_2_ENT,"DE LA PRODUCCIÓN DE ……….., ¿CUÁNTO SE DESTINÓ PARA: CONSUMO DEL HOGAR? CANTIDAD ENTERO",N,8,,21
P220_2_DEC,"DE LA PRODUCCIÓN DE ……….., ¿CUÁNTO SE DESTINÓ PARA: CONSUMO DEL HOGAR? CANTIDAD DECIMAL",AN,3,,21
P220_2_PREC_1,"DE LA PRODUCCIÓN DE ……….., ¿CUÁNTO SE DESTINÓ PARA: CONSUMO DEL HOGAR? PRECIO UNITARIO ENTERO",N,8,,21
P220_2_PREC_2,"DE LA PRODUCCIÓN DE ……….., ¿CUÁNTO SE DESTINÓ PARA CONSUMO DEL HOGAR? PRECIO UNITARIO DECIMAL",AN,2,,21
P220_2_VAL,DE LA PRODUCCIÓN DE ……….. ¿CUÁNTO SE DESTINÓ PARA: CONSUMO DEL HOGAR? VALOR S/ (Enteros),N,10,,21
P220_2_PRE_KG,"DE LA PRODUCCIÓN DE ……….., ¿CUÁNTO SE DESTINÓ PARA: CONSUMO DEL HOGAR? PRECIO DE CONSUMO DEL HOGAR POR KILOGRAMO",N,10,4,21
P220_3_ENT,"DE LA PRODUCCIÓN DE ……….., ¿CUÁNTO SE DESTINÓ PARA: SEMILLA? CANTIDAD ENTERO",N,8,,21
P220_3_DEC,"DE LA PRODUCCIÓN DE ……….., ¿CUÁNTO SE DESTINÓ PARA: SEMILLA? CANTIDAD DECIMAL",AN,3,,21
P220_3A_ENT,DE LA PRODUCCIÓN DE ……….. ¿CUÁNTO SE DESTINÓ PARA: SEMILLA AUTOINSUMO? CANTIDAD ENTERO,N,8,,21
P220_3A_DEC,DE LA PRODUCCIÓN DE ……….. ¿CUÁNTO SE DESTINÓ PARA: SEMILLA AUTOINSUMO? CANTIDAD DECIMAL,AN,3,,22
P220_3A_PREC_1,DE LA PRODUCCIÓN DE ……….. ¿CUÁNTO SE DESTINÓ PARA SEMILLA AUTOINSUMO? PRECIO UNITARIO ENTERO,N,8,,22
P220_3A_PREC_2,DE LA PRODUCCIÓN DE ……….. ¿CUÁNTO SE DESTINÓ PARA SEMILLA AUTOINSUMO? PRECIO UNITARIO DECIMAL,AN,2,,22
P220_3A_VAL,DE LA PRODUCCIÓN DE ……….. ¿CUÁNTO SE DESTINÓ PARA: SEMILLA AUTOINSUMO? VALOR S/ (Enteros),N,10,,22
P220_3A_PRE_KG,"DE LA PRODUCCIÓN DE ……….., ¿CUÁNTO SE DESTINÓ PARA: SEMILLA AUTOINSUMO? PRECIO DE SEMILLA AUTOINSUMO POR KILOGRAMO",N,10,,22
P220_3B_ENT,DE LA PRODUCCIÓN DE ……….. ¿CUÁNTO SE DESTINÓ PARA: SEMILLA VENTA? CANTIDAD ENTERO,N,8,,22
P220_3B_DEC,DE LA PRODUCCIÓN DE ……….. ¿CUÁNTO SE DESTINÓ PARA: SEMILLA VENTA? CANTIDAD DECIMAL,AN,3,,22
P220_3B_PREC_1,DE LA PRODUCCIÓN DE ……….. ¿CUÁNTO SE DESTINÓ PARA SEMILLA VENTA? PRECIO UNITARIO ENTERO,N,8,,22
P220_3B_PREC_2,DE LA PRODUCCIÓN DE ……….. ¿CUÁNTO SE DESTINÓ PARA SEMILLA VENTA? PRECIO UNITARIO DECIMAL,AN,2,,22
P220_3B_VAL,DE LA PRODUCCIÓN DE ……….. ¿CUÁNTO SE DESTINÓ PARA: SEMILLA VENTA? VALOR S/ (Enteros),N,10,,22
P220_3B_PRE_KG,"DE LA PRODUCCIÓN DE ……….., ¿CUÁNTO SE DESTINÓ PARA: SEMILLA VENTA? PRECIO DE SEMILLA VENTA POR KILOGRAMO",N,10,,22
P220_4_ENT,"DE LA PRODUCCIÓN DE ……….., ¿CUÁNTO SE DESTINÓ PARA: TRUEQUE? CANTIDAD ENTERO",N,8,,22
P220_4_DEC,"DE LA PRODUCCIÓN DE ……….., ¿CUÁNTO SE DESTINÓ PARA: TRUEQUE? CANTIDAD DECIMAL",AN,3,,22
P220_5_ENT,"DE LA PRODUCCIÓN DE ……….., ¿CUÁNTO SE DESTINÓ PARA: ALIMENTO DE SUS ANIMALES DE CRIANZA? CANTIDAD ENTERO",N,8,,22
P220_5_DEC,"DE LA PRODUCCIÓN DE ……….., ¿CUÁNTO SE DESTINÓ PARA: ALIMENTO DE SUS ANIMALES DE CRIANZA? CANTIDAD DECIMAL",AN,3,,22
P220_6_ENT,"DE LA PRODUCCIÓN DE ……….., ¿CUÁNTO SE DESTINÓ PARA: DERIVADOS? CANTIDAD ENTERO",N,8,,22
P220_6_DEC,"DE LA PRODUCCIÓN DE ……….., ¿CUÁNTO SE DESTINÓ PARA: DERIVADOS? CANTIDAD DECIMAL",AN,3,,22
P220_7_ENT,"DE LA PRODUCCIÓN DE ……….., ¿CUÁNTO SE DESTINÓ PARA: PAGO EN ESPECIES? CANTIDAD ENTERO",N,8,,22
P220_7_DEC,"DE LA PRODUCCIÓN DE ……….., ¿CUÁNTO SE DESTINÓ PARA: PAGO EN ESPECIES? CANTIDAD DECIMAL",AN,3,,22
P220_8_ENT,"DE LA PRODUCCIÓN DE ……….., ¿CUÁNTO SE DESTINÓ PARA: DONACIONES O REGALOS? CANTIDAD ENTERO",N,8,,22
P220_8_DEC,"DE LA PRODUCCIÓN DE ……….., ¿CUÁNTO SE DESTINÓ PARA: DONACIONES O REGALOS? CANTIDAD DECIMAL",AN,3,,23
P220_9_ENT,"DE LA PRODUCCIÓN DE ……….., ¿CUÁNTO SE DESTINÓ PARA: ROBOS? CANTIDAD ENTERO",N,8,,23
P220_9_DEC,"DE LA PRODUCCIÓN DE ……….., ¿CUÁNTO SE DESTINÓ PARA: ROBOS? CANTIDAD DECIMAL",AN,3,,23
P220_11_ENT,"DE LA PRODUCCIÓN DE ……….., ¿CUÁNTO SE DESTINÓ PARA: SE PERDIÓ ANTES DE LA COSECHA? CANTIDAD ENTERO",N,8,,23
P220_11_DEC,"DE LA PRODUCCIÓN DE ……….., ¿CUÁNTO SE DESTINÓ PARA: SE PERDIÓ ANTES DE LA COSECHA? CANTIDAD DECIMAL",AN,3,,23
P220_12_ENT,"DE LA PRODUCCIÓN DE ……….., ¿CUÁNTO SE DESTINÓ PARA: SE PERDIÓ O MALOGRÓ DURANTE LA COSECHA? CANTIDAD ENTERO",N,8,,23
P220_12_DEC,"DE LA PRODUCCIÓN DE ……….., ¿CUÁNTO SE DESTINÓ PARA: SE PERDIÓ O MALOGRÓ DURANTE LA COSECHA? CANTIDAD DECIMAL",AN,3,,23
P220_10_ENT,"DE LA PRODUCCIÓN DE ……….., ¿CUÁNTO SE DESTINÓ PARA: OTROS? CANTIDAD ENTERO",N,8,,23
P220_10_DEC,"DE LA PRODUCCIÓN DE ……….., ¿CUÁNTO SE DESTINÓ PARA: OTROS ? CANTIDAD DECIMAL",AN,3,,23
P221_1,"LA PRODUCCIÓN DE …………,¿LA VENDIÓ: Dentro de la chacra?",N,1,,23
P221_2,"LA PRODUCCIÓN DE …………,¿LA VENDIÓ: Fuera de la chacra?",N,1,,23
P222_1,¿A QUIÉN LE VENDIÓ LA PRODUCCIÓN DE …………? Acopiador,N,1,,23
P222_2,¿A QUIÉN LE VENDIÓ LA PRODUCCIÓN DE …………? Comerciante mayorista,N,1,,23
P222_3,¿A QUIÉN LE VENDIÓ LA PRODUCCIÓN DE …………? Comerciante minorista,N,1,,23
P222_4,¿A QUIÉN LE VENDIÓ LA PRODUCCIÓN DE …………? Asociación / cooperativa,N,1,,23
P222_5,¿A QUIÉN LE VENDIÓ LA PRODUCCIÓN DE …………? Empresa / agroindustria,N,1,,23
P222_6,¿A QUIÉN LE VENDIÓ LA PRODUCCIÓN DE …………? Consumidor final,N,1,,23
P222_7,¿A QUIÉN LE VENDIÓ LA PRODUCCIÓN DE …………? Otro,N,1,,23
P223_1,"¿LA VENTA DE SU PRODUCCIÓN FUE PARA: Mercado local (feria local, centro de acopio local)?",N,1,,23
P223_2,"¿LA VENTA DE SU PRODUCCIÓN FUE PARA: Mercado regional (feria regional, centro de acopio regional)?",N,1,,23
P223_3,¿LA VENTA DE SU PRODUCCIÓN FUE PARA: Mercado exterior?,N,1,,23
P223_4,¿LA VENTA DE SU PRODUCCIÓN FUE PARA: Agroindustria?,N,1,,23
P223_5,¿LA VENTA DE SU PRODUCCIÓN FUE PARA: Mercados de Lima?,N,1,,23
P223_6,¿LA VENTA DE SU PRODUCCIÓN FUE PARA: NO SABE,N,1,,23
P223A,"LA PRODUCCIÓN DE…………, ¿SE VIÓ AFECTADA?",N,1,,23
P223B_1,¿QUÉ FACTORES AFECTARON LA PRODUCCIÓN DE………..? Sequía,N,1,,23
P223B_2,¿QUÉ FACTORES AFECTARON LA PRODUCCIÓN DE………..? Bajas temperaturas,N,1,,24
P223B_3,¿QUÉ FACTORES AFECTARON LA PRODUCCIÓN DE………..? Heladas,N,1,,24
P223B_4,¿QUÉ FACTORES AFECTARON LA PRODUCCIÓN DE………..? Granizadas,N,1,,24
P223B_5,¿QUÉ FACTORES AFECTARON LA PRODUCCIÓN DE………..? Friaje,N,1,,24
P223B_6,¿QUÉ FACTORES AFECTARON LA PRODUCCIÓN DE………..? Lluvias a destiempo,N,1,,24
P223B_7,¿QUÉ FACTORES AFECTARON LA PRODUCCIÓN DE………..? Plagas y enfermedades,N,1,,24
P223B_8,¿QUÉ FACTORES AFECTARON LA PRODUCCIÓN DE………..? OTRO,N,1,,24
OMICAP200,OMISIÓN DE CULTIVOS COSECHADOS EN LA UNIDAD AGROPECUARIA,AN,2,,24
P218C_NRO,CORTE/PASTOREO N°,N,2,,25
P218C_PROD_CORTE_ENT,"¿CUÁL FUE LA PRODUCCIÓN POR….DE..., QUE COSECHÓ DE…A…? CANTIDAD ENTERO",N,8,,25
P218C_PROD_CORTE_DEC,"¿CUÁL FUE LA PRODUCCIÓN POR….DE..., QUE COSECHÓ DE…A…? CANTIDAD DECIMAL",AN,3,,25
OMICAP200_05,OMISIÓN DE PRODUCCIÓN POR CORTES O PASTOREO,AN,2,,26
P224B,"EN ESTA PARCELA EN LOS ULTIMOS 12 MESES, DE……A…….., ¿EN QUE CULTIVOS SEMBRADOS/INSTALADOS TUVO PERDIDA TOTAL DE PRODUCCIÓN O SUPERFICIE? CULTIVO N°",N,3,,27
P224B_NOM,"EN ESTA PARCELA EN LOS ULTIMOS 12 MESES, DE……A…….., ¿EN QUE CULTIVOS SEMBRADOS/INSTALADOS TUVO PERDIDA TOTAL DE PRODUCCIÓN O SUPERFICIE? NOMBRE",A,50,,27
P224B_COD,CÓDIGO DE CULTIVO,N,4,,27
P224B_TIPO,"EN ESTA PARCELA EN LOS ULTIMOS 12 MESES, DE ….. A ….. ¿EN QUE CULTIVOS SEMBRADOS/INSTALADOS TUVO PERDIDA TOTAL DE PRODUCCIÓN O SUPERFICIE? TIPO DE CULTIVO",N,1,,27
P224D_SUP_1,¿CUÁL FUE LA SUPERFICIE SEMBRADA/ INSTALADA DE ……….? SUPERFICIE_ENTERO,N,6,,27
P224D_SUP_2,¿CUÁL FUE LA SUPERFICIE SEMBRADA/ INSTALADA DE ……….? SUPERFICIE_DECIMAL,AN,3,,27
P224E_1,"¿CUÁL FUE EL MOTIVO DE LA PÉRDIDA TOTAL DE PRODUCCIÓN O SUPERFICIE? Fue afectada por huaycos, deslizamientos o derrumbes",N,1,,28
P224E_2,¿CUÁL FUE EL MOTIVO DE LA PÉRDIDA TOTAL DE PRODUCCIÓN O SUPERFICIE? Fue afectada por inundaciones,N,1,,28
P224E_3,¿CUÁL FUE EL MOTIVO DE LA PÉRDIDA TOTAL DE PRODUCCIÓN O SUPERFICIE? Fue afectada por plagas y/o enfermedades,N,1,,28
P224E_4,¿CUÁL FUE EL MOTIVO DE LA PÉRDIDA TOTAL DE PRODUCCIÓN O SUPERFICIE? Fue afectada por heladas,N,1,,28
P224E_5,¿CUÁL FUE EL MOTIVO DE LA PÉRDIDA TOTAL DE PRODUCCIÓN O SUPERFICIE? Fue afectada por granizada,N,1,,28
P224E_6,¿CUÁL FUE EL MOTIVO DE LA PÉRDIDA TOTAL DE PRODUCCIÓN O SUPERFICIE? Fue afectada por sequía,N,1,,28
P224E_7,¿CUÁL FUE EL MOTIVO DE LA PÉRDIDA TOTAL DE PRODUCCIÓN O SUPERFICIE? Otro,N,1,,28
OMICAP200_00,OMISIÓN DE PÉRDIDA TOTAL DE PRODUCCIÓNO SUPERFICIE SEMBRADA,AN,2,,28
P229C,DERIVADOS N°,N,2,,29
P204_NOM_200C,NOMBRE DEL CULTIVO,A,50,,29
P204_COD_200C,CÓDIGO DEL CULTIVO,AN,30,,29
P229C_NOM,¿QUÉ DERIVADOS AGRÍCOLAS ELABORÓ? NOMBRE DEL DERIVADO,A,100,,29
P229C_COD,¿QUÉ DERIVADOS AGRÍCOLAS ELABORÓ? CÓDIGO DEL DERIVADO,N,4,,29
P229D_CANT_ENT,¿CUÁNTA FUE LA PRODUCCIÓN TOTAL DE ………………? CANTIDAD EN ENTERO,N,8,,29
P229D_CANT_DEC,¿CUÁNTA FUE LA PRODUCCIÓN TOTAL DE ………………? CANTIDAD EN DECIMAL,AN,3,,29
P229D_UM,¿CUÁNTA FUE LA PRODUCCIÓN TOTAL DE ………………? UNIDAD DE MEDIDA,A,50,,29
P229D_UM_COD,¿CUÁNTA FUE LA PRODUCCIÓN TOTAL DE ………………? CÓDIGO DE UNIDAD DE MEDIDA,AN,2,,29
P229D_EQUIV,"¿CUÁNTA FUE LA PRODUCCIÓN TOTAL DE ………………? ¿CUÁNTO PESA UN/A ………………, EN KILOGRAMOS?",N,12,4,30
P229E_1_CANT_ENT,"DE LA PRODUCCIÓN DE …………, ¿CUÁNTO SE DESTINÓ PARA: VENTA? CANTIDAD ENTERO",N,8,,30
P229E_1_CANT_DEC,"DE LA PRODUCCIÓN DE …………, ¿CUÁNTO SE DESTINÓ PARA: VENTA? CANTIDAD DECIMAL",AN,3,,30
P229E_PREC_ENT,"DE LA PRODUCCIÓN DE …………, ¿CUÁNTO SE DESTINÓ PARA: VENTA? PRECIO UNITARIO ENTERO",N,8,,30
P229E_PREC_DEC,"DE LA PRODUCCIÓN DE …………, ¿CUÁNTO SE DESTINÓ PARA: VENTA? PRECIO UNITARIO DECIMAL",AN,2,,30
P229E_VAL,"DE LA PRODUCCIÓN DE …………, ¿CUÁNTO SE DESTINÓ PARA: VENTA? VALOR S/ (Enteros)",N,8,,30
P229E_1_PRE_KG,"DE LA PRODUCCIÓN DE ……….., ¿CUÁNTO SE DESTINÓ PARA: VENTA? PRECIO POR KILOGRAMO",N,10,4,30
P229E_2_ENT,"DE LA PRODUCCIÓN DE …………, ¿CUÁNTO SE DESTINÓ PARA: CONSUMO DEL HOGAR ? CANTIDAD ENTERO",N,8,,30
P229E_2_DEC,"DE LA PRODUCCIÓN DE …………, ¿CUÁNTO SE DESTINÓ PARA: CONSUMO DEL HOGAR? CANTIDAD DECIMAL",AN,3,,30
P229E_3_ENT,"DE LA PRODUCCIÓN DE …………, ¿CUÁNTO SE DESTINÓ PARA: OTROS (Donaciones, robo,etc.) ENTERO",N,8,,30
P229E_3_DEC,"DE LA PRODUCCIÓN DE …………, ¿CUÁNTO SE DESTINÓ PARA: OTROS (Donaciones, robo,etc.) DECIMAL",AN,3,,30
OMICAP200_02,OMISIÓN DE DERIVADOS AGRÍCOLAS,AN,2,,30
P229G_N,SUBPRODUCTOS N°,N,2,,31
P204_NOM_200D,NOMBRE DEL CULTIVO,A,50,,31
P204_COD_200D,CÓDIGO DEL CULTIVO,N,4,,31
P229G_NOM,¿QUÉ SUBPRODUCTOS AGRÍCOLAS OBTUVO? NOMBRE DEL SUBPRODUCTO,A,50,,31
P229G_COD,¿QUÉ SUBPRODUCTOS AGRÍCOLAS OBTUVO? CÓDIGO DEL SUBPRODUCTO,N,4,,31
P229H_CANT_ENT,¿CUÁNTA FUE LA PRODUCCIÓN TOTAL DE… ? CANTIDAD ENTERO,N,8,,31
P229H_CANT_DEC,¿CUÁNTA FUE LA PRODUCCIÓN TOTAL DE…? CANTIDAD DECIMAL,AN,3,,31
P229H_UM,¿CUÁNTA FUE LA PRODUCCIÓN TOTAL DE…? UNIDAD DE MEDIDA,A,50,,31
P229H_UM_COD,¿CUÁNTA FUE LA PRODUCCIÓN TOTAL DE…? CÓDIGO DE UNIDAD DE MEDIDA,AN,2,,31
P229H_EQUIV,¿CUÁNTA FUE LA PRODUCCIÓN TOTAL DE…? ¿CUÁNTO PESA UN/A…. EN KILOGRAMOS?,N,11,4,32
P229I_1_CANT_ENT,"DE LA PRODUCCIÓN DE …………, ¿CUÁNTO SE DESTINÓ PARA: VENTA? CANTIDAD ENTERO",N,8,,32
P229I_1_CANT_DEC,"DE LA PRODUCCIÓN DE …………, ¿CUÁNTO SE DESTINÓ PARA: VENTA? CANTIDAD DECIMAL",AN,3,,32
P229I_PREC_ENT,"DE LA PRODUCCIÓN DE …………, ¿CUÁNTO SE DESTINÓ PARA: VENTA? PRECIO UNITARIO ENTERO",N,8,,32
P229I_PREC_DEC,"DE LA PRODUCCIÓN DE …………, ¿CUÁNTO SE DESTINÓ PARA: VENTA? PRECIO UNITARIO DECIMAL",AN,2,,32
P229I_VAL,"DE LA PRODUCCIÓN DE …………, ¿CUÁNTO SE DESTINÓ PARA: VENTA? VALOR S/ (Enteros)",N,8,,32
P229I_1_PRE_KG,"DE LA PRODUCCIÓN DE ……….., ¿CUÁNTO SE DESTINÓ PARA: VENTA? PRECIO POR KILOGRAMO",N,10,4,32
P229I_2_ENT,"DE LA PRODUCCIÓN DE …………, ¿CUÁNTO SE DESTINÓ PARA: ALIMENTO DE SUS ANIMALES DE CRIANZA? ENTERO",N,8,,32
P229I_2_DEC,"DE LA PRODUCCIÓN DE …………, ¿CUÁNTO SE DESTINÓ PARA: ALIMENTO DE SUS ANIMALES DE CRIANZA? DECIMAL",AN,3,,32
P229I_3_ENT,"DE LA PRODUCCIÓN DE …………, ¿CUÁNTO SE DESTINÓ PARA: OTROS(Donaciones, robo,etc.)? ENTERO",N,8,,32
P229I_3_DEC,"DE LA PRODUCCIÓN DE …………, ¿CUÁNTO SE DESTINÓ PARA: OTROS(Donaciones, robo,etc.)? DECIMAL",AN,3,,32
OMICAP200_03,OMISIÓN DE SUBPRODUCTOS AGRÍCOLAS,AN,2,,32
P234_N,CULTIVO N°,N,3,,33
P234_NOM,NOMBRE Y TIPO DE CULTIVO COSECHADO EN LOS ÚLTIMOS 12 MESES EN LA UNIDAD AGROPECUARIA,A,50,,33
P234_COD,CÓDIGO DE CULTIVO,N,4,,33
P234_TIPO,TIPO DE CULTIVO,N,1,,33
P235A_1,"PARA LA SIEMBRA DE …………, ¿LAS SEMILLAS FUERON: Propias?",N,1,,33
P235A_2,"PARA LA SIEMBRA DE …………, ¿LAS SEMILLAS FUERON: Obtenidas por intercambio con otros/as productores/as?",N,1,,33
P235A_3,"PARA LA SIEMBRA DE …………, ¿LAS SEMILLAS FUERON: Compradas a otros/as productores/as?",N,1,,33
P235A_4,"PARA LA SIEMBRA DE …………, ¿LAS SEMILLAS FUERON: Compradas a semilleros?",N,1,,33
P235A_5,"PARA LA SIEMBRA DE …………, ¿LAS SEMILLAS FUERON: Compradas a viveros?",N,1,,34
P235A_6,"PARA LA SIEMBRA DE …………, ¿LAS SEMILLAS FUERON: Regaladas?",N,1,,34
P235A_7,"PARA LA SIEMBRA DE …………, ¿LAS SEMILLAS FUERON: Donadas por instituciones?",N,1,,34
P235A_8,"PARA LA SIEMBRA DE …………, ¿LAS SEMILLAS FUERON: Recibidas como parte de pago del acopiador?",N,1,,34
P235A_9,"PARA LA SIEMBRA DE …………, ¿LAS SEMILLAS FUERON: Compradas en establecimientos comerciales?",N,1,,34
P235A_10,"PARA LA SIEMBRA DE …………, ¿LAS SEMILLAS FUERON: Otro",N,1,,34
P235_VAL,"EN LOS ÚLTIMOS 12 MESES, DE ………… A …………, ¿CUÁNTO GASTÓ EN SEMILLA? VALOR S/ (Enteros)",N,8,,34
P235_CANT_1,"EN LOS ÚLTIMOS 12 MESES, DE ………… A …………, ¿CUÁNTO GASTÓ EN SEMILLA? CANTIDAD ENTERO",N,8,,34
P235_CANT_2,"EN LOS ÚLTIMOS 12 MESES, DE ………… A …………, ¿CUÁNTO GASTÓ EN SEMILLA? CANTIDAD DECIMAL",AN,3,,34
P235_UM,"EN LOS ÚLTIMOS 12 MESES, DE ………… A …………, ¿CUÁNTO GASTÓ EN SEMILLA? UNIDAD DE MEDIDA",A,50,,34
P235_UM_COD,"EN LOS ÚLTIMOS 12 MESES, DE ………… A …………, ¿CUÁNTO GASTÓ EN SEMILLA? CÓDIGO UNIDAD DE MEDIDA",AN,2,,34
P235_EQUI_KG,"EN LOS ÚLTIMOS 12 MESES, DE ………… A …………, ¿CUÁNTO GASTÓ EN SEMILLA?¿CUÁNTO PESA UN/A ....EN KILOGRAMOS?",N,12,4,34
P235_PRE_UM,"EN LOS ÚLTIMOS 12 MESES, DE ………… A …………, ¿CUÁNTO GASTÓ EN SEMILLA? PRECIO DE GASTO EN SEMILLA POR UNIDAD DE MEDIDA",N,10,4,34
P235_PRE_KG,"EN LOS ÚLTIMOS 12 MESES, DE ………… A …………, ¿CUÁNTO GASTÓ EN SEMILLA? PRECIO DE GASTO EN SEMILLA POR KILOGRAMO",N,10,4,34
P236,"EN LOS ÚLTIMOS 12 MESES, DE ………… A …………, ¿CUÁNTO GASTÓ EN ABONO? EN LOS ÚLTIMOS 12 MESES, DE…A…. , ¿UTILIZÓ ABONO?",N,1,,34
P237_VAL,¿CUÁNTO GASTÓ EN ABONO? VALOR S/ (Enteros),N,8,,34
P237_CANT_1,¿CUÁNTO GASTÓ EN ABONO? CANTIDAD ENTERO,N,8,,34
P237_CANT_2,¿CUÁNTO GASTÓ EN ABONO? CANTIDAD DECIMAL,AN,2,,34
P237_UM,¿CUÁNTO GASTÓ EN ABONO? UNIDAD DE MEDIDA,A,50,,34
P237_UM_COD,¿CUÁNTO GASTÓ EN ABONO? CÓDIGO UNIDAD DE MEDIDA,AN,2,,34
P237_EQUI_KG,¿CUÁNTO GASTÓ EN ABONO? ¿CUÁNTO PESA UN/A ....EN KILOGRAMOS?,N,12,4,34
P237_PRE_UM,¿CUÁNTOGASTÓENABONO?PRECIODEGASTO EN ABONO POR UNIDAD DE MEDIDA,N,10,4,34
P237_PRE_KG,¿CUÁNTOGASTÓENABONO?PRECIODEGASTO EN ABONO POR KILOGRAMO,N,10,4,35
P238,"EN LOS ÚLTIMOS 12 MESES, DE…A…. , ¿UTILIZÓ FERTILIZANTES?",N,1,,35
P239,¿CUÁNTO GASTÓ EN FERTILIZANTES? VALOR S/ (Enteros),N,8,,35
P240,"EN LOS ÚLTIMOS 12 MESES, DE…A…. , ¿UTILIZÓ PLAGUICIDAS?",N,1,,35
P241,¿CUÁNTO GASTÓ EN PLAGUICIDAS? VALOR S/ (Enteros),N,8,,35
OMICAP200_04,OMISIÓN DE COSTOS DE PRODUCCIÓN DE CULTIVOS COSECHADOS,AN,2,,35
P301A_1,COMO PRODUCTOR/A INDEPENDIENTE ¿UD. REALIZA LA PRÁCTICA AGRÍCOLA DE: Análisis de suelos?,N,1,,36
P302A_1,¿HACE CUÁNTOS AÑOS LA REALIZA? Análisis de suelos?,N,2,,36
P301A_2,"COMO PRODUCTOR/A INDEPENDIENTE ¿UD. REALIZA LA PRÁCTICA AGRÍCOLA DE: Mezclar la tierra con materia orgánica (rastrojos, estiércol, compost, humus, etc.)?",N,1,,36
P302A_2,"¿HACE CUÁNTOS AÑOS LA REALIZA? Mezclar la tierra con materia orgánica (rastrojos, estiércol, compost, humus, etc.)?",N,2,,36
P301A_3,COMO PRODUCTOR/A INDEPENDIENTE ¿UD. REALIZA LA PRÁCTICA AGRÍCOLA DE: Rotar los cultivos para proteger el suelo?,N,1,,36
P302A_3,¿HACE CUÁNTOS AÑOS LA REALIZA? Rotar los cultivos para proteger el suelo?,N,2,,36
P301A_4,"COMO PRODUCTOR/A INDEPENDIENTE ¿UD. REALIZA LA PRÁCTICA AGRÍCOLA DE: Construir terrazas, zanjas de infiltración o rehabilitación de andenes?",N,1,,37
P302A_4,"¿HACE CUÁNTOS AÑOS LA REALIZA? Construir terrazas, zanjas de infiltración o rehabilitación de andenes?",N,2,,37
P301A_4A,COMO PRODUCTOR/A INDEPENDIENTE ¿UD. REALIZA LA PRÁCTICA AGRÍCOLA DE: Manejo y/o recuperación de suelos erosionados?,N,1,,37
P302A_4A,¿HACE CUÁNTOS AÑOS LA REALIZA? Manejo y/o recuperación de suelos erosionados?,N,2,,37
P301A_4B,COMO PRODUCTOR/A INDEPENDIENTE ¿UD. REALIZA LA PRÁCTICA AGRÍCOLA DE: Manejo y/o recuperación de suelos compactados?,N,1,,37
P302A_4B,¿HACE CUÁNTOS AÑOS LA REALIZA? Manejo y/o recuperación de suelos compactados?,N,2,,37
P301A_4C,COMO PRODUCTOR/A INDEPENDIENTE ¿UD. REALIZA LA PRÁCTICA AGRÍCOLA DE: Manejo y/o recuperación de suelos salinos?,N,1,,37
P302A_4C,¿HACE CUÁNTOS AÑOS LA REALIZA? Manejo y/o recuperación de suelos salinos?,N,2,,37
P301A_5,COMO PRODUCTOR/A INDEPENDIENTE ¿UD. REALIZA LA PRÁCTICA AGRÍCOLA DE: Arar o voltear la tierra?,N,1,,37
P302A_5,¿HACE CUÁNTOS AÑOS LA REALIZA? Arar o voltear la tierra?,N,2,,37
P301A_6,COMO PRODUCTOR/A INDEPENDIENTE ¿UD. REALIZA LA PRÁCTICA AGRÍCOLA DE: Desterronar o desmenuzar la tierra?,N,1,,37
P302A_6,¿HACE CUÁNTOS AÑOS LA REALIZA? Desterronar o desmenuzar la tierra?,N,2,,37
P301A_7,COMO PRODUCTOR/A INDEPENDIENTE ¿UD. REALIZA LA PRÁCTICA AGRÍCOLA DE: Nivelar el campo o terreno?,N,1,,37
P302A_7,¿HACE CUÁNTOS AÑOS LA REALIZA? Nivelar el campo o terreno?,N,2,,37
P301A_8,COMO PRODUCTOR/A INDEPENDIENTE ¿UD. REALIZA LA PRÁCTICA AGRÍCOLA DE: Realizar surcos en contorno a la pendiente del terreno?,N,1,,37
P302A_8,¿HACE CUÁNTOS AÑOS LA REALIZA? Realizar surcos en contorno a la pendiente del terreno?,N,2,,37
P301A_9,COMO PRODUCTOR/A INDEPENDIENTE ¿UD. REALIZA LA PRÁCTICA AGRÍCOLA DE: Determinar la cantidad de agua que necesita su cultivo?,N,1,,37
P302A_9,¿HACE CUÁNTOS AÑOS LA REALIZA? Determinar la cantidad de agua que necesita su cultivo?,N,2,,37
P301A_10,COMO PRODUCTOR/A INDEPENDIENTE ¿UD. REALIZA LA PRÁCTICA AGRÍCOLA DE: Determinar cada cuánto tiempo debe regar su cultivo?,N,1,,37
P302A_10,¿HACE CUÁNTOS AÑOS LA REALIZA? Determinar cada cuánto tiempo debe regar su cultivo?,N,2,,37
P301A_11,COMO PRODUCTOR/A INDEPENDIENTE ¿UD. REALIZA LA PRÁCTICA AGRÍCOLA DE: Medir la cantidad de agua que ingresa a su parcela (Medición con equipos o método empírico)?,N,1,,37
P302A_11,¿HACE CUÁNTOS AÑOS LA REALIZA? Medir la cantidad de agua que ingresa a su parcela (Medición con equipos o método empírico)?,N,2,,38
P301A_12,COMO PRODUCTOR/A INDEPENDIENTE ¿UD. REALIZA LA PRÁCTICA AGRÍCOLA DE: Mantenimiento de su sistema de riego?,N,1,,38
P302A_12,¿HACE CUÁNTOS AÑOS LA REALIZA? Mantenimiento de su sistema de riego?,N,2,,38
P301A_12A,COMO PRODUCTOR/A INDEPENDIENTE ¿UD. REALIZA LA PRÁCTICA AGRÍCOLA DE: Análisis de agua?,N,1,,38
P302A_12A,¿HACE CUÁNTOS AÑOS LA REALIZA? Análisis de agua?,N,2,,38
P301A_12B,COMO PRODUCTOR/A INDEPENDIENTE ¿UD. REALIZA LA PRÁCTICA AGRÍCOLA DE: Construcción de diques? (Solo para la región Sierra),N,1,,38
P302A_12B,¿HACE CUÁNTOS AÑOS LA REALIZA? Construcción de diques? (Solo para la región Sierra),N,2,,38
P301A_12C,COMO PRODUCTOR/A INDEPENDIENTE ¿UD. REALIZA LA PRÁCTICA AGRÍCOLA DE: Construcción de waru waru? (Solo para la región Sierra),N,1,,38
P302A_12C,¿HACE CUÁNTOS AÑOS LA REALIZA? Construcción de waru waru? (Solo para la región Sierra),N,2,,38
P301A_13,COMO PRODUCTOR/A INDEPENDIENTE ¿UD. REALIZA LA PRÁCTICA AGRÍCOLA DE: Usar abonos?,N,1,,38
P302A_13,¿HACE CUÁNTOS AÑOS LA REALIZA? Usar abonos?,N,2,,38
P301A_14,COMO PRODUCTOR/A INDEPENDIENTE ¿UD. REALIZA LA PRÁCTICA AGRÍCOLA DE: Usar fertilizantes?,N,1,,38
P302A_14,¿HACE CUÁNTOS AÑOS LA REALIZA? Usar fertilizantes?,N,2,,38
P301A_15,"COMO PRODUCTOR/A INDEPENDIENTE ¿UD. REALIZA LA PRÁCTICA AGRÍCOLA DE: Usar plaguicidas como: Insecticidas, fungicidas, herbicidas, acaricidas, bactericidas, nematicidas, rodenticidas, molusquicidas, etc.?",N,1,,38
P302A_15,"¿HACE CUÁNTOS AÑOS LA REALIZA? Usar plaguicidas como: Insecticidas, fungicidas, herbicidas, acaricidas, bactericidas, nematicidas, rodenticidas, molusquicidas, etc.?",N,2,,38
P301A_16,COMO PRODUCTOR/A INDEPENDIENTE ¿UD. REALIZA LA PRÁCTICA AGRÍCOLA DE: Usar control biológico?,N,1,,38
P302A_16,¿HACE CUÁNTOS AÑOS LA REALIZA? Usar control biológico?,N,2,,38
P301A_17,COMO PRODUCTOR/A INDEPENDIENTE ¿UD. REALIZA LA PRÁCTICA AGRÍCOLA DE: Usar manejo integrado de plagas?,N,1,,38
P302A_17,¿HACE CUÁNTOS AÑOS LA REALIZA? Aplicar manejo integrado de plagas?,N,2,,38
P303B,¿Considera que usa la cantidad necesaria de abonos?,N,1,,38
P304B,¿Considera que los abonos que usa son de buena calidad?,N,1,,38
P305B,"¿Anota o registra el uso de abonos (fecha, cantidad usada, etc.)?",N,1,,38
P306B,"¿El uso de abonos fue recomendado por un especialista (técnico agrícola, ingeniero agrónomo, asesor de tienda de agroquímicos autorizada)?",N,1,,39
P307B,"¿Para el uso de abonos, cumple con la dosis recomendada por el especialista?",N,1,,39
P308B,"¿Cumple con las condiciones de almacenamiento de abonos, recomendadas por el especialista?",N,1,,39
P309B,¿Considera que usa la cantidad necesaria de fertilizantes?,N,1,,39
P310B,¿Considera que los fertilizantes que usa son de buena calidad?,N,1,,39
P311B,"¿Anota o registra el uso de fertilizantes (fecha, cantidad usada, etc.)?",N,1,,39
P312B,"¿El uso de fertilizantes fue recomendado por un especialista (técnico agrícola, ingeniero agrónomo, asesor de tienda de agroquímicos autorizada)?",N,1,,39
P313B,"¿Para el uso de fertilizantes, cumple con la dosis recomendada por el especialista?",N,1,,39
P314B,"¿Cumple con las condiciones de almacenamiento de fertilizantes, recomendadas por el especialista?",N,1,,39
P315B,¿Considera que usa la cantidad necesaria de plaguicidas?,N,1,,39
P316B,"En general, ¿Considera que los plaguicidas que usa son de buena calidad?",N,1,,39
P317B,"¿Anota o registra el uso de plaguicidas (fecha, cantidad usada, etc.)?",N,1,,39
P318B,"¿El uso de plaguicidas fue recomendado por un especialista (técnico agrícola, ingeniero agrónomo, asesor de tienda de agroquímicos autorizada)?",N,1,,39
P319B,¿Los plaguicidas que usa son de tipo químico?,N,1,,39
P320B,"¿Antes del uso de plaguicidas lee la información del envase (fecha de vencimiento, condiciones de uso, indicaciones de uso)?",N,1,,39
P321B,¿Para el uso de plaguicidas cumple con la dosis indicada en el envase?,N,1,,39
P322B,¿Aplica los plaguicidas solo en los cultivos indicados en el envase?,N,1,,39
P323B,¿Cumple con el tiempo recomendado entre la última aplicación del plaguicida y el periodo de cosecha?,N,1,,39
P324B,¿Almacena los plaguicidas en un lugar alejado de las personas y alimentos?,N,1,,39
P325B_1,¿QUÉ EQUIPO DE PROTECCIÓN USA PARA LA APLICACIÓN DE LOS PLAGUICIDAS? 1. Guantes,N,1,,39
P325B_2,¿QUÉ EQUIPO DE PROTECCIÓN USA PARA LA APLICACIÓN DE LOS PLAGUICIDAS? 2. Mascarilla,N,1,,39
P325B_3,¿QUÉ EQUIPO DE PROTECCIÓN USA PARA LA APLICACIÓN DE LOS PLAGUICIDAS? 3. Botas,N,1,,39
P325B_4,¿QUÉ EQUIPO DE PROTECCIÓN USA PARA LA APLICACIÓN DE LOS PLAGUICIDAS? 4. Mameluco,N,1,,39
P325B_5,¿QUÉ EQUIPO DE PROTECCIÓN USA PARA LA APLICACIÓN DE LOS PLAGUICIDAS? 5. Lentes,N,1,,39
P325B_6,¿QUÉ EQUIPO DE PROTECCIÓN USA PARA LA APLICACIÓN DE LOS PLAGUICIDAS? 6. Otro,N,1,,39
P325B_7,¿QUÉ EQUIPO DE PROTECCIÓN USA PARA LA APLICACIÓN DE LOS PLAGUICIDAS? 7. NINGUNO,N,1,,39
P326B_1,"¿QUÉ HACE CON LOS ENVASES VACIOS DE LOS PLAGUICIDAS (Insecticidas, fungicidas, herbicidas, acaricidas, bactericidas, nematicidas, rodenticidas, molusquicidas, etc)? 1. Quema/incinera",N,1,,39
P326B_2,"¿QUÉ HACE CON LOS ENVASES VACIOS DE LOS PLAGUICIDAS (Insecticidas, fungicidas, herbicidas, acaricidas, bactericidas, nematicidas, rodenticidas, molusquicidas, etc)? 2. Entierra",N,1,,40
P326B_3,"¿QUÉ HACE CON LOS ENVASES VACIOS DE LOS PLAGUICIDAS (Insecticidas, fungicidas, herbicidas, acaricidas, bactericidas, nematicidas, rodenticidas, molusquicidas, etc)? 3. Arroja a canal de regadío, río o acequia",N,1,,40
P326B_4,"¿QUÉ HACE CON LOS ENVASES VACIOS DE LOS PLAGUICIDAS (Insecticidas, fungicidas, herbicidas, acaricidas, bactericidas, nematicidas, rodenticidas, molusquicidas, etc)? 4. Deja en el campo de cultivo",N,1,,40
P326B_5,"¿QUÉ HACE CON LOS ENVASES VACIOS DE LOS PLAGUICIDAS (Insecticidas, fungicidas, herbicidas, acaricidas, bactericidas, nematicidas, rodenticidas, molusquicidas, etc)? 5. Efectúa el triple lavado",N,1,,40
P326B_6,"¿QUÉ HACE CON LOS ENVASES VACIOS DE LOS PLAGUICIDAS (Insecticidas, fungicidas, herbicidas, acaricidas, bactericidas, nematicidas, rodenticidas, molusquicidas, etc)? 6. Deposita en almacén temporal",N,1,,40
P326B_7,"¿QUÉ HACE CON LOS ENVASES VACIOS DE LOS PLAGUICIDAS (Insecticidas, fungicidas, herbicidas, acaricidas, bactericidas, nematicidas, rodenticidas, molusquicidas, etc)? 7. Otro",N,1,,40
P327B,¿Realiza evaluación de plagas cuando aplica control biológico?,N,1,,40
P328B,"¿Anota o registra la aplicación del control biológico (fecha, cantidad usada, etc.)?",N,1,,40
P329B_1,"¿QUÉ TIPO DE CONTROL UTILIZA CUANDO APLICA MANEJO INTEGRADO DE PLAGAS? 1. Control cultural (podas, preparación, limpieza de campo, etc.)",N,1,,40
P329B_2,"¿QUÉ TIPO DE CONTROL UTILIZA CUANDO APLICA MANEJO INTEGRADO DE PLAGAS? 2. Control físico (barreras naturales, cercos vivos)",N,1,,40
P329B_3,¿QUÉ TIPO DE CONTROL UTILIZA CUANDO APLICA MANEJO INTEGRADO DE PLAGAS? 3. Control biológico,N,1,,40
P329B_4,¿QUÉ TIPO DE CONTROL UTILIZA CUANDO APLICA MANEJO INTEGRADO DE PLAGAS? 4. Control químico (plaguicidas),N,1,,40
P329B_5,¿QUÉ TIPO DE CONTROL UTILIZA CUANDO APLICA MANEJO INTEGRADO DE PLAGAS? 5. Control etológico,N,1,,40
P329B_6,¿QUÉ TIPO DE CONTROL UTILIZA CUANDO APLICA MANEJO INTEGRADO DE PLAGAS? 6. Otro,N,1,,40
P330B,"¿ANOTA O REGISTRA LA APLICACIÓN DEL MANEJO INTEGRADO DE PLAGAS (FECHA, CANTIDAD USADA, ETC.)?",N,1,,40
OMICAP300,OMISIÓN DE BUENAS PRÁCTICAS AGRÍCOLAS,AN,2,,40
P401,¿ACTUALMENTE LA EMPRESA/UD. CRÍA……………. DENTRO O FUERA DE LAS PARCELAS O CHACRAS PERO DENTRO DEL DISTRITO?,N,2,,41
P401B,"¿QUÉ CANTIDAD DE………, TIENE UD.? CANTIDAD (Enteros)",N,5,,41
P401C_MES,¿DESDE CUÁNDO CRÍA ………? MES,N,2,,41
P401C_ANIO,¿DESDE CUÁNDO CRÍA ………? AÑO,N,4,,41
P401D_8A_1,¿CUÁLES SON LAS LÍNEAS DE CARNE Y POSTURA DE AVES QUE SE CRÍA Y ENGORDA EN SU UNIDAD AGROPECUARIA? Cobb,N,1,,42
P401D_8A_2,¿CUÁLES SON LAS LÍNEAS DE CARNE Y POSTURA DE AVES QUE SE CRÍA Y ENGORDA EN SU UNIDAD AGROPECUARIA? Ross,N,1,,42
P401D_8A_3,¿CUÁLES SON LAS LÍNEAS DE CARNE Y POSTURA DE AVES QUE SE CRÍA Y ENGORDA EN SU UNIDAD AGROPECUARIA? Otra,N,1,,42
P401D_8B_1,¿CUÁLES SON LAS LÍNEAS DE CARNE Y POSTURA DE AVES QUE SE CRÍA Y ENGORDA EN SU UNIDAD AGROPECUARIA? Hy line,N,1,,42
P401D_8B_2,¿CUÁLES SON LAS LÍNEAS DE CARNE Y POSTURA DE AVES QUE SE CRÍA Y ENGORDA EN SU UNIDAD AGROPECUARIA? Isa,N,1,,42
P401D_8B_3,¿CUÁLES SON LAS LÍNEAS DE CARNE Y POSTURA DE AVES QUE SE CRÍA Y ENGORDA EN SU UNIDAD AGROPECUARIA? Lohman,N,1,,42
P401D_8B_4,¿CUÁLES SON LAS LÍNEAS DE CARNE Y POSTURA DE AVES QUE SE CRÍA Y ENGORDA EN SU UNIDAD AGROPECUARIA? Babcok,N,1,,42
P401D_8B_5,¿CUÁLES SON LAS LÍNEAS DE CARNE Y POSTURA DE AVES QUE SE CRÍA Y ENGORDA EN SU UNIDAD AGROPECUARIA? Bovans,N,1,,42
P401D_8B_6,¿CUÁLES SON LAS LÍNEAS DE CARNE Y POSTURA DE AVES QUE SE CRÍA Y ENGORDA EN SU UNIDAD AGROPECUARIA? Hisex,N,1,,42
P401D_8B_7,¿CUÁLES SON LAS LÍNEAS DE CARNE Y POSTURA DE AVES QUE SE CRÍA Y ENGORDA EN SU UNIDAD AGROPECUARIA? H&N,N,1,,42
P401D_8B_8,¿CUÁLES SON LAS LÍNEAS DE CARNE Y POSTURA DE AVES QUE SE CRÍA Y ENGORDA EN SU UNIDAD AGROPECUARIA? Tetra,N,1,,42
P401D_8B_9,¿CUÁLES SON LAS LÍNEAS DE CARNE Y POSTURA DE AVES QUE SE CRÍA Y ENGORDA EN SU UNIDAD AGROPECUARIA? Otra,N,1,,42
P401D_10_1,¿CUÁLES SON LAS LÍNEAS DE CARNE Y POSTURA DE AVES QUE SE CRÍA Y ENGORDA EN SU UNIDAD AGROPECUARIA? Hybrid,N,1,,42
P401D_10_2,¿CUÁLES SON LAS LÍNEAS DE CARNE Y POSTURA DE AVES QUE SE CRÍA Y ENGORDA EN SU UNIDAD AGROPECUARIA? Nicholas,N,1,,42
P401D_10_3,¿CUÁLES SON LAS LÍNEAS DE CARNE Y POSTURA DE AVES QUE SE CRÍA Y ENGORDA EN SU UNIDAD AGROPECUARIA? Hibro Nicholas,N,1,,42
P401D_10_4,¿CUÁLES SON LAS LÍNEAS DE CARNE Y POSTURA DE AVES QUE SE CRÍA Y ENGORDA EN SU UNIDAD AGROPECUARIA? Otra,N,1,,42
OMICAP400_00,OMISIÓN DE EXISTENCIA DE GANADO Y OTROS ANIMALES,AN,2,,42
P401A,"EN LOS ULTIMOS 12 MESES, DE …A… ¿UD. HA CRIADO……………. DENTRO O FUERA DE LAS PARCELAS O CHACRAS PERO DENTRO DEL DISTRITO?",N,2,,43
P402A,"¿QUÉ CANTIDAD DE ………, TENÍA EN EL MES DE ……… DEL AÑO 2023?",N,5,,43
P403A_1,"DURANTE LOS ÚLTIMOS 12 MESES, DE…………… A ……………, ¿QUÉ CANTIDAD DE …………:Nacieron? CANTIDAD (Enteros)",N,8,,44
P403A_2,"DURANTE LOS ÚLTIMOS 12 MESES, DE…………… A ……………, ¿QUÉ CANTIDAD DE …………:Compró? CANTIDAD (Enteros)",N,8,,44
P403A_2_VAL,"DURANTE LOS ÚLTIMOS 12 MESES, DE…………… A ……………, ¿QUÉ CANTIDAD DE …………:Compró? VALOR TOTAL S/ (Enteros)",N,10,,44
P403A_3,"DURANTE LOS ÚLTIMOS 12 MESES, DE…………… A ……………, ¿QUÉ CANTIDAD DE …………:Recibió donación, regalo, trueque o pago en especie? CANTIDAD (Enteros)",N,10,,44
P403A_4_1_ENT,"DURANTE LOS ÚLTIMOS 12 MESES, DE…………… A ……………, ¿QUÉ CANTIDAD DE …………:Vendió beneficiado (faenado)? CANTIDAD ENTERO",N,8,,44
P403A_4_1_DEC,"DURANTE LOS ÚLTIMOS 12 MESES, DE…………… A ……………, ¿QUÉ CANTIDAD DE …………:Vendió beneficiado (faenado)? CANTIDAD DECIMAL",AN,2,,44
P403A_4_1_VAL,"DURANTE LOS ÚLTIMOS 12 MESES, DE…………… A ……………, ¿QUÉ CANTIDAD DE …………:Vendió beneficiado (faenado)? VALOR TOTAL S/ (Enteros)",N,10,,44
P403A_4_1_PREC,"DURANTE LOS ÚLTIMOS 12 MESES, DE…………… A ……………, ¿QUÉ CANTIDAD DE …………:Vendió beneficiado (faenado)? PRECIO UNITARIO S/",N,12,4,44
P403A_4_1_PESO_ENT,"DURANTE LOS ÚLTIMOS 12 MESES, DE…………… A ……………, ¿QUÉ CANTIDAD DE …………:Vendió beneficiado (faenado)? PESO TOTAL KILÓGRAMO ENTERO",N,8,,44
P403A_4_1_PESO_DEC,"DURANTE LOS ÚLTIMOS 12 MESES, DE…………… A ……………, ¿QUÉ CANTIDAD DE …………:Vendió beneficiado (faenado)? PESO TOTAL KILÓGRAMO DECIMAL",AN,2,,44
P403A_4_1_PRE_KG,"DURANTE LOS ÚLTIMOS 12 MESES, DE…………… A ……………, ¿QUÉ CANTIDAD DE …………:Vendió beneficiado (faenado)? PRECIO POR KILÓGRAMO",N,10,4,44
P403A_4_2_ENT,"DURANTE LOS ÚLTIMOS 12 MESES, DE…………… A ……………, ¿QUÉ CANTIDAD DE …………:Vendió en pie? CANTIDAD ENTERA",N,9,,44
P403A_4_2_VAL,"DURANTE LOS ÚLTIMOS 12 MESES, DE…………… A ……………, ¿QUÉ CANTIDAD DE …………:Vendió en pie VALOR TOTAL S/ (Enteros)",N,10,,44
P403A_4_2_PREC,"DURANTE LOS ÚLTIMOS 12 MESES, DE…………… A ……………, ¿QUÉ CANTIDAD DE …………:Vendió en pie? PRECIO UNITARIO ENTERO S/",N,10,4,44
P403A_5_ENT,"DURANTE LOS ÚLTIMOS 12 MESES, DE…………… A ……………, ¿QUÉ CANTIDAD DE …………:Consumió en el Hogar? CANTIDAD ENTERO",N,5,,44
P403A_5_DEC,"DURANTE LOS ÚLTIMOS 12 MESES, DE…………… A ……………, ¿QUÉ CANTIDAD DE …………:Consumió en el Hogar? CANTIDAD DECIMAL",AN,2,,44
P403A_5_VAL,"DURANTE LOS ÚLTIMOS 12 MESES, DE…………… A ……………, ¿QUÉ CANTIDAD DE …………:Consumió en el Hogar? VALOR TOTAL S/ (Enteros)",N,10,,44
P403A_5_PREC,"DURANTE LOS ÚLTIMOS 12 MESES, DE…………… A ……………, ¿QUÉ CANTIDAD DE …………:Consumió en el Hogar? PRECIO UNITARIO ENTERO S/",N,12,4,45
P403A_6_ENT,"DURANTE LOS ÚLTIMOS 12 MESES, DE…………… A ……………, ¿QUÉ CANTIDAD DE …………:Dio en trueque? CANTIDAD ENTERO",N,10,,45
P403A_6_DEC,"DEBE DECIR: DURANTE LOS ÚLTIMOS 12 MESES, DE…………… A ……………, ¿QUÉ CANTIDAD DE …………:Dio en trueque? CANTIDAD DECIMAL",AN,2,,45
P403A_7_ENT,"DEBE DECIR: DURANTE LOS ÚLTIMOS 12 MESES, DE…..A….., ¿QUÉ CANTIDAD DE…………: Murieron? CANTIDAD ENTERO",N,8,,45
P403A_8_ENT,"DURANTE LOS ÚLTIMOS 12 MESES, DE…………… A ……………, ¿QUÉ CANTIDAD DE …………:Se destinó a la elaboración de derivados? CANTIDAD ENTERO",N,6,,45
P403A_8_DEC,"DURANTE LOS ÚLTIMOS 12 MESES, DE…………… A ……………, ¿QUÉ CANTIDAD DE …………:Se destinó a la elaboración de derivados? CANTIDAD DECIMAL",AN,2,,45
P403A_9_ENT,"DURANTE LOS ÚLTIMOS 12 MESES, DE…………… A ……………, ¿QUÉ CANTIDAD DE …………:Dio en donación, robados o como pago en especie? CANTIDAD ENTERO",N,8,,45
P403A_9_DEC,"DURANTE LOS ÚLTIMOS 12 MESES, DE…………… A ……………, ¿QUÉ CANTIDAD DE …………:Dio en donación, robados o como pago en especie? CANTIDAD DECIMAL",AN,2,,45
P403B_1,¿A QUIÉN LE VENDIÓ LA PRODUCCIÓN DE …………? Acopiador,N,1,,45
P403B_2,¿A QUIÉN LE VENDIÓ LA PRODUCCIÓN DE …………? Comerciante mayorista,N,1,,45
P403B_3,¿A QUIÉN LE VENDIÓ LA PRODUCCIÓN DE …………? Comerciante minorista,N,1,,45
P403B_4,¿A QUIÉN LE VENDIÓ LA PRODUCCIÓN DE …………? Asociación / cooperativa,N,1,,45
P403B_5,¿A QUIÉN LE VENDIÓ LA PRODUCCIÓN DE …………? Empresa / agroindustria,N,1,,45
P403B_6,¿A QUIÉN LE VENDIÓ LA PRODUCCIÓN DE …………? Consumidor final,N,1,,45
P403B_7,¿A QUIÉN LE VENDIÓ LA PRODUCCIÓN DE …………? Otro,N,1,,45
P403AA_1,¿LA VENTA DE……… SE REALIZÓ EN: Donde cría sus animales?,N,1,,45
P403AA_2,¿LA VENTA DE……… SE REALIZÓ EN: Mercado local (Feria local)?,N,1,,45
P403AA_3,¿LA VENTA DE……… SE REALIZÓ EN: Matadero local (Camal local)?,N,1,,45
P403AA_4,¿LA VENTA DE……… SE REALIZÓ EN: Mercado regional (Feria regional)?,N,1,,45
P403AA_5,¿LA VENTA DE……… SE REALIZÓ EN: Matadero regional (Camal regional)?,N,1,,45
P403AA_6,¿LA VENTA DE……… SE REALIZÓ EN: Matadero de Lima (Camal de Lima)?,N,1,,45
P403AA_7,¿LA VENTA DE……… SE REALIZÓ EN: Mercado exterior?,N,1,,45
P403AA_8,¿LA VENTA DE……… SE REALIZÓ EN: Agroindustria?,N,1,,45
P403AA_9,¿LA VENTA DE……… SE REALIZÓ EN: Mercado de Lima?,N,1,,45
P403AA_10,¿LA VENTA DE……… SE REALIZÓ EN: Otro?,N,1,,46
P403C_1,¿QUÉ FACTORES OCASIONARON LA MUERTE DE SUS ……….? Pobreza de pasturas,N,1,,46
P403C_2,¿QUÉ FACTORES OCASIONARON LA MUERTE DE SUS ……….? No hay suficiente forraje,N,1,,46
P403C_3,¿QUÉ FACTORES OCASIONARON LA MUERTE DE SUS ……….? Acceso limitado de agua y energía,N,1,,46
P403C_4,¿QUÉ FACTORES OCASIONARON LA MUERTE DE SUS ……….? Falta de control sanitario,N,1,,46
P403C_5,¿QUÉ FACTORES OCASIONARON LA MUERTE DE SUS ……….? Muerte por accidente,N,1,,46
P403C_6,¿QUÉ FACTORES OCASIONARON LA MUERTE DE SUS ……….? Falta de infraestructura de protección,N,1,,46
P403C_7,¿QUÉ FACTORES OCASIONARON LA MUERTE DE SUS ……….? Heladas,N,1,,46
P403C_8,¿QUÉ FACTORES OCASIONARON LA MUERTE DE SUS ……….? Estiaje,N,1,,46
P403C_9,¿QUÉ FACTORES OCASIONARON LA MUERTE DE SUS ……….? Otro,N,1,,46
P404A,"¿QUÉ CANTIDAD DE ………, TUVO EL MES ANTERIOR?",N,9,,46
P404_C,"Calculo automático de: ¿Qué cantidad de …, tuvo el mes anterior?",N,9,,46
P404AA_1,"En los últimos 12 meses, de……a ……,¿La crianza de ………… se realizó en un: Establo lechero?",N,1,,46
P404AA_2,"En los últimos 12 meses, de……a ……,¿La crianza de ………… se realizó en un: Centro de engorde vacuno?",N,1,,46
P404AA_3,"En los últimos 12 meses, de……a ……,¿La crianza de ………… se realizó en una: Granja porcina?",N,1,,46
P404AA_4,"En los últimos 12 meses, de……a ……,¿La crianza de ………… se realizó en una: Granja de cuyes?",N,1,,46
P404AA_5,"En los últimos 12 meses, de……a ……,¿La crianza de ………… se realizó en una: Granja avícola?",N,1,,46
P404AA_6,"En los últimos 12 meses, de……a ……,¿La crianza de ………… se realizó en un: NINGUNO",N,1,,46
P404B,La granja avícola es de:,N,1,,46
OMICAP400,OMISIÓN EN PRODUCCIÓN PECUARIA,AN,2,,46
P405A,ESPECIES ANIMALES,N,2,,47
P406A_1,"EN LOS ÚLTIMOS 12 MESES, DE…A…. , ¿TUVO UD. REPRODUCTORES MACHOS: De raza pura (Pedigree)?",N,1,,47
P406A_2,"EN LOS ÚLTIMOS 12 MESES, DE…A…. , ¿TUVO UD. REPRODUCTORES MACHOS: Mejorados?",N,1,,47
P406A_3,"EN LOS ÚLTIMOS 12 MESES, DE…A…. , ¿TUVO UD. REPRODUCTORES MACHOS: Criollos?",N,1,,47
P406A_4,"EN LOS ÚLTIMOS 12 MESES, DE…A…. , ¿TUVO UD. REPRODUCTORES MACHOS: NINGUNO",N,1,,47
P406AA_1,"EN LOS ÚLTIMOS 12 MESES, DE…A…. , ¿TUVO UD. REPRODUCTORES HEMBRAS: De raza pura (Pedigree)?",N,1,,48
P406AA_2,"EN LOS ÚLTIMOS 12 MESES, DE…A…. , ¿TUVO UD. REPRODUCTORES HEMBRAS: Mejorados?",N,1,,48
P406AA_3,"EN LOS ÚLTIMOS 12 MESES, DE…A…. , ¿TUVO UD. REPRODUCTORES HEMBRAS: Criollos?",N,1,,48
P406AA_4,"EN LOS ÚLTIMOS 12 MESES, DE…A…. , ¿TUVO UD. REPRODUCTORES HEMBRAS: NINGUNO",N,1,,48
P406AB_1,¿QUÉ CERTIFICADOS O REGISTROS TIENEN LOS REPRODUCTORES QUE HA ADQUIRIDO? Certificado sanitario,N,1,,48
P406AB_2,¿QUÉ CERTIFICADOS O REGISTROS TIENEN LOS REPRODUCTORES QUE HA ADQUIRIDO? Registros genealógicos,N,1,,48
P406AB_3,¿QUÉ CERTIFICADOS O REGISTROS TIENEN LOS REPRODUCTORES QUE HA ADQUIRIDO? NINGUNO,N,1,,48
P407A,"EN LOS ÚLTIMOS 12 MESES, DE…A…., ¿UD. APLICÓ VACUNAS A SUS ……………?",N,1,,48
P408A_1,"¿QUÉ VACUNA APLICÓ? Ántrax (vacunos, ovinos, caprinos y porcinos)",N,1,,48
P408A_2,¿QUÉ VACUNA APLICÓ? Brucelosis Caprina (incluye ovinos),N,1,,48
P408A_3,"¿QUÉ VACUNA APLICÓ? Carbunco sintomático (vacunos, ovinos y caprinos)",N,1,,48
P408A_4,"¿QUÉ VACUNA APLICÓ? Fiebre aftosa (vacunos, ovinos, caprinos y porcinos)",N,1,,48
P408A_5,"¿QUÉ VACUNA APLICÓ? Newcastle (pollos, gallinas, gallos, patos y pavos)",N,1,,48
P408A_6,¿QUÉ VACUNA APLICÓ? Peste porcina clásica,N,1,,48
P408A_7,"¿QUÉ VACUNA APLICÓ? Rabia (vacunos, ovinos, caprinos y porcinos)",N,1,,48
P408A_10,"¿QUÉ VACUNA APLICÓ? Neumonía (vacunos, búfalos, ovinos, caprinos y porcinos)",N,1,,48
P408A_11,"¿QUÉ VACUNA APLICÓ? Septicemia Hemorrágica (vacunos, búfalos y porcinos)",N,1,,48
P408A_12,"¿QUÉ VACUNA APLICÓ? Edema Maligno (vacunos, búfalos, ovinos y caprinos)",N,1,,48
P408A_13,"¿QUÉ VACUNA APLICÓ? Tuberculosis (vacunos, búfalos, ovinos, caprinos y porcinos)",N,1,,48
P408A_14,"¿QUÉ VACUNA APLICÓ? Cólera aviar (pollos, gallinas, gallos, patos, pavos y gansos)",N,1,,48
P408A_15,"¿QUÉ VACUNA APLICÓ? Viruela aviar (pollos, gallinas, gallos, pavos y gansos)",N,1,,48
P408A_16,"¿QUÉ VACUNA APLICÓ? Gumboro (pollos, gallinas, gallos, patos, pavos y gansos)",N,1,,48
P408A_17,"¿QUÉ VACUNA APLICÓ? Bronquitis infecciosa (pollos, gallinas, gallos, patos, pavos y gansos)",N,1,,48
P408A_8,¿QUÉ VACUNA APLICÓ? Otro,N,1,,48
P408A_9,¿QUÉ VACUNA APLICÓ? NO SABE,N,1,,48
OMICAP400_01,OMISIÓN EN PRODUCCIÓN PECUARIA,AN,2,,48
P410AB1,"¿EL/LA …. EN EL MES ANTERIOR, CUANTOS GALPONES Y/O CORRALES TENIA? ACTIVOS",N,6,,50
P410AB2,"¿EL/LA …. EN EL MES ANTERIOR, CUANTOS GALPONES Y/O CORRALES TENIA? INACTIVOS",N,6,,50
P410AC_CANT_1,"¿EL/LA….. EN EL MES ANTERIOR, CUAL ERA EL ÁREA TOTAL DE LOS GALPONES Y/O CORRALES? CANTIDAD ENTERO",N,6,,50
P410AC_CANT_2,"¿EL/LA….. EN EL MES ANTERIOR, CUAL ERA EL ÁREA TOTAL DE LOS GALPONES Y/O CORRALES? CANTIDAD DECIMAL",AN,3,,50
P410AD,"¿EL/LA….. EN EL MES ANTERIOR, QUÉ CAPACIDAD TOTAL DE CARGA TENÍAN LOS GALPONES Y/O CORRALES? Enteros",N,6,,50
P410AD1,EL SISTEMA DE ALIMENTACIÓN QUE SE UTILIZÓ EN EL/LA ….. FUE,N,1,,50
P410AD2,"EN LOS ÚLTIMOS 12 MESES DE…………A………….., ¿LA EMPRESA/UD. HA UTILIZADO ALIMENTO BALANCEADO?",N,1,,50
P410AD3,¿LA PROCEDENCIA DEL ALIMENTO BALANCEADO QUE UTILIZÓ FUE:,N,1,,50
P410AE,"PRINCIPALMENTE, ¿DE DONDE PROCEDE EL AGUA PARA EL/LA…..?",N,1,,50
OMICAP400_02,OMISIÓN EN PRODUCCIÓN PECUARIA,AN,2,,50
P411B,"EN LOS ÚLTIMOS 12 MESES, DE…A…. , ¿UD. OBTUVO:",N,2,,51
P412B_CANT_1,¿CUÁNTA FUE LA PRODUCCIÓN TOTAL DE: CANTIDAD ENTERO,N,8,,51
P412B_CANT_2,¿CUÁNTA FUE LA PRODUCCIÓN TOTAL DE: CANTIDAD DECIMAL,AN,2,,51
P412B_UM,¿CUÁNTA FUE LA PRODUCCIÓN TOTAL DE: NOMBRE UNIDAD DE MEDIDA,A,50,,51
P412B_UMCOD,¿CUÁNTA FUE LA PRODUCCIÓN TOTAL DE: CÓDIGO UNIDAD DE MEDIDA,AN,2,,51
P412B_EQUI_KG,¿CUÁNTA FUE LA PRODUCCIÓN TOTAL DE: ¿CUÁNTO PESA UN/A ....EN KILOGRAMOS?,N,12,4,51
P413B_CANT_1,"DE LA PRODUCCIÓN DE …………, ¿CUÁNTO SE DESTINÓ A VENTA? CANTIDAD ENTERO",N,8,,52
P413B_CANT_2,"DE LA PRODUCCIÓN DE …………, ¿CUÁNTO SE DESTINÓ A VENTA? CANTIDAD DECIMAL",AN,2,,52
P413B_PREUNT_1,"DE LA PRODUCCIÓN DE …………, ¿CUÁNTO SE DESTINÓ A VENTA? PRECIO UNITARIO ENTERO",N,5,,52
P413B_PREUNT_2,"DE LA PRODUCCIÓN DE …………, ¿CUÁNTO SE DESTINÓ A VENTA? PRECIO UNITARIO DECIMAL",AN,2,,52
P413B_VAL,"DE LA PRODUCCIÓN DE …………, ¿CUÁNTO SE DESTINÓ A VENTA? VALOR S/ (ENTEROS)",N,9,,52
P413B_PRE_KG,"DE LA PRODUCCIÓN DE ……….., ¿CUÁNTO SE DESTINÓ A VENTA? PRECIO POR KILOGRAMO",N,8,4,52
P414B_ENT,"DE LA PRODUCCIÓN DE …………, ¿CUÁNTO SE DESTINÓ AL CONSUMO DEL HOGAR? CANTIDAD ENTERO",N,8,,52
P414B_DEC,"DE LA PRODUCCIÓN DE …………, ¿CUÁNTO SE DESTINÓ AL CONSUMO DEL HOGAR? CANTIDAD DECIMAL",AN,2,,52
P414B_PREUNT_1,"DE LA PRODUCCIÓN DE …………, ¿CUÁNTO SE DESTINÓ A CONSUMO DEL HOGAR? PRECIO UNITARIO ENTERO",N,8,,52
P414B_PREUNT_2,"DE LA PRODUCCIÓN DE …………, ¿CUÁNTO SE DESTINÓ A CONSUMO DEL HOGAR? PRECIO UNITARIO DECIMAL",AN,2,,52
P414B_VAL,"DE LA PRODUCCIÓN DE …………, ¿CUÁNTO SE DESTINÓ A CONSUMO DEL HOGAR? VALOR S/ (ENTEROS)",N,9,,52
P414B_PRE_KG,"DE LA PRODUCCIÓN DE ……….., ¿CUÁNTO SE DESTINÓ A CONSUMO DEL HOGAR? PRECIO POR KILOGRAMO",N,9,4,52
P415B_ENT,"DE LA PRODUCCIÓN DE …………, ¿CUÁNTO SE DESTINÓ A ELABORACIÓN DE DERIVADOS? CANTIDAD ENTERO",N,8,,52
P415B_DEC,"DE LA PRODUCCIÓN DE …………, ¿CUÁNTO SE DESTINÓ A ELABORACIÓN DE DERIVADOS? CANTIDAD DECIMAL",AN,2,,52
P415B_PREUNT_1,"DE LA PRODUCCIÓN DE …………, ¿CUÁNTO SE DESTINÓ A ELABORACIÓN DE DERIVADOS? PRECIO UNITARIO ENTERO",N,5,,52
P415B_PREUNT_2,"DE LA PRODUCCIÓN DE …………, ¿CUÁNTO SE DESTINÓ A ELABORACIÓN DE DERIVADOS? PRECIO UNITARIO DECIMAL",AN,2,,52
P415B_VAL,"DE LA PRODUCCIÓN DE …………, ¿CUÁNTO SE DESTINÓ A ELABORACION DE DERIVADOS? VALOR S/ (ENTEROS)",N,9,,52
P415B_PRE_KG,"DE LA PRODUCCIÓN DE ……….., ¿CUÁNTO SE DESTINÓ A ELABORACIÓN DE DERIVADOS? PRECIO POR KILOGRAMO",N,9,4,52
P416B_ENT,"DE LA PRODUCCIÓN DE …………, ¿CUÁNTO SE DESTINÓ A OTROS (Donaciones, robo, etc.)? CANTIDAD ENTERO",N,8,,52
P416B_DEC,"DE LA PRODUCCIÓN DE …………, ¿CUÁNTO SE DESTINÓ A OTROS (Donaciones, robo, etc.)? CANTIDAD DECIMAL",AN,2,,52
P417B,"¿CUÁNTAS ............, DIERON ESTA PRODUCCIÓN DE: CANTIDAD",N,8,,52
OMICAP400_03,OMISIÓN DE SUBPRODUCTOS PECUARIOS,AN,2,,52
P419_N,NÚMERO DE DERIVADOS PECUARIOS,N,2,,53
P419_NOM,¿QUÉ DERIVADOS PECUARIOS ELABORÓ? NOMBRE DE DERIVADO,A,50,,53
P419_COD,¿QUÉ DERIVADOS ELABORÓ? CÓDIGO DE DERIVADO,N,4,,53
P420_CANT_ENT,¿CUÁNTA FUE LA PRODUCCIÓN TOTAL DE… ? CANTIDAD ENTERO,N,8,,53
P420_CANT_DEC,¿CUÁNTA FUE LA PRODUCCIÓN TOTAL DE… ? CANTIDAD DECIMAL,AN,2,,53
P420_UM,¿CUÁNTA FUE LA PRODUCCIÓN TOTAL DE… ? UNIDAD DE MEDIDA,A,50,,53
P420_UM_COD,¿CUÁNTA FUE LA PRODUCCIÓN TOTAL DE… ? CÓDIGO DE UNIDAD DE MEDIDA,AN,2,,53
P420_EQUIV,¿CUÁNTA FUE LA PRODUCCIÓN TOTAL DE… ? ¿CUÁNTO PESA UN/A ....EN KILOGRAMOS?,N,12,4,53
P421_1_CANT_ENT,"DE LA PRODUCCIÓN DE…………, ¿CUÁNTO SE DESTINÓ PARA: VENTA? CANTIDAD ENTERO",N,8,,53
P421_1_CANT_DEC,"DE LA PRODUCCIÓN DE…………, ¿CUÁNTO SE DESTINÓ PARA: VENTA? CANTIDAD DECIMAL",AN,2,,53
P421_1_PREC_ENT,"DE LA PRODUCCIÓN DE…………, ¿CUÁNTO SE DESTINÓ PARA: VENTA? PRECIO UNITARIO ENTERO",N,5,,53
P421_1_PREC_DEC,"DE LA PRODUCCIÓN DE…………, ¿CUÁNTO SE DESTINÓ PARA: VENTA? PRECIO UNITARIO DECIMAL",AN,2,,54
P421_1_VAL,"DE LA PRODUCCIÓN DE…………, ¿CUÁNTO SE DESTINÓ PARA: VENTA? VALOR S/ (Enteros)",N,9,,54
P421_1_PRE_KG,"DE LA PRODUCCIÓN DE ……….., ¿CUÁNTO SE DESTINÓ PARA: VENTA? PRECIO DE VENTA POR KILOGRAMO",N,9,4,54
P421_2_CANT_ENT,"DE LA PRODUCCIÓN DE…………, ¿CUÁNTO SE DESTINÓ PARA: CONSUMO DEL HOGAR? CANTIDAD ENTERO",N,8,,54
P421_2_CANT_DEC,"DE LA PRODUCCIÓN DE…………, ¿CUÁNTO SE DESTINÓ PARA: CONSUMO DEL HOGAR? CANTIDAD DECIMAL",AN,2,,54
P421_3_CANT_ENT,"DE LA PRODUCCIÓN DE…………, ¿CUÁNTO SE DESTINÓ PARA: OTROS (Donaciones, robo, etc.)? CANTIDAD ENTERO",N,8,,54
P421_3_CANT_DEC,"DE LA PRODUCCIÓN DE…………, ¿CUÁNTO SE DESTINÓ PARA: OTROS (Donaciones, robo, etc.)? CANTIDAD DECIMAL",AN,2,,54
OMICAP400_04,OMISIÓN DE DERIVADOS PECUARIOS,AN,2,,54
P501A_1,COMO PRODUCTOR/A INDEPENDIENTE ¿UD. REALIZA LA PRÁCTICA PECUARIA DE: Limpiar y desinfectar periódicamente las instalaciones pecuarias?,N,1,,55
P501AA_1,¿HACE CUÁNTOS AÑOS LA REALIZA? Limpiar y desinfectar periódicamente las instalaciones pecuarias?,N,2,,55
P501A_2,"COMO PRODUCTOR/A INDEPENDIENTE ¿ UD. REALIZA LA PRÁCTICA PECUARIA DE: Tener un área de desinfección previa al ingreso de las instalaciones pecuarias (pozas, tablas de cal, etc.)?",N,1,,55
P501AA_2,"¿HACE CUÁNTOS AÑOS LA REALIZA? Tener un área de desinfección previa al ingreso de las instalaciones pecuarias (pozas, tablas de cal, etc.)?",N,2,,55
P501A_3,COMO PRODUCTOR/A INDEPENDIENTE ¿UD. REALIZA LA PRÁCTICA PECUARIA DE: Aislar temporalmente a los animales recién adquiridos para verificar que se encuentren sanos?,N,1,,55
P501AA_3,¿HACE CUÁNTOS AÑOS LA REALIZA? Aislar temporalmente a los animales recién adquiridos para verificar que se encuentren sanos?,N,2,,55
P501A_4,COMO PRODUCTOR/A INDEPENDIENTE ¿UD. REALIZA LA PRÁCTICA PECUARIA DE: Aislar a un animal enfermo de los demás?,N,1,,56
P501AA_4,¿HACE CUÁNTOS AÑOS LA REALIZA? Aislar a un animal enfermo de los demás?,N,2,,56
P501A_5,"COMO PRODUCTOR/A INDEPENDIENTE ¿UD. REALIZA LA PRÁCTICA PECUARIA DE: Solicitar el registro de vacunas de los animales comprados, regalados, intercambiados?",N,1,,56
P501AA_5,"¿HACE CUÁNTOS AÑOS LA REALIZA? Solicitar el registro de vacunas de los animales comprados, regalados, intercambiados?",N,2,,56
P501A_6,COMO PRODUCTOR/A INDEPENDIENTE ¿UD. REALIZA LA PRÁCTICA PECUARIA DE: Aplicar medicamentos veterinarios?,N,1,,56
P501AA_6,¿HACE CUÁNTOS AÑOS LA REALIZA? Aplicar medicamentos veterinarios?,N,2,,56
P501A_7,COMO PRODUCTOR/A INDEPENDIENTE ¿UD. REALIZA LA PRÁCTICA PECUARIA DE: Aplicar vacunas?,N,1,,56
P501AA_7,¿HACE CUÁNTOS AÑOS LA REALIZA? Aplicar vacunas?,N,2,,56
P501A_8,COMO PRODUCTOR/A INDEPENDIENTE ¿UD. REALIZA LA PRÁCTICA PECUARIA DE: Usar y disponer adecuadamente los excrementos animales?,N,1,,56
P501AA_8,¿HACE CUÁNTOS AÑOS LA REALIZA? Usar y disponer adecuadamente los excrementos animales?,N,2,,56
P501A_9,COMO PRODUCTOR/A INDEPENDIENTE ¿UD. REALIZA LA PRÁCTICA PECUARIA DE: Utilizar el certificado sanitario de tránsito interno cada vez que el animal vivo sea transportado a lugares distantes?,A,1,,56
P501AA_9,¿HACE CUÁNTOS AÑOS LA REALIZA? Utilizar el certificado sanitario de tránsito interno cada vez que el animal vivo sea transportado a lugares distantes?,N,2,,56
P501A_10,"COMO PRODUCTOR/A INDEPENDIENTE ¿LA EMPRESA/UD. REALIZA LA PRÁCTICA PECUARIA DE: Identificar su ganado con marcas como: aretes, hierro candente, tatuajes, etc.?",N,1,,56
P501AA_10,"¿HACE CUÁNTOS AÑOS LA REALIZA? Identificar su ganado con marcas como: aretes, hierro candente, tatuajes, etc.?",N,2,,56
P501A_11,COMO PRODUCTOR/A INDEPENDIENTE ¿UD. REALIZA LA PRÁCTICA PECUARIA DE: Brindar alimentación y agua a los animales de acuerdo a su edad y/o estado (productivo y/o reproductivo)?,N,1,,56
P501AA_11,¿HACE CUÁNTOS AÑOS LA REALIZA? Brindar alimentación y agua a los animales de acuerdo a su edad y/o estado (productivo y/o reproductivo)?,N,2,,56
P501A_12,COMO PRODUCTOR/A INDEPENDIENTE ¿UD. REALIZA LA PRÁCTICA PECUARIA DE: Realizar análisis de la calidad del agua y/o alimento proporcionado a los animales?,N,1,,56
P501AA_12,¿HACE CUÁNTOS AÑOS LA REALIZA? Realizar análisis de la calidad del agua y/o alimento proporcionado a los animales?,N,2,,56
P501A_13,COMO PRODUCTOR/A INDEPENDIENTE ¿UD. REALIZA LA PRÁCTICA PECUARIA DE: Manejar adecuadamente los pastos permanentes y/o naturales como alimento de los animales?,N,1,,56
P501AA_13,¿HACE CUÁNTOS AÑOS LA REALIZA? Manejar adecuadamente los pastos permanentes y/o naturales como alimento de los animales?,N,2,,57
P501A_14,"COMO PRODUCTOR/A INDEPENDIENTE ¿UD. REALIZA LA PRÁCTICA PECUARIA DE: Usar suplementos alimenticios (sales minerales, aditivos para el alimento, vitaminas, etc.)?",N,1,,57
P501AA_14,"¿HACE CUÁNTOS AÑOS LA REALIZA? Usar suplementos alimenticios (sales minerales, aditivos para el alimento, vitaminas, etc.)?",N,2,,57
P501A_15,COMO PRODUCTOR/A INDEPENDIENTE ¿UD. REALIZA LA PRÁCTICA PECUARIA DE: Almacenar forraje (heno y/o ensilaje)?,N,1,,57
P501AA_15,¿HACE CUÁNTOS AÑOS LA REALIZA? Almacenar forraje (heno y/o ensilaje)?,N,2,,57
P501A_15A,COMO PRODUCTOR/A INDEPENDIENTE ¿UD. REALIZA LA PRÁCTICA PECUARIA DE: Usar alimento balanceado?,N,1,,57
P501AA_15A,¿HACE CUÁNTOS AÑOS LA REALIZA? Usar alimento balanceado?,N,2,,57
P501A_16A,COMO PRODUCTOR/A INDEPENDIENTE ¿UD. REALIZA LA PRÁCTICA PECUARIA DE: Aplicar registros de producción y reproducción en la unidad productiva?,N,1,,57
P501AA_16A,¿HACE CUÁNTOS AÑOS LA REALIZA? Aplicar registros de producción y reproducción en la unidad productiva?,N,2,,57
P501A_16B,"COMO PRODUCTOR/A INDEPENDIENTE ¿UD. REALIZA LA PRÁCTICA PECUARIA DE: Usar información de índices productivos y/o reproductivos al momento de elegir el material genético (semen, embriones, reproductores) que introduce en la unidad productiva?",N,1,,57
P501AA_16B,"¿HACE CUÁNTOS AÑOS LA REALIZA? Usar información de índices productivos y/o reproductivos al momento de elegir el material genético (semen, embriones, reproductores) que introduce en la unidad productiva?",N,2,,57
P501A_16C,COMO PRODUCTOR/A INDEPENDIENTE ¿UD. REALIZA LA PRÁCTICA PECUARIA DE: Aplicar la técnica de mejoramiento genético de inseminación artificial?,N,1,,57
P501AA_16C,¿HACE CUÁNTOS AÑOS LA REALIZA? Aplicar la técnica de mejoramiento genético de inseminación artificial?,N,2,,57
P501A_16D,COMO PRODUCTOR/A INDEPENDIENTE ¿UD. REALIZA LA PRÁCTICA PECUARIA DE: Aplicar la técnica de mejoramiento genético de introducción de reproductores mejorados?,N,1,,57
P501AA_16D,¿HACE CUÁNTOS AÑOS LA REALIZA? Aplicar la técnica de mejoramiento genético de introducción de reproductores mejorados?,N,2,,57
P501A_16E,COMO PRODUCTOR/A INDEPENDIENTE ¿UD. REALIZA LA PRÁCTICA PECUARIA DE: Aplicar la técnica de mejoramiento genético de transferencia de embriones?,N,1,,57
P501AA_16E,¿HACE CUÁNTOS AÑOS LA REALIZA? Aplicar la técnica de mejoramiento genético de transferencia de embriones?,N,2,,57
P501A_16F,COMO PRODUCTOR/A INDEPENDIENTE ¿UD. REALIZA LA PRÁCTICA PECUARIA DE: Aplicar buenas prácticas de ordeño?,N,1,,57
P501AA_16F,¿HACE CUÁNTOS AÑOS LA REALIZA? Aplicar buenas prácticas de ordeño?,N,2,,57
P501A_16G,COMO PRODUCTOR/A INDEPENDIENTE ¿UD. REALIZA LA PRÁCTICA PECUARIA DE: Aplicar buenas prácticas de esquila?,N,1,,58
P501AA_16G,¿HACE CUÁNTOS AÑOS LA REALIZA? Aplicar buenas prácticas de esquila?,N,2,,58
P501A_17,COMO PRODUCTOR/A INDEPENDIENTE ¿UD. REALIZA LA PRÁCTICA PECUARIA DE: Rotación de canchas de pastoreo o praderas con la finalidad de recuperar el pasto desgastado por el ganado?,N,1,,58
P501AA_17,¿HACE CUÁNTOS AÑOS LA REALIZA? Rotación de canchas de pastoreo o praderas con la finalidad de recuperar el pasto desgastado por el ganado?,N,2,,58
P501A_18,COMO PRODUCTOR/A INDEPENDIENTE ¿UD. REALIZA LA PRÁCTICA PECUARIA DE: Clausura de praderas por un tiempo determinado con la finalidad de mejorar el suelo?,N,1,,58
P501AA_18,¿HACE CUÁNTOS AÑOS LA REALIZA? Clausura de praderas por un tiempo determinado con la finalidad de mejorar el suelo?,N,2,,58
P501A_19,COMO PRODUCTOR/A INDEPENDIENTE ¿UD. REALIZA LA PRÁCTICA PECUARIA DE: Rotación de corrales para aprovechar la materia orgánica que deja el ganado en el suelo?,N,1,,58
P501AA_19,¿HACE CUÁNTOS AÑOS LA REALIZA? Rotación de corrales para aprovechar la materia orgánica que deja el ganado en el suelo?,N,2,,58
P501A_20,COMO PRODUCTOR/A INDEPENDIENTE ¿UD. REALIZA LA PRÁCTICA PECUARIA DE: Sembrar dentro del pasto natural un cultivo forrajero o pasto cultivado?,N,1,,58
P501AA_20,¿HACE CUÁNTOS AÑOS LA REALIZA? Sembrar dentro del pasto natural un cultivo forrajero o pasto cultivado?,N,2,,58
P501A_21,COMO PRODUCTOR/A INDEPENDIENTE ¿UD. REALIZA LA PRÁCTICA PECUARIA DE: Resembrar pastos naturales manejados?,N,1,,58
P501AA_21,¿HACE CUÁNTOS AÑOS LA REALIZA? Resembrar pastos naturales manejados?,N,2,,58
P501A_22,COMO PRODUCTOR/A INDEPENDIENTE ¿UD. REALIZA LA PRÁCTICA PECUARIA DE: Instalar pastos para el ganado en medio de árboles y arbustos forestales?,N,1,,58
P501AA_22,¿HACE CUÁNTOS AÑOS LA REALIZA? Instalar pastos para el ganado en medio de árboles y arbustos forestales?,N,2,,58
P501A_23,COMO PRODUCTOR/A INDEPENDIENTE ¿UD. REALIZA LA PRÁCTICA PECUARIA DE: Usar fertilizantes o abonos en pastos (naturales y/o manejados)?,N,1,,58
P501AA_23,¿HACE CUÁNTOS AÑOS LA REALIZA? Usar fertilizantes o abonos en pastos (naturales y/o manejados)?,N,2,,58
P502B_1,"CUANDO APLICA UNA VACUNA Y/O MEDICAMENTO VETERINARIO, ¿QUIÉN SE LO RECOMIENDA? Asesor del establecimiento comercial autorizado",N,1,,58
P502B_2,"CUANDO APLICA UNA VACUNA Y/O MEDICAMENTO VETERINARIO, ¿QUIÉN SE LO RECOMIENDA? Médico veterinario",N,1,,58
P502B_3,"CUANDO APLICA UNA VACUNA Y/O MEDICAMENTO VETERINARIO, ¿QUIÉN SE LO RECOMIENDA? Ingeniero zootecnista",N,1,,58
P502B_4,"CUANDO APLICA UNA VACUNA Y/O MEDICAMENTO VETERINARIO, ¿QUIÉN SE LO RECOMIENDA? Personal de SENASA",N,1,,59
P502B_5,"CUANDO APLICA UNA VACUNA Y/O MEDICAMENTO VETERINARIO, ¿QUIÉN SE LO RECOMIENDA? 5. El mismo productor/a",N,1,,59
P502B_6,"CUANDO APLICA UNA VACUNA Y/O MEDICAMENTO VETERINARIO, ¿QUIÉN SE LO RECOMIENDA? Técnico agropecuario",N,1,,59
P502B_7,"CUANDO APLICA UNA VACUNA Y/O MEDICAMENTO VETERINARIO, ¿QUIÉN SE LO RECOMIENDA? Otro",N,1,,59
P503B_1,¿DE QUÉ LUGAR O PERSONA ADQUIERE LA VACUNA Y/O MEDICAMENTO VETERINARIO? Establecimiento comercial autorizado,N,1,,59
P503B_2,¿DE QUÉ LUGAR O PERSONA ADQUIERE LA VACUNA Y/O MEDICAMENTO VETERINARIO? Programa estatal,N,1,,59
P503B_3,¿DE QUÉ LUGAR O PERSONA ADQUIERE LA VACUNA Y/O MEDICAMENTO VETERINARIO? Vendedor ambulante,N,1,,59
P503B_4,¿DE QUÉ LUGAR O PERSONA ADQUIERE LA VACUNA Y/O MEDICAMENTO VETERINARIO? Organismo No Gubernamental (ONG),N,1,,59
P503B_5,¿DE QUÉ LUGAR O PERSONA ADQUIERE LA VACUNA Y/O MEDICAMENTO VETERINARIO? Feria informal / plaza pecuaria,N,1,,59
P503B_6,¿DE QUÉ LUGAR O PERSONA ADQUIERE LA VACUNA Y/O MEDICAMENTO VETERINARIO? Otro,N,1,,59
P504B,"GENERALMENTE, ¿QUIÉN APLICA LA VACUNA Y/O MEDICAMENTO VETERINARIO?",N,1,,59
P504BA,"UD./ EL/LA PRODUCTOR/A, ¿ESTÁ CAPACITADO/A PARA APLICAR LA VACUNA Y/O MEDICAMENTO VETERINARIO?",N,1,,59
P505B,¿ANTES DE APLICAR LA VACUNA Y/O MEDICAMENTO VETERINARIO UD. LEE LA ETIQUETA?,N,1,,59
P506B_1,CUANDO UD. LEE LA ETIQUETA DE LA VACUNA Y/O MEDICAMENTO VETERINARIO: ¿Verifica si tiene la información del registro de SENASA?,N,1,,59
P506B_2,CUANDO UD. LEE LA ETIQUETA DE LA VACUNA Y/O MEDICAMENTO VETERINARIO: ¿Revisa si está dentro de la fecha de vencimiento?,N,1,,59
P507B,"¿PARA LA APLICACIÓN DE LA VACUNA Y/O MEDICAMENTO VETERINARIO, SIGUE LAS INDICACIONES DE LA ETIQUETA?",N,1,,59
P508B_1A,"CUANDO UTILIZA LA VACUNA Y/O MEDICAMENTO VETERINARIO, ¿CUMPLE CON: 1A. Verificar la aplicación de la dosis recomendada para cada animal, indicada en la etiqueta?",N,1,,59
P508B_2,"CUANDO UTILIZA LA VACUNA Y/O MEDICAMENTO VETERINARIO, ¿CUMPLE CON: 2. Hacerlo durante todos los días indicados en la etiqueta?",N,1,,59
P508B_3,"CUANDO UTILIZA LA VACUNA Y/O MEDICAMENTO VETERINARIO, ¿CUMPLE CON: 3. Usar agujas y jeringas nuevas o desinfectadas en cada animal?",N,1,,59
P509B,¿RESPETA EL TIEMPO ENTRE LA ÚLTIMA APLICACIÓN DE LA VACUNA Y/O MEDICAMENTO Y EL BENEFICIO DEL ANIMAL?,N,1,,60
P510B_1,"CUANDO UTILIZA VACUNAS Y/O MEDICAMENTOS VETERINARIOS, CUMPLE LO SIGUIENTE: 1. ¿Después de la aplicación de vacunas y/o medicamentos suspende el consumo de la leche, carne o huevos, durante el periodo indicado (periodo de retiro)?",N,1,,60
P510B_2,"CUANDO UTILIZA VACUNAS Y/O MEDICAMENTOS VETERINARIOS, CUMPLE LO SIGUIENTE: 2. ¿Informa al comprador cuando le vende carne, leche, huevo o el animal vivo, sobre la fecha del último tratamiento aplicado?",N,1,,60
P510B_3_1,"CUANDO UTILIZA VACUNAS Y/O MEDICAMENTOS VETERINARIOS, CUMPLE LO SIGUIENTE: 3. ¿Lleva registro del tratamiento de los animales?",N,1,,60
P510B_3_2,"CUANDO UTILIZA VACUNAS Y/O MEDICAMENTOS VETERINARIOS, CUMPLE LO SIGUIENTE: 3. ¿Lleva registro de los animales muertos?",N,1,,60
P511B,¿GUARDA LAS VACUNAS Y/O MEDICAMENTOS VETERINARIOS EN UN LUGAR SEGURO FUERA DEL ALCANCE DE LAS PERSONAS Y ALEJADO DE LOS ALIMENTOS?,N,1,,60
P512B_1,"CUANDO GUARDA, TRANSPORTA O APLICA LA VACUNA, ¿CUMPLE CON: Mantener refrigerada la vacuna durante el transporte?",N,1,,60
P512B_2,"CUANDO GUARDA, TRANSPORTA O APLICA LA VACUNA, ¿CUMPLE CON: Guardar la vacuna a la temperatura indicada en la etiqueta?",N,1,,60
P512B_3,"CUANDO GUARDA, TRANSPORTA O APLICA LA VACUNA, ¿CUMPLE CON: Conservar la vacuna a la temperatura indicada en la etiqueta mientras la aplica a sus animales?",N,1,,60
OMICAP500,OMISIÓN DE BUENAS PRÁCTICAS PECUARIAS,AN,2,,60
P601_1,¿QUÉ HACE CON LOS RESIDUOS DE SUS CULTIVOS? 1. Quema / incinera,N,1,,61
P601_2,¿QUÉ HACE CON LOS RESIDUOS DE SUS CULTIVOS? 2. Usa como alimento para animales de crianza,N,1,,61
P601_3,¿QUÉ HACE CON LOS RESIDUOS DE SUS CULTIVOS? 3. Bota,N,1,,61
P601_4,¿QUÉ HACE CON LOS RESIDUOS DE SUS CULTIVOS? 4. Usa como abono,N,1,,61
P601_5,¿QUÉ HACE CON LOS RESIDUOS DE SUS CULTIVOS? 5. Deja en el campo,N,1,,61
P601_6,¿QUÉ HACE CON LOS RESIDUOS DE SUS CULTIVOS? 6. Otro,N,1,,61
P601_7,¿QUÉ HACE CON LOS RESIDUOS DE SUS CULTIVOS? 7. NO ES PRODUCTOR/A AGRÍCOLA,N,1,,61
P602_1,¿QUÉ HACE CON LOS RESIDUOS DE SUS ANIMALES DE CRIANZA? 1. Quema / incinera,N,1,,61
P602_2,¿QUÉ HACE CON LOS RESIDUOS DE SUS ANIMALES DE CRIANZA? 2. Entierra,N,1,,62
P602_3,¿QUÉ HACE CON LOS RESIDUOS DE SUS ANIMALES DE CRIANZA? 3. Bota,N,1,,62
P602_4,¿QUÉ HACE CON LOS RESIDUOS DE SUS ANIMALES DE CRIANZA? 4. Usa como abono,N,1,,62
P602_5,¿QUÉ HACE CON LOS RESIDUOS DE SUS ANIMALES DE CRIANZA? 5. Usa como combustible,N,1,,62
P602_6,¿QUÉ HACE CON LOS RESIDUOS DE SUS ANIMALES DE CRIANZA? 6. Deja en el campo,N,1,,62
P602_7,¿QUÉ HACE CON LOS RESIDUOS DE SUS ANIMALES DE CRIANZA? 7.Otro,N,1,,62
P602_8,¿QUÉ HACE CON LOS RESIDUOS DE SUS ANIMALES DE CRIANZA? 8. ES SOLO PRODUCTOR/A APÍCOLA,N,1,,62
P602_9,¿QUÉ HACE CON LOS RESIDUOS DE SUS ANIMALES DE CRIANZA? 9. NO ES PRODUCTOR/A PECUARIO/A,N,1,,62
P603,¿EXISTEN MINAS EN EXPLOTACIÓN CERCA A SUS CULTIVOS Y/O ANIMALES DE CRIANZA?,N,1,,62
P604,¿ALGUNA ENTIDAD DEL ESTADO LE HA INFORMADO SOBRE LA CONTAMINACIÓN DE LOS ALIMENTOS?,N,1,,62
P605_1,¿QUÉ ENTIDAD DEL ESTADO LE INFORMÓ? 1. Servicio Nacional de Sanidad Agraria (SENASA),N,1,,62
P605_2,¿QUÉ ENTIDAD DEL ESTADO LE INFORMÓ? 2. Ministerio de Salud,N,1,,62
P605_3,¿QUÉ ENTIDAD DEL ESTADO LE INFORMÓ? 3. Ministerio de Desarrollo Agrario y Riego,N,1,,62
P605_4,¿QUÉ ENTIDAD DEL ESTADO LE INFORMÓ? 4. Gobierno Regional,N,1,,62
P605_5,¿QUÉ ENTIDAD DEL ESTADO LE INFORMÓ? 5. Gobierno Local/Municipal,N,1,,62
P605_6,¿QUÉ ENTIDAD DEL ESTADO LE INFORMÓ? 6. Otro,N,1,,62
P605A,¿SABE UD. SOBRE LOS LÍMITES MÁXIMOS PERMISIBLES DE CONTAMINANTES EN LOS ALIMENTOS DE CONSUMO HUMANO Y/O ANIMAL?,N,1,,62
P606_1,"¿EN QUÉ LUGAR ALMACENA, CONSERVA O GUARDA LOS ALIMENTOS QUE PRODUCE (Solo productos primarios)? 1. En un lugar refrigerado",N,1,,62
P606_2,"¿EN QUÉ LUGAR ALMACENA, CONSERVA O GUARDA LOS ALIMENTOS QUE PRODUCE (Solo productos primarios)? 2. A la intemperie",N,1,,62
P606_3,"¿EN QUÉ LUGAR ALMACENA, CONSERVA O GUARDA LOS ALIMENTOS QUE PRODUCE (Solo productos primarios)? 3. En cuarto seguro y ventilado",N,1,,62
P606_4,"¿EN QUÉ LUGAR ALMACENA, CONSERVA O GUARDA LOS ALIMENTOS QUE PRODUCE (Solo productos primarios)? 4. En cuarto no adecuado",N,1,,62
P606_5,"¿EN QUÉ LUGAR ALMACENA, CONSERVA O GUARDA LOS ALIMENTOS QUE PRODUCE (Solo productos primarios)? 5. Otro",N,1,,62
P606_6,"¿EN QUÉ LUGAR ALMACENA, CONSERVA O GUARDA LOS ALIMENTOS QUE PRODUCE (Solo productos primarios)? 6. VENTA INMEDIATA",N,1,,62
P606_7,"¿EN QUÉ LUGAR ALMACENA, CONSERVA O GUARDA LOS ALIMENTOS QUE PRODUCE (Solo productos primarios)? 7. NO PRODUCE ALIMENTOS DE CONSUMO HUMANO",N,1,,62
P607,"¿SABE UD. QUE LOS ALIMENTOS DE CONSUMO HUMANO QUE PRODUCE, DEBEN ESTAR IDENTIFICADOS PARA SER CONSUMIDOS (Solo productos primarios)?",N,1,,63
P608,"SUS PRODUCTOS AGROPECUARIOS, ¿CUENTAN CON ALGÚN TIPO DE CERTIFICACIÓN DE CALIDAD OTORGADA POR UNA INSTITUCIÓN?",N,1,,63
P609,LA CERTIFICACIÓN DE CALIDAD FUE OTORGADA COMO:,N,1,,63
P610_1,¿CUÁL ES EL NOMBRE DE LA CERTIFICACIÓN? 1. Buenas prácticas agrícolas (Global Gap),N,1,,63
P610_2,¿CUÁL ES EL NOMBRE DE LA CERTIFICACIÓN? 2. Comercio justo (Fair trade),N,1,,63
P610_3,¿CUÁL ES EL NOMBRE DE LA CERTIFICACIÓN? 3. TNC (Tesco Natural Choice),N,1,,63
P610_4,¿CUÁL ES EL NOMBRE DE LA CERTIFICACIÓN? 4. Orgánica,N,1,,63
P610_5,¿CUÁL ES EL NOMBRE DE LA CERTIFICACIÓN? 5. Buenas prácticas de manufacturas,N,1,,63
P610_6,¿CUÁL ES EL NOMBRE DE LA CERTIFICACIÓN? 6. Otro,N,1,,63
OMICAP600,OMISIÓN DE INOCUIDAD,AN,2,,63
P701,"EN LOS ÚLTIMOS 3 AÑOS, DE ……………… A ………………, ¿UD. HA RECIBIDO CAPACITACIÓN? (Mínimo 4 horas):",N,1,,64
P701A_1,"EL PERSONAL DE LA EMPRESA QUE FUE CAPACITADO, ¿A QUE ÁREA PERTENECE?: Dirección y Gerencia",N,1,,64
P701A_2,"EL PERSONAL DE LA EMPRESA QUE FUE CAPACITADO, ¿A QUE ÁREA PERTENECE?: Administración",N,1,,64
P701A_3,"EL PERSONAL DE LA EMPRESA QUE FUE CAPACITADO, ¿A QUE ÁREA PERTENECE?: Mercadeo y ventas",N,1,,64
P701A_4,"EL PERSONAL DE LA EMPRESA QUE FUE CAPACITADO, ¿A QUE ÁREA PERTENECE?: Producción",N,1,,64
P701A_5,"EL PERSONAL DE LA EMPRESA QUE FUE CAPACITADO, ¿A QUE ÁREA PERTENECE?: Contabilidad y finanzas",N,1,,64
P701A_6,"EL PERSONAL DE LA EMPRESA QUE FUE CAPACITADO, ¿A QUE ÁREA PERTENECE?: Otro",N,1,,64
P702_1,¿EN QUÉ TEMAS RECIBIÓ CAPACITACIÓN? Análisis de suelo,N,1,,65
P703_1,LA ÚLTIMA CAPACITACIÓN QUE RECIBIÓ SOBRE Análisis de suelo ¿QUÉ INSTITUCIÓN O PERSONA SE LA BRINDÓ?,N,1,,65
P703A_1,¿EN QUÉ AÑO RECIBIÓ LA ÚLTIMA CAPACITACIÓN DE: Análisis de suelo?,N,4,,65
P702_2,EN QUÉ TEMAS RECIBIÓ CAPACITACIÓN? Técnicas de labranza de la tierra,N,1,,65
P703_2,LA ÚLTIMA CAPACITACIÓN QUE RECIBIÓ SOBRE Técnicas de labranza de la tierra ¿ QUÉ INSTITUCIÓN O PERSONA SE LA BRINDÓ?,N,1,,65
P703A_2,¿EN QUÉ AÑO RECIBIÓ LA ÚLTIMA CAPACITACIÓN DE: Técnicas de labranza de la tierra?,N,4,,65
P702_3,EN QUÉ TEMAS RECIBIÓ CAPACITACIÓN? Rotación de cultivos,N,1,,65
P703_3,LA ÚLTIMA CAPACITACIÓN QUE RECIBIÓ SOBRE Rotación de cultivos ¿ QUÉ INSTITUCIÓN O PERSONA SE LA BRINDÓ?,N,1,,65
P703A_3,¿EN QUÉ AÑO RECIBIÓ LA ÚLTIMA CAPACITACIÓN DE: Rotación de cultivos?,N,4,,65
P702_4,"EN QUÉ TEMAS RECIBIÓ CAPACITACIÓN? Técnicas de manejo de semillas (desinfección, selección y almacenamiento adecuado)",N,1,,65
P703_4,"LA ÚLTIMA CAPACITACIÓN QUE RECIBIÓ SOBRE Técnica de manejo de semillas (desinfección, selección y almacenamiento adecuado) ¿ QUÉ INSTITUCIÓN O PERSONA SE LA BRINDÓ?",N,1,,66
P703A_4,"¿EN QUÉ AÑO RECIBIÓ LA ÚLTIMA CAPACITACIÓN DE: Técnica de manejo de semillas (desinfección, selección y almacenamiento adecuado)?",N,4,,66
P702_5,EN QUÉ TEMAS RECIBIÓ CAPACITACIÓN? Operación y mantenimiento de sistemas de riego,N,1,,66
P703_5,LA ÚLTIMA CAPACITACIÓN QUE RECIBIÓ SOBRE Operación y mantenimiento de sistemas de riego ¿ QUÉ INSTITUCIÓN O PERSONA SE LA BRINDÓ?,N,1,,66
P703A_5,¿EN QUÉ AÑO RECIBIÓ LA ÚLTIMA CAPACITACIÓN DE: Operación y mantenimiento de sistemas de riego?,N,4,,66
P702_6,EN QUÉ TEMAS RECIBIÓ CAPACITACIÓN? Sistemas de riego tecnificado,N,1,,66
P703_6,LA ÚLTIMA CAPACITACIÓN QUE RECIBIÓ SOBRE Sistemas de riego tecnificado ¿ QUÉ INSTITUCIÓN O PERSONA SE LA BRINDÓ?,N,1,,66
P703A_6,¿EN QUÉ AÑO RECIBIÓ LA ÚLTIMA CAPACITACIÓN DE: Sistemas de riego tecnificado?,N,4,,66
P702_7,EN QUÉ TEMAS RECIBIÓ CAPACITACIÓN? Prácticas adecuadas de riego,N,1,,66
P703_7,LA ÚLTIMA CAPACITACIÓN QUE RECIBIÓ SOBRE Prácticas adecuadas de riego ¿ QUÉ INSTITUCIÓN O PERSONA SE LA BRINDÓ?,N,1,,67
P703A_7,¿EN QUÉ AÑO RECIBIÓ LA ÚLTIMA CAPACITACIÓN DE: Prácticas adecuadas de riego?,N,4,,67
P702_8,EN QUÉ TEMAS RECIBIÓ CAPACITACIÓN? Uso de abonos y fertilizantes,N,1,,67
P703_8,LA ÚLTIMA CAPACITACIÓN QUE RECIBIÓ SOBRE Uso de abonos y fertilizantes ¿ QUÉ INSTITUCIÓN O PERSONA SE LA BRINDÓ?,N,1,,67
P703A_8,¿EN QUÉ AÑO RECIBIÓ LA ÚLTIMA CAPACITACIÓN DE: Uso de abonos y fertilizantes?,N,4,,67
P702_9,"EN QUÉ TEMAS RECIBIÓ CAPACITACIÓN? Uso de plaguicidas (Insecticidas, fungicidas, herbicidas, acaricidas, bactericidas, nematicidas, rodenticidas, molusquicidas, etc.)",N,1,,67
P703_9,"LA ÚLTIMA CAPACITACIÓN QUE RECIBIÓ SOBRE Uso de plaguicidas (Insecticidas, fungicidas, herbicidas, acaricidas, bactericidas, nematicidas, rodenticidas, molusquicidas, etc.) ¿ QUÉ INSTITUCIÓN O PERSONA SE LA BRINDÓ?",N,1,,67
P703A_9,"¿EN QUÉ AÑO RECIBIÓ LA ÚLTIMA CAPACITACIÓN DE: Uso de plaguicidas (Insecticidas, fungicidas, herbicidas, acaricidas, bactericidas, nematicidas, rodenticidas, molusquicidas, etc.)?",N,4,,67
P702_10,EN QUÉ TEMAS RECIBIÓ CAPACITACIÓN? Uso de control biológico,N,1,,67
P703_10,LA ÚLTIMA CAPACITACIÓN QUE RECIBIÓ SOBRE Uso de control biológico ¿ QUÉ INSTITUCIÓN O PERSONA SE LA BRINDÓ?,N,1,,68
P703A_10,¿EN QUÉ AÑO RECIBIÓ LA ÚLTIMA CAPACITACIÓN DE: Uso de control biológico?,N,4,,68
P702_11,EN QUÉ TEMAS RECIBIÓ CAPACITACIÓN? Manejo integrado de plagas,N,1,,68
P703_11,LA ÚLTIMA CAPACITACIÓN QUE RECIBIÓ SOBRE Manejo integrado de plagas ¿ QUÉ INSTITUCIÓN O PERSONA SE LA BRINDÓ?,N,1,,68
P703A_11,¿EN QUÉ AÑO RECIBIÓ LA ÚLTIMA CAPACITACIÓN DE: Manejo integrado de plagas?,N,4,,68
P702_12,EN QUÉ TEMAS RECIBIÓ CAPACITACIÓN? Estándares de calidad de agua para riego,N,1,,68
P703_12,LA ÚLTIMA CAPACITACIÓN QUE RECIBIÓ SOBRE Estándares de calidad de agua para riego ¿ QUÉ INSTITUCIÓN O PERSONA SE LA BRINDÓ?,N,1,,68
P703A_12,¿EN QUÉ AÑO RECIBIÓ LA ÚLTIMA CAPACITACIÓN DE: Estándares de calidad de agua para riego?,N,4,,68
P702_13,EN QUÉ TEMAS RECIBIÓ CAPACITACIÓN? Buenas prácticas agrícolas (BPA),N,1,,68
P703_13,LA ÚLTIMA CAPACITACIÓN QUE RECIBIÓ SOBRE Buenas prácticas agrícolas (BPA) ¿ QUÉ INSTITUCIÓN O PERSONA SE LA BRINDÓ?,N,1,,69
P703A_13,¿EN QUÉ AÑO RECIBIÓ LA ÚLTIMA CAPACITACIÓN DE: Buenas prácticas agrícolas (BPA)?,N,4,,69
P702_14,EN QUÉ TEMAS RECIBIÓ CAPACITACIÓN? Producción orgánica,N,1,,69
P703_14,LA ÚLTIMA CAPACITACIÓN QUE RECIBIÓ SOBRE Producción orgánica ¿QUÉ INSTITUCIÓN O PERSONA SE LA BRINDÓ?,N,1,,69
P703A_14,¿EN QUÉ AÑO RECIBIÓ LA ÚLTIMA CAPACITACIÓN DE: Producción orgánica?,N,4,,69
P702_15,EN QUÉ TEMAS RECIBIÓ CAPACITACIÓN? Instalación y manejo de pastos,N,1,,69
P703_15,LA ÚLTIMA CAPACITACIÓN QUE RECIBIÓ SOBRE Instalación y manejo de pastos ¿ QUÉ INSTITUCIÓN O PERSONA SE LA BRINDÓ?,N,1,,69
P703A_15,¿EN QUÉ AÑO RECIBIÓ LA ÚLTIMA CAPACITACIÓN DE: Instalación y manejo de pastos?,N,4,,69
P702_16,EN QUÉ TEMAS RECIBIÓ CAPACITACIÓN? Prácticas adecuadas de alimentación de los animales de crianza,N,1,,69
P703_16,LA ÚLTIMA CAPACITACIÓN QUE RECIBIÓ SOBRE Prácticas adecuadas de alimentación de los animales de crianza ¿ QUÉ INSTITUCIÓN O PERSONA SE LA BRINDÓ?,N,1,,70
P703A_16,¿EN QUÉ AÑO RECIBIÓ LA ÚLTIMA CAPACITACIÓN DE: Prácticas adecuadas de alimentación de los animales de crianza?,N,4,,70
P702_17,EN QUÉ TEMAS RECIBIÓ CAPACITACIÓN? Técnicas de mejoramiento genético de los animales de crianza,N,1,,70
P703_17,LA ÚLTIMA CAPACITACIÓN QUE RECIBIÓ SOBRE Técnicas de mejoramiento genético de los animales de crianza ¿ QUÉ INSTITUCIÓN O PERSONA SE LA BRINDÓ?,N,1,,70
P703A_17,¿EN QUÉ AÑO RECIBIÓ LA ÚLTIMA CAPACITACIÓN DE: Técnicas de mejoramiento genético de los animales de crianza?,N,4,,70
P702_18,EN QUÉ TEMAS RECIBIÓ CAPACITACIÓN? Uso adecuado de vacunas y/o medicamentos veterinarios,N,1,,70
P703_18,LA ÚLTIMA CAPACITACIÓN QUE RECIBIÓ SOBRE Uso adecuado de vacunas y/o medicamentos veterinarios ¿ QUÉ INSTITUCIÓN O PERSONA SE LA BRINDÓ?,N,1,,70
P703A_18,¿EN QUÉ AÑO RECIBIÓ LA ÚLTIMA CAPACITACIÓN DE: Uso adecuado de vacunas y/o medicamentos veterinarios?,N,4,,70
P702_19,EN QUÉ TEMAS RECIBIÓ CAPACITACIÓN? Prácticas de bioseguridad,N,1,,70
P703_19,LA ÚLTIMA CAPACITACIÓN QUE RECIBIÓ SOBRE Prácticas de bioseguridad ¿ QUÉ INSTITUCIÓN O PERSONA SE LA BRINDÓ?,N,1,,71
P703A_19,¿EN QUÉ AÑO RECIBIÓ LA ÚLTIMA CAPACITACIÓN DE: Prácticas de bioseguridad?,N,4,,71
P702_20,EN QUÉ TEMAS RECIBIÓ CAPACITACIÓN? Buenas prácticas pecuarias (BPP),N,1,,71
P703_20,LA ÚLTIMA CAPACITACIÓN QUE RECIBIÓ SOBRE Buenas prácticas pecuarias (BPP) ¿ QUÉ INSTITUCIÓN O PERSONA SE LA BRINDÓ?,N,1,,71
P703A_20,¿EN QUÉ AÑO RECIBIÓ LA ÚLTIMA CAPACITACIÓN DE: Buenas prácticas pecuarias (BPP)?,N,4,,71
P702_20A,EN QUÉ TEMAS RECIBIÓ CAPACITACIÓN? Conservación de forrajes,N,1,,71
P703_20A,LA ÚLTIMA CAPACITACIÓN QUE RECIBIÓ SOBRE Conservación de forrajes ¿QUÉ INSTITUCIÓN O PERSONA SE LA BRINDÓ?,N,1,,71
P703A_20A,¿EN QUÉ AÑO RECIBIÓ LA ÚLTIMA CAPACITACIÓN DE: Conservación de forrajes?,N,4,,71
P702_20B,EN QUÉ TEMAS RECIBIÓ CAPACITACIÓN? Buenas prácticas de manufactura (BPM),N,1,,71
P703_20B,LA ÚLTIMA CAPACITACIÓN QUE RECIBIÓ SOBRE Buenas prácticas de manufactura (BPM) ¿QUÉ INSTITUCIÓN O PERSONA SE LA BRINDÓ?,N,1,,72
P703A_20B,¿EN QUÉ AÑO RECIBIÓ LA ÚLTIMA CAPACITACIÓN DE: Buenas prácticas de manufactura (BPM)?,N,4,,72
P702_20C,EN QUÉ TEMAS RECIBIÓ CAPACITACIÓN? Buenas prácticas de esquila,N,1,,72
P703_20C,LA ÚLTIMA CAPACITACIÓN QUE RECIBIÓ SOBRE Buenas prácticas de esquila ¿ QUÉ INSTITUCIÓN O PERSONA SE LA BRINDÓ?,N,1,,72
P703A_20C,¿EN QUÉ AÑO RECIBIÓ LA ÚLTIMA CAPACITACIÓN DE: Buenas prácticas de esquila?,N,4,,72
P702_20D,EN QUÉ TEMAS RECIBIÓ CAPACITACIÓN? Categorización y clasificación de fibra,N,1,,72
P703_20D,LA ÚLTIMA CAPACITACIÓN QUE RECIBIÓ SOBRE Categorización y clasificación de fibra ¿ QUÉ INSTITUCIÓN O PERSONA SE LA BRINDÓ?,N,1,,72
P703A_20D,¿EN QUÉ AÑO RECIBIÓ LA ÚLTIMA CAPACITACIÓN DE: Categorización y clasificación de fibra?,N,4,,72
P702_20E,EN QUÉ TEMAS RECIBIÓ CAPACITACIÓN? Buenas prácticas de ordeño,N,1,,72
P703_20E,LA ÚLTIMA CAPACITACIÓN QUE RECIBIÓ SOBRE Buenas prácticas de ordeño ¿ QUÉ INSTITUCIÓN O PERSONA SE LA BRINDÓ?,N,1,,73
P703A_20E,¿EN QUÉ AÑO RECIBIÓ LA ÚLTIMA CAPACITACIÓN DE: Buenas prácticas de ordeño?,N,4,,73
P702_21,EN QUÉ TEMAS RECIBIÓ CAPACITACIÓN? Manipulación e higiene de alimentos de origen vegetal o animal,N,1,,73
P703_21,LA ÚLTIMA CAPACITACIÓN QUE RECIBIÓ SOBRE Manipulación e higiene de alimentos de origen vegetal o animal ¿ QUÉ INSTITUCIÓN O PERSONA SE LA BRINDÓ?,N,1,,73
P703A_21,¿EN QUÉ AÑO RECIBIÓ LA ÚLTIMA CAPACITACIÓN DE: Manipulación e higiene de alimentos de origen vegetal o animal?,N,4,,73
P702_22,EN QUÉ TEMAS RECIBIÓ CAPACITACIÓN? Almacenamiento de alimentos de origen vegetal o animal,N,1,,73
P703_22,LA ÚLTIMA CAPACITACIÓN QUE RECIBIÓ SOBRE Almacenamiento de alimentos de origen vegetal o animal ¿QUÉ INSTITUCIÓN O PERSONA SE LA BRINDÓ?,N,1,,73
P703A_22,¿EN QUÉ AÑO RECIBIÓ LA ÚLTIMA CAPACITACIÓN DE: Almacenamiento de alimentos de origen vegetal o animal?,N,4,,73
P702_23,EN QUÉ TEMAS RECIBIÓ CAPACITACIÓN? Contaminación de alimentos de origen vegetal o animal,N,1,,73
P703_23,LA ÚLTIMA CAPACITACIÓN QUE RECIBIÓ SOBRE Contaminación de alimentos de origen vegetal o animal ¿QUÉ INSTITUCIÓN O PERSONA SE LA BRINDÓ?,N,1,,74
P703A_23,¿EN QUÉ AÑO RECIBIÓ LA ÚLTIMA CAPACITACIÓN DE: Contaminación de alimentos de origen vegetal o animal ?,N,4,,74
P702_23A,EN QUÉ TEMAS RECIBIÓ CAPACITACIÓN? Articulación de mercados,N,1,,74
P703_23A,LA ÚLTIMA CAPACITACIÓN QUE RECIBIÓ SOBRE Articulación de mercados ¿QUÉ INSTITUCIÓN O PERSONA SE LA BRINDÓ?,N,1,,74
P703A_23A,¿EN QUÉ AÑO RECIBIÓ LA ÚLTIMA CAPACITACIÓN DE: Articulación de mercados?,N,4,,74
P702_23B,"EN QUÉ TEMAS RECIBIÓ CAPACITACIÓN? Información agroclimática (temperatura, precipitaciones, velocidad del viento, etc.)",N,1,,74
P703_23B,"LA ÚLTIMA CAPACITACIÓN QUE RECIBIÓ SOBRE Información agroclimática (temperatura, precipitaciones, velocidad del viento, etc.) ¿QUÉ INSTITUCIÓN O PERSONA SE LA BRINDÓ?",N,1,,74
P703A_23B,"¿EN QUÉ AÑO RECIBIÓ LA ÚLTIMA CAPACITACIÓN DE: Información agroclimática (temperatura, precipitaciones, velocidad del viento, etc.)?",N,4,,74
P702_24,EN QUÈ TEMAS RECIBIÒ CAPACITACIÓN? Registros para el manejo ganadero,N,1,,74
P703_24,LA ÚLTIMA CAPACITACIÓN QUE RECIBIÓ SOBRE Registros para el manejo ganadero ¿ QUÉ INSTITUCIÓN O PERSONA SE LA BRINDÓ?,N,1,,75
P703A_24,¿EN QUÉ AÑO RECIBIÓ LA ÚLTIMA CAPACITACIÓN DE: Registros para el manejo ganadero?,N,4,,75
P702_25,EN QUÈ TEMAS RECIBIÒ CAPACITACIÓN? Otro,N,1,,75
P703_25,LA ÚLTIMA CAPACITACIÓN QUE RECIBIÓ SOBRE Otro ¿ QUÉ INSTITUCIÓN O PERSONA SE LA BRINDÓ?,N,1,,75
P703A_25,¿EN QUÉ AÑO RECIBIÓ LA ÚLTIMA CAPACITACIÓN DE: Otro?,N,4,,75
P704,"EN LOS ÚLTIMOS 3 AÑOS, DE ……………… A ………………, ¿ UD. HA RECIBIDO ASISTENCIA TÉCNICA?",N,1,,75
P705_1,¿EN QUÉ TEMAS RECIBIÓ ASISTENCIA TÉCNICA? Implementación de análisis de suelos,N,1,,75
P706_1,LA ÚLTIMA ASISTENCIA TÉCNICA QUE RECIBIÓ SOBRE Implementación de análisis de suelos ¿QUÉ INSTITUCIÓN O PERSONA SE LA BRINDÓ?,N,2,,75
P706A_1,¿EN QUÉ AÑO RECIBIÓ LA ÚLTIMA ASISTENCIA TÉCNICA DE: Implementación de análisis de suelos?,N,4,,75
P705_2,¿EN QUÉ TEMAS RECIBIÓ ASISTENCIA TÉCNICA? Operación y mantenimiento de sistemas de riego,N,1,,75
P706_2,LA ÚLTIMA ASISTENCIA TÉCNICA QUE RECIBIÓ SOBRE Operación y mantenimiento de sistemas de riego ¿ QUÉ INSTITUCIÓN O PERSONA SE LA BRINDÓ?,N,2,,76
P706A_2,¿EN QUÉ AÑO RECIBIÓ LA ÚLTIMA ASISTENCIA TÉCNICA DE: Operación y mantenimiento de sistemas de riego?,N,4,,76
P705_3,¿EN QUÉ TEMAS RECIBIÓ ASISTENCIA TÉCNICA? Sistemas de riego tecnificado,N,1,,76
P706_3,LA ÚLTIMA ASISTENCIA TÉCNICA QUE RECIBIÓ SOBRE Sistemas de riego tecnificado ¿ QUÉ INSTITUCIÓN O PERSONA SE LA BRINDÓ?,N,2,,76
P706A_3,¿EN QUÉ AÑO RECIBIÓ LA ÚLTIMA ASISTENCIA TÉCNICA DE: Sistemas de riego tecnificado?,N,4,,76
P705_16,¿EN QUÉ TEMAS RECIBIÓ ASISTENCIA TÉCNICA? Buenas prácticas de riego,N,1,,76
P706_16,LA ÚLTIMA ASISTENCIA TÉCNICA QUE RECIBIÓ SOBRE Buenas prácticas de riego ¿ QUÉ INSTITUCIÓN O PERSONA SE LA BRINDÓ?,N,2,,76
P706A_16,¿EN QUÉ AÑO RECIBIÓ LA ÚLTIMA ASISTENCIA TÉCNICA DE: Buenas prácticas de riego?,N,4,,76
P705_4,¿EN QUÉ TEMAS RECIBIÓ ASISTENCIA TÉCNICA? Uso de abonos y fertilizantes,N,1,,76
P706_4,LA ÚLTIMA ASISTENCIA TÉCNICA QUE RECIBIÓ SOBRE Uso de abonos y fertilizantes ¿ QUÉ INSTITUCIÓN O PERSONA SE LA BRINDÓ?,N,2,,77
P706A_4,¿EN QUÉ AÑO RECIBIÓ LA ÚLTIMA ASISTENCIA TÉCNICA DE: Uso de abonos y fertilizantes?,N,4,,77
P705_5,"¿EN QUÉ TEMAS RECIBIÓ ASISTENCIA TÉCNICA? Uso de plaguicidas (Insecticidas, fungicidas, herbicidas, acaricidas, bactericidas, nematicidas, rodenticidas, molusquicidas, etc.)",N,1,,77
P706_5,"LA ÚLTIMA ASISTENCIA TÉCNICA QUE RECIBIÓ SOBRE Uso de plaguicidas (Insecticidas, fungicidas, herbicidas, acaricidas, bactericidas, nematicidas, rodenticidas, molusquicidas, etc.) ¿ QUÉ INSTITUCIÓN O PERSONA SE LA BRINDÓ?",N,2,,77
P706A_5,"¿EN QUÉ AÑO RECIBIÓ LA ÚLTIMA ASISTENCIA TÉCNICA DE: Uso de plaguicidas (Insecticidas, fungicidas, herbicidas, acaricidas, bactericidas, nematicidas, rodenticidas, molusquicidas, etc.) ?",N,4,,77
P705_6,¿EN QUÉ TEMAS RECIBIÓ ASISTENCIA TÉCNICA? Uso del control biológico,N,1,,77
P706_6,LA ÚLTIMA ASISTENCIA TÉCNICA QUE RECIBIÓ SOBRE Uso del control biológico ¿ QUÉ INSTITUCIÓN O PERSONA SE LA BRINDÓ?,N,2,,77
P706A_6,¿EN QUÉ AÑO RECIBIÓ LA ÚLTIMA ASISTENCIA TÉCNICA DE: Uso del control biológico?,N,4,,77
P705_7,¿EN QUÉ TEMAS RECIBIÓ ASISTENCIA TÉCNICA? Manejo integrado de plagas,N,1,,77
P706_7,LA ÚLTIMA ASISTENCIA TÉCNICA QUE RECIBIÓ SOBRE Manejo integrado de plagas ¿ QUÉ INSTITUCIÓN O PERSONA SE LA BRINDÓ?,N,2,,78
P706A_7,¿EN QUÉ AÑO RECIBIÓ LA ÚLTIMA ASISTENCIA TÉCNICA DE: Manejo integrado de plagas?,N,4,,78
P705_8,¿EN QUÉ TEMAS RECIBIÓ ASISTENCIA TÉCNICA? Buenas prácticas agrícolas (BPA),N,1,,78
P706_8,LA ÚLTIMA ASISTENCIA TÉCNICA QUE RECIBIÓ SOBRE Buenas prácticas agrícolas (BPA) ¿ QUÉ INSTITUCIÓN O PERSONA SE LA BRINDÓ?,N,2,,78
P706A_8,¿EN QUÉ AÑO RECIBIÓ LA ÚLTIMA ASISTENCIA TÉCNICA DE: Buenas prácticas agrícolas (BPA)?,N,4,,78
P705_9,¿EN QUÉ TEMAS RECIBIÓ ASISTENCIA TÉCNICA? Producción orgánica,N,1,,78
P706_9,LA ÚLTIMA ASISTENCIA TÉCNICA QUE RECIBIÓ SOBRE Producción orgánica ¿ QUÉ INSTITUCIÓN O PERSONA SE LA BRINDÓ?,N,2,,78
P706A_9,¿EN QUÉ AÑO RECIBIÓ LA ÚLTIMA ASISTENCIA TÉCNICA DE: Producción orgánica?,N,4,,78
P705_10,¿EN QUÉ TEMAS RECIBIÓ ASISTENCIA TÉCNICA? Instalación y manejo de pastos (pastos cultivados y/o pastos naturales),N,1,,78
P706_10,LA ÚLTIMA ASISTENCIA TÉCNICA QUE RECIBIÓ SOBRE Instalación y manejo de pastos (pastos cultivados y/o pastos naturales) ¿ QUÉ INSTITUCIÓN O PERSONA SE LA BRINDÓ?,N,2,,79
P706A_10,¿EN QUÉ AÑO RECIBIÓ LA ÚLTIMA ASISTENCIA TÉCNICA DE: Instalación y manejo de pastos (pastos cultivados y/o pastos naturales),N,4,,79
P705_11,¿EN QUÉ TEMAS RECIBIÓ ASISTENCIA TÉCNICA? Prácticas adecuadas de alimentación de los animales de crianza,N,1,,79
P706_11,LA ÚLTIMA ASISTENCIA TÉCNICA QUE RECIBIÓ SOBRE Prácticas adecuadas de alimentación de los animales de crianza ¿ QUÉ INSTITUCIÓN O PERSONA SE LA BRINDÓ?,N,2,,79
P706A_11,¿EN QUÉ AÑO RECIBIÓ LA ÚLTIMA ASISTENCIA TÉCNICA DE: Prácticas adecuadas de alimentación de los animales de crianza ?,N,4,,79
P705_12,¿EN QUÉ TEMAS RECIBIÓ ASISTENCIA TÉCNICA? Técnicas de mejoramiento genético de los animales de crianza,N,1,,79
P706_12,LA ÚLTIMA ASISTENCIA TÉCNICA QUE RECIBIÓ SOBRE Técnicas de mejoramiento genético de los animales de crianza ¿ QUÉ INSTITUCIÓN O PERSONA SE LA BRINDÓ?,N,2,,79
P706A_12,¿EN QUÉ AÑO RECIBIÓ LA ÚLTIMA ASISTENCIA TÉCNICA DE: Técnicas de mejoramiento genético de los animales de crianza?,N,4,,79
P705_13,¿EN QUÉ TEMAS RECIBIÓ ASISTENCIA TÉCNICA? Buenas prácticas pecuarias (BPP),N,1,,79
P706_13,LA ÚLTIMA ASISTENCIA TÉCNICA QUE RECIBIÓ SOBRE Buenas prácticas pecuarias (BPP) ¿ QUÉ INSTITUCIÓN O PERSONA SE LA BRINDÓ?,N,2,,80
P706A_13,¿EN QUÉ AÑO RECIBIÓ LA ÚLTIMA ASISTENCIA TÉCNICA DE: Buenas prácticas pecuarias (BPP)?,N,4,,80
P705_14,EN QUÉ TEMAS RECIBIÓ ASISTENCIA TÉCNICA? Otro 1,N,1,,80
P706_14,LA ÚLTIMA ASISTENCIA TÉCNICA QUE RECIBIÓ SOBRE Otro 1 ¿ QUÉ INSTITUCIÓN O PERSONA SE LA BRINDÓ?,N,2,,80
P706A_14,¿EN QUÉ AÑO RECIBIÓ LA ÚLTIMA ASISTENCIA TÉCNICA DE: Otro 1?,N,4,,80
P705_15,¿EN QUÉ TEMAS RECIBIÓ ASISTENCIA TÉCNICA? Otro 2,N,1,,80
P706_15,LA ÚLTIMA ASISTENCIA TÉCNICA QUE RECIBIÓ SOBRE Otro 2 ¿ QUÉ INSTITUCIÓN O PERSONA SE LA BRINDÓ?,N,2,,80
P706A_15,¿EN QUÉ AÑO RECIBIÓ LA ÚLTIMA ASISTENCIA TÉCNICA DE: Otro 2?,N,4,,80
P706B,¿CONOCE UD. LAS ESCUELAS DE CAMPO DE AGRICULTORES?,N,1,,80
P706C,"EN LOS ÚLTIMOS 12 MESES, DE ……………….… A …………………., ¿UD. PARTICIPÓ EN ALGUNA ESCUELA DE CAMPO DE AGRICULTORES?",N,1,,80
P707_1,"EN LOS ÚLTIMOS 12 MESES, DE …………… A ……………, ¿/UD. UTILIZÓ INFORMACIÓN AGROPECUARIA COMO: Precio de venta (chacra, mayorista, minorista)?",N,1,,80
P708_1_1,¿QUIÉN LE BRINDÓ LA INFORMACIÓN: Ministerio de Desarrollo Agrario y Riego?,N,1,,80
P708_1_2,¿QUIÉN LE BRINDÓ LA INFORMACIÓN: Gobierno regional?,N,1,,81
P708_1_3,¿QUIÉN LE BRINDÓ LA INFORMACIÓN: Gobierno Local?,N,1,,81
P708_1_4,¿QUIÉN LE BRINDÓ LA INFORMACIÓN: Organismo No Gubernamental (ONG)?,N,1,,81
P708_1_5,¿QUIÉN LE BRINDÓ LA INFORMACIÓN: Empresa Privada?,N,1,,81
P708_1_6,¿QUIÉN LE BRINDÓ LA INFORMACIÓN: Asociación de productores?,N,1,,81
P708_1_7,"¿QUIÉN LE BRINDÓ LA INFORMACIÓN: Comerciante, productor, amigo?",N,1,,81
P708_1_9,¿QUIÉN LE BRINDÓ LA INFORMACIÓN: Servicio Nacional de Meteorología e Hidrología del Perú (SENAMHI)?,N,1,,81
P708_1_8,¿QUIÉN LE BRINDÓ LA INFORMACIÓN: Otro?,N,1,,81
P709_1_1,¿ A TRAVÉS DE QUE MEDIO DE COMUNICACIÓN TUVO ACCESO A LA INFORMACIÓN? Radio,N,1,,81
P709_1_2,¿ A TRAVÉS DE QUE MEDIO DE COMUNICACIÓN TUVO ACCESO A LA INFORMACIÓN? Televisión,N,1,,81
P709_1_3,¿ A TRAVÉS DE QUE MEDIO DE COMUNICACIÓN TUVO ACCESO A LA INFORMACIÓN? Teléfono,N,1,,81
P709_1_4,¿ A TRAVÉS DE QUE MEDIO DE COMUNICACIÓN TUVO ACCESO A LA INFORMACIÓN? Diarios,N,1,,81
P709_1_5,¿ A TRAVÉS DE QUE MEDIO DE COMUNICACIÓN TUVO ACCESO A LA INFORMACIÓN? Folletos,N,1,,81
P709_1_6,¿ A TRAVÉS DE QUE MEDIO DE COMUNICACIÓN TUVO ACCESO A LA INFORMACIÓN? Internet,N,1,,81
P709_1_7,¿ A TRAVÉS DE QUE MEDIO DE COMUNICACIÓN TUVO ACCESO A LA INFORMACIÓN? Talleres,N,1,,81
P709_1_8,¿ A TRAVÉS DE QUE MEDIO DE COMUNICACIÓN TUVO ACCESO A LA INFORMACIÓN? Comunicación verbal,N,1,,81
P709_1_9,¿ A TRAVÉS DE QUE MEDIO DE COMUNICACIÓN TUVO ACCESO A LA INFORMACIÓN? Otro,N,1,,81
P707_2,"EN LOS ÚLTIMOS 12 MESES, DE …………… A ……………, ¿LA EMPRESA/UD. UTILIZÓ INFORMACIÓN AGROPECUARIA COMO: Cantidad producida?",N,1,,81
P708_2_1,¿QUIÉN LE BRINDÓ LA INFORMACIÓN: Ministerio de Desarrollo Agrario y Riego?,N,1,,81
P708_2_2,¿QUIÉN LE BRINDÓ LA INFORMACIÓN: Gobierno Regional?,N,1,,81
P708_2_3,¿QUIÉN LE BRINDÓ LA INFORMACIÓN: Gobierno Local?,N,1,,81
P708_2_4,¿QUIÉN LE BRINDÓ LA INFORMACIÓN: Organismo No Gubernamental (ONG)?,N,1,,81
P708_2_5,¿QUIÉN LE BRINDÓ LA INFORMACIÓN: Empresa Privada?,N,1,,81
P708_2_6,¿QUIÉN LE BRINDÓ LA INFORMACIÓN: Asociación de productores?,N,1,,81
P708_2_7,"¿QUIÉN LE BRINDÓ LA INFORMACIÓN: Comerciante, productor, amigo?",N,1,,81
P708_2_9,¿QUIÉN LE BRINDÓ LA INFORMACIÓN: Servicio Nacional de Meteorología e Hidrología del Perú (SENAMHI)?,N,1,,81
P708_2_8,¿QUIÉN LE BRINDÓ LA INFORMACIÓN: Otro?,N,1,,81
P709_2_1,¿ A TRAVÉS DE QUE MEDIO DE COMUNICACIÓN TUVO ACCESO A LA INFORMACIÓN? Radio,N,1,,81
P709_2_2,¿ A TRAVÉS DE QUE MEDIO DE COMUNICACIÓN TUVO ACCESO A LA INFORMACIÓN? Televisión,N,1,,81
P709_2_3,¿ A TRAVÉS DE QUE MEDIO DE COMUNICACIÓN TUVO ACCESO A LA INFORMACIÓN? Teléfono,N,1,,81
P709_2_4,¿ A TRAVÉS DE QUE MEDIO DE COMUNICACIÓN TUVO ACCESO A LA INFORMACIÓN? Diarios,N,1,,82
P709_2_5,¿ A TRAVÉS DE QUE MEDIO DE COMUNICACIÓN TUVO ACCESO A LA INFORMACIÓN? Folletos,N,1,,82
P709_2_6,¿ A TRAVÉS DE QUE MEDIO DE COMUNICACIÓN TUVO ACCESO A LA INFORMACIÓN? Internet,N,1,,82
P709_2_7,¿ A TRAVÉS DE QUE MEDIO DE COMUNICACIÓN TUVO ACCESO A LA INFORMACIÓN? Talleres,N,1,,82
P709_2_8,¿ A TRAVÉS DE QUE MEDIO DE COMUNICACIÓN TUVO ACCESO A LA INFORMACIÓN? Comunicación verbal,N,1,,82
P709_2_9,¿ A TRAVÉS DE QUE MEDIO DE COMUNICACIÓN TUVO ACCESO A LA INFORMACIÓN? Otro,N,1,,82
P707_3,"EN LOS ÚLTIMOS 12 MESES, DE …………… A ……………, ¿LA EMPRESA/UD. UTILIZÓ INFORMACIÓN AGROPECUARIA COMO: Demanda de productos agropecuarios?",N,1,,82
P708_3_1,¿QUIÉN LE BRINDÓ LA INFORMACIÓN: Ministerio de Desarrollo Agrario y Riego?,N,1,,82
P708_3_2,¿QUIÉN LE BRINDÓ LA INFORMACIÓN: Gobierno Regional?,N,1,,82
P708_3_3,¿QUIÉN LE BRINDÓ LA INFORMACIÓN: Gobierno Local?,N,1,,82
P708_3_4,¿QUIÉN LE BRINDÓ LA INFORMACIÓN: Organismo No Gubernamental (ONG)?,N,1,,82
P708_3_5,¿QUIÉN LE BRINDÓ LA INFORMACIÓN: Empresa Privada?,N,1,,82
P708_3_6,¿QUIÉN LE BRINDÓ LA INFORMACIÓN: Asociación de productores?,N,1,,82
P708_3_7,"¿QUIÉN LE BRINDÓ LA INFORMACIÓN: Comerciante, productor, amigo?",N,1,,82
P708_3_9,¿QUIÉN LE BRINDÓ LA INFORMACIÓN: Servicio Nacional de Meteorología e Hidrología del Perú (SENAMHI)?,N,1,,82
P708_3_8,¿QUIÉN LE BRINDÓ LA INFORMACIÓN: Otro?,N,1,,82
P709_3_1,¿ A TRAVÉS DE QUE MEDIO DE COMUNICACIÓN TUVO ACCESO A LA INFORMACIÓN? Radio,N,1,,82
P709_3_2,¿ A TRAVÉS DE QUE MEDIO DE COMUNICACIÓN TUVO ACCESO A LA INFORMACIÓN? Televisión,N,1,,82
P709_3_3,¿ A TRAVÉS DE QUE MEDIO DE COMUNICACIÓN TUVO ACCESO A LA INFORMACIÓN? Teléfono,N,1,,82
P709_3_4,¿ A TRAVÉS DE QUE MEDIO DE COMUNICACIÓN TUVO ACCESO A LA INFORMACIÓN? Diarios,N,1,,82
P709_3_5,¿ A TRAVÉS DE QUE MEDIO DE COMUNICACIÓN TUVO ACCESO A LA INFORMACIÓN? Folletos,N,1,,82
P709_3_6,¿ A TRAVÉS DE QUE MEDIO DE COMUNICACIÓN TUVO ACCESO A LA INFORMACIÓN? Internet,N,1,,82
P709_3_7,¿ A TRAVÉS DE QUE MEDIO DE COMUNICACIÓN TUVO ACCESO A LA INFORMACIÓN? Talleres,N,1,,82
P709_3_8,¿ A TRAVÉS DE QUE MEDIO DE COMUNICACIÓN TUVO ACCESO A LA INFORMACIÓN? Comunicación verbal,N,1,,82
P709_3_9,¿ A TRAVÉS DE QUE MEDIO DE COMUNICACIÓN TUVO ACCESO A LA INFORMACIÓN? Otro,N,1,,82
P707_4,"EN LOS ÚLTIMOS 12 MESES, DE …………… A ……………, ¿LA EMPRESA/UD. UTILIZÓ INFORMACIÓN AGROPECUARIA COMO: Cantidad comercializada?",N,1,,82
P708_4_1,¿QUIÉN LE BRINDÓ LA INFORMACIÓN: Ministerio de Desarrollo Agrario y Riego?,N,1,,82
P708_4_2,¿QUIÉN LE BRINDÓ LA INFORMACIÓN: Gobierno Regional?,N,1,,82
P708_4_3,¿QUIÉN LE BRINDÓ LA INFORMACIÓN: Gobierno Local?,N,1,,82
P708_4_4,¿QUIÉN LE BRINDÓ LA INFORMACIÓN: Organismo No Gubernamental (ONG)?,N,1,,82
P708_4_5,¿QUIÉN LE BRINDÓ LA INFORMACIÓN: Empresa Privada?,N,1,,83
P708_4_6,¿QUIÉN LE BRINDÓ LA INFORMACIÓN: Asociación de productores?,N,1,,83
P708_4_7,"¿QUIÉN LE BRINDÓ LA INFORMACIÓN: Comerciante, productor, amigo?",N,1,,83
P708_4_9,¿QUIÉN LE BRINDÓ LA INFORMACIÓN: Servicio Nacional de Meteorología e Hidrología del Perú (SENAMHI)?,N,1,,83
P708_4_8,¿QUIÉN LE BRINDÓ LA INFORMACIÓN: Otro?,N,1,,83
P709_4_1,¿ A TRAVÉS DE QUE MEDIO DE COMUNICACIÓN TUVO ACCESO A LA INFORMACIÓN? Radio,N,1,,83
P709_4_2,¿ A TRAVÉS DE QUE MEDIO DE COMUNICACIÓN TUVO ACCESO A LA INFORMACIÓN? Televisión,N,1,,83
P709_4_3,¿ A TRAVÉS DE QUE MEDIO DE COMUNICACIÓN TUVO ACCESO A LA INFORMACIÓN? Teléfono,N,1,,83
P709_4_4,¿ A TRAVÉS DE QUE MEDIO DE COMUNICACIÓN TUVO ACCESO A LA INFORMACIÓN? Diarios,N,1,,83
P709_4_5,¿ A TRAVÉS DE QUE MEDIO DE COMUNICACIÓN TUVO ACCESO A LA INFORMACIÓN? Folletos,N,1,,83
P709_4_6,¿ A TRAVÉS DE QUE MEDIO DE COMUNICACIÓN TUVO ACCESO A LA INFORMACIÓN? Internet,N,1,,83
P709_4_7,¿ A TRAVÉS DE QUE MEDIO DE COMUNICACIÓN TUVO ACCESO A LA INFORMACIÓN? Talleres,N,1,,83
P709_4_8,¿ A TRAVÉS DE QUE MEDIO DE COMUNICACIÓN TUVO ACCESO A LA INFORMACIÓN? Comunicación verbal,N,1,,83
P709_4_9,¿ A TRAVÉS DE QUE MEDIO DE COMUNICACIÓN TUVO ACCESO A LA INFORMACIÓN? Otro,N,1,,83
P707_5,"EN LOS ÚLTIMOS 12 MESES, DE …………… A ……………, ¿UD. UTILIZÓ INFORMACIÓN AGROPECUARIA COMO: Información agroclimática (temperatura, precipitaciones, velocidad del viento, etc.)?",N,1,,83
P708_5_1,¿QUIÉN LE BRINDÓ LA INFORMACIÓN: Ministerio de Desarrollo Agrario y Riego?,N,1,,83
P708_5_2,¿QUIÉN LE BRINDÓ LA INFORMACIÓN: Gobierno Regional?,N,1,,83
P708_5_3,¿QUIÉN LE BRINDÓ LA INFORMACIÓN: Gobierno Local?,N,1,,83
P708_5_4,¿QUIÉN LE BRINDÓ LA INFORMACIÓN: Organismo No Gubernamental (ONG)?,N,1,,83
P708_5_5,¿QUIÉN LE BRINDÓ LA INFORMACIÓN: Empresa Privada?,N,1,,83
P708_5_6,¿QUIÉN LE BRINDÓ LA INFORMACIÓN: Asociación de productores?,N,1,,83
P708_5_7,"¿QUIÉN LE BRINDÓ LA INFORMACIÓN: Comerciante, productor, amigo?",N,1,,83
P708_5_9,¿QUIÉN LE BRINDÓ LA INFORMACIÓN: Servicio Nacional de Meteorología e Hidrología del Perú (SENAMHI)?,N,1,,83
P708_5_8,¿QUIÉN LE BRINDÓ LA INFORMACIÓN: Otro?,N,1,,83
P709_5_1,¿ A TRAVÉS DE QUE MEDIO DE COMUNICACIÓN TUVO ACCESO A LA INFORMACIÓN? Radio,N,1,,83
P709_5_2,¿ A TRAVÉS DE QUE MEDIO DE COMUNICACIÓN TUVO ACCESO A LA INFORMACIÓN? Televisión,N,1,,83
P709_5_3,¿ A TRAVÉS DE QUE MEDIO DE COMUNICACIÓN TUVO ACCESO A LA INFORMACIÓN? Teléfono,N,1,,83
P709_5_4,¿ A TRAVÉS DE QUE MEDIO DE COMUNICACIÓN TUVO ACCESO A LA INFORMACIÓN? Diarios,N,1,,83
P709_5_5,¿ A TRAVÉS DE QUE MEDIO DE COMUNICACIÓN TUVO ACCESO A LA INFORMACIÓN? Folletos,N,1,,83
P709_5_6,¿ A TRAVÉS DE QUE MEDIO DE COMUNICACIÓN TUVO ACCESO A LA INFORMACIÓN? Internet,N,1,,83
P709_5_7,¿ A TRAVÉS DE QUE MEDIO DE COMUNICACIÓN TUVO ACCESO A LA INFORMACIÓN? Talleres,N,1,,83
P709_5_8,¿ A TRAVÉS DE QUE MEDIO DE COMUNICACIÓN TUVO ACCESO A LA INFORMACIÓN? Comunicación verbal,N,1,,84
P709_5_9,¿ A TRAVÉS DE QUE MEDIO DE COMUNICACIÓN TUVO ACCESO A LA INFORMACIÓN? Otro,N,1,,84
P707_6_1,"EN LOS ÚLTIMOS 12 MESES, DE …………… A ……………, ¿UD. UTILIZÓ INFORMACIÓN AGROPECUARIA COMO: Precio de fertilizantes y abonos?",N,1,,84
P708_6_1_1,¿QUIÉN LE BRINDÓ LA INFORMACIÓN: Ministerio de Desarrollo Agrario y Riego?,N,1,,84
P708_6_1_2,¿QUIÉN LE BRINDÓ LA INFORMACIÓN: Gobierno Regional?,N,1,,84
P708_6_1_3,¿QUIÉN LE BRINDÓ LA INFORMACIÓN: Gobierno Local?,N,1,,84
P708_6_1_4,¿QUIÉN LE BRINDÓ LA INFORMACIÓN: Organismo No Gubernamental (ONG)?,N,1,,84
P708_6_1_5,¿QUIÉN LE BRINDÓ LA INFORMACIÓN: Empresa Privada?,N,1,,84
P708_6_1_6,¿QUIÉN LE BRINDÓ LA INFORMACIÓN: Asociación de productores?,N,1,,84
P708_6_1_7,"¿QUIÉN LE BRINDÓ LA INFORMACIÓN: Comerciante, productor, amigo?",N,1,,84
P708_6_1_9,¿QUIÉN LE BRINDÓ LA INFORMACIÓN: Servicio Nacional de Meteorología e Hidrología del Perú (SENAMHI)?,N,1,,84
P708_6_1_8,¿QUIÉN LE BRINDÓ LA INFORMACIÓN: Otro?,N,1,,84
P709_6_1_1,¿ A TRAVÉS DE QUE MEDIO DE COMUNICACIÓN TUVO ACCESO A LA INFORMACIÓN? Radio,N,1,,84
P709_6_1_2,¿ A TRAVÉS DE QUE MEDIO DE COMUNICACIÓN TUVO ACCESO A LA INFORMACIÓN? Televisión,N,1,,84
P709_6_1_3,¿ A TRAVÉS DE QUE MEDIO DE COMUNICACIÓN TUVO ACCESO A LA INFORMACIÓN? Teléfono,N,1,,84
P709_6_1_4,¿ A TRAVÉS DE QUE MEDIO DE COMUNICACIÓN TUVO ACCESO A LA INFORMACIÓN? Diarios,N,1,,84
P709_6_1_5,¿ A TRAVÉS DE QUE MEDIO DE COMUNICACIÓN TUVO ACCESO A LA INFORMACIÓN? Folletos,N,1,,84
P709_6_1_6,¿ A TRAVÉS DE QUE MEDIO DE COMUNICACIÓN TUVO ACCESO A LA INFORMACIÓN? Internet,N,1,,84
P709_6_1_7,¿ A TRAVÉS DE QUE MEDIO DE COMUNICACIÓN TUVO ACCESO A LA INFORMACIÓN? Talleres,N,1,,84
P709_6_1_8,¿ A TRAVÉS DE QUE MEDIO DE COMUNICACIÓN TUVO ACCESO A LA INFORMACIÓN? Comunicación verbal,N,1,,84
P709_6_1_9,¿ A TRAVÉS DE QUE MEDIO DE COMUNICACIÓN TUVO ACCESO A LA INFORMACIÓN? Otro,N,1,,84
P707_6_2,"EN LOS ÚLTIMOS 12 MESES, DE …………… A ……………, ¿UD. UTILIZÓ INFORMACIÓN AGROPECUARIA COMO: Utilización de fertilizantes y abonos?",N,1,,84
P708_6_2_1,¿QUIÉN LE BRINDÓ LA INFORMACIÓN: Ministerio de Desarrollo Agrario y Riego?,N,1,,84
P708_6_2_2,¿QUIÉN LE BRINDÓ LA INFORMACIÓN: Gobierno Regional?,N,1,,84
P708_6_2_3,¿QUIÉN LE BRINDÓ LA INFORMACIÓN: Gobierno Local?,N,1,,84
P708_6_2_4,¿QUIÉN LE BRINDÓ LA INFORMACIÓN: Organismo No Gubernamental (ONG)?,N,1,,84
P708_6_2_5,¿QUIÉN LE BRINDÓ LA INFORMACIÓN: Empresa Privada?,N,1,,84
P708_6_2_6,¿QUIÉN LE BRINDÓ LA INFORMACIÓN: Asociación de productores?,N,1,,84
P708_6_2_7,"¿QUIÉN LE BRINDÓ LA INFORMACIÓN: Comerciante, productor, amigo?",N,1,,84
P708_6_2_9,¿QUIÉN LE BRINDÓ LA INFORMACIÓN: Servicio Nacional de Meteorología e Hidrología del Perú (SENAMHI)?,N,1,,85
P708_6_2_8,¿QUIÉN LE BRINDÓ LA INFORMACIÓN: Otro?,N,1,,85
P709_6_2_1,¿ A TRAVÉS DE QUE MEDIO DE COMUNICACIÓN TUVO ACCESO A LA INFORMACIÓN? Radio,N,1,,85
P709_6_2_2,¿ A TRAVÉS DE QUE MEDIO DE COMUNICACIÓN TUVO ACCESO A LA INFORMACIÓN? Televisión,N,1,,85
P709_6_2_3,¿ A TRAVÉS DE QUE MEDIO DE COMUNICACIÓN TUVO ACCESO A LA INFORMACIÓN? Teléfono,N,1,,85
P709_6_2_4,¿ A TRAVÉS DE QUE MEDIO DE COMUNICACIÓN TUVO ACCESO A LA INFORMACIÓN? Diarios,N,1,,85
P709_6_2_5,¿ A TRAVÉS DE QUE MEDIO DE COMUNICACIÓN TUVO ACCESO A LA INFORMACIÓN? Folletos,N,1,,85
P709_6_2_6,¿ A TRAVÉS DE QUE MEDIO DE COMUNICACIÓN TUVO ACCESO A LA INFORMACIÓN? Internet,N,1,,85
P709_6_2_7,¿ A TRAVÉS DE QUE MEDIO DE COMUNICACIÓN TUVO ACCESO A LA INFORMACIÓN? Talleres,N,1,,85
P709_6_2_8,¿ A TRAVÉS DE QUE MEDIO DE COMUNICACIÓN TUVO ACCESO A LA INFORMACIÓN? Comunicación verbal,N,1,,85
P709_6_2_9,¿ A TRAVÉS DE QUE MEDIO DE COMUNICACIÓN TUVO ACCESO A LA INFORMACIÓN? Otro,N,1,,85
P707_6_3,"EN LOS ÚLTIMOS 12 MESES, DE …………… A ……………, ¿UD. UTILIZÓ INFORMACIÓN AGROPECUARIA COMO: .Precio de insumos pecuarios (productos veterinarios, sales minerales u otros insumos pecuarios)?",N,1,,85
P708_6_3_1,¿QUIÉN LE BRINDÓ LA INFORMACIÓN: Ministerio de Desarrollo Agrario y Riego?,N,1,,85
P708_6_3_2,¿QUIÉN LE BRINDÓ LA INFORMACIÓN: Gobierno Regional?,N,1,,85
P708_6_3_3,¿QUIÉN LE BRINDÓ LA INFORMACIÓN: Gobierno Local?,N,1,,85
P708_6_3_4,¿QUIÉN LE BRINDÓ LA INFORMACIÓN: Organismo No Gubernamental (ONG)?,N,1,,85
P708_6_3_5,¿QUIÉN LE BRINDÓ LA INFORMACIÓN: Empresa Privada?,N,1,,85
P708_6_3_6,¿QUIÉN LE BRINDÓ LA INFORMACIÓN: Asociación de productores?,N,1,,85
P708_6_3_7,"¿QUIÉN LE BRINDÓ LA INFORMACIÓN: Comerciante, productor, amigo?",N,1,,85
P708_6_3_9,¿QUIÉN LE BRINDÓ LA INFORMACIÓN: Servicio Nacional de Meteorología e Hidrología del Perú (SENAMHI)?,N,1,,85
P708_6_3_8,¿QUIÉN LE BRINDÓ LA INFORMACIÓN: Otro?,N,1,,85
P709_6_3_1,¿ A TRAVÉS DE QUE MEDIO DE COMUNICACIÓN TUVO ACCESO A LA INFORMACIÓN? Radio,N,1,,85
P709_6_3_2,¿ A TRAVÉS DE QUE MEDIO DE COMUNICACIÓN TUVO ACCESO A LA INFORMACIÓN? Televisión,N,1,,85
P709_6_3_3,¿ A TRAVÉS DE QUE MEDIO DE COMUNICACIÓN TUVO ACCESO A LA INFORMACIÓN? Teléfono,N,1,,85
P709_6_3_4,¿ A TRAVÉS DE QUE MEDIO DE COMUNICACIÓN TUVO ACCESO A LA INFORMACIÓN? Diarios,N,1,,85
P709_6_3_5,¿ A TRAVÉS DE QUE MEDIO DE COMUNICACIÓN TUVO ACCESO A LA INFORMACIÓN? Folletos,N,1,,85
P709_6_3_6,¿ A TRAVÉS DE QUE MEDIO DE COMUNICACIÓN TUVO ACCESO A LA INFORMACIÓN? Internet,N,1,,85
P709_6_3_7,¿ A TRAVÉS DE QUE MEDIO DE COMUNICACIÓN TUVO ACCESO A LA INFORMACIÓN? Talleres,N,1,,85
P709_6_3_8,¿ A TRAVÉS DE QUE MEDIO DE COMUNICACIÓN TUVO ACCESO A LA INFORMACIÓN? Comunicación verbal,N,1,,85
P709_6_3_9,¿ A TRAVÉS DE QUE MEDIO DE COMUNICACIÓN TUVO ACCESO A LA INFORMACIÓN? Otro,N,1,,85
P707_7,"EN LOS ÚLTIMOS 12 MESES, DE …………… A ……………, ¿UD. UTILIZÓ INFORMACIÓN AGROPECUARIA COMO: Técnica de manejo de cultivos y crianza?",N,1,,86
P708_7_1,¿QUIÉN LE BRINDÓ LA INFORMACIÓN: Ministerio de Desarrollo Agrario y Riego?,N,1,,86
P708_7_2,¿QUIÉN LE BRINDÓ LA INFORMACIÓN: Gobierno Regional?,N,1,,86
P708_7_3,¿QUIÉN LE BRINDÓ LA INFORMACIÓN: Gobierno Local?,N,1,,86
P708_7_4,¿QUIÉN LE BRINDÓ LA INFORMACIÓN: Organismo No Gubernamental (ONG)?,N,1,,86
P708_7_5,¿QUIÉN LE BRINDÓ LA INFORMACIÓN: Empresa Privada?,N,1,,86
P708_7_6,¿QUIÉN LE BRINDÓ LA INFORMACIÓN: Asociación de productores?,N,1,,86
P708_7_7,"¿QUIÉN LE BRINDÓ LA INFORMACIÓN: Comerciante, productor, amigo?",N,1,,86
P708_7_9,¿QUIÉN LE BRINDÓ LA INFORMACIÓN: Servicio Nacional de Meteorología e Hidrología del Perú (SENAMHI)?,N,1,,86
P708_7_8,¿QUIÉN LE BRINDÓ LA INFORMACIÓN: Otro?,N,1,,86
P709_7_1,¿ A TRAVÉS DE QUE MEDIO DE COMUNICACIÓN TUVO ACCESO A LA INFORMACIÓN? Radio,N,1,,86
P709_7_2,¿ A TRAVÉS DE QUE MEDIO DE COMUNICACIÓN TUVO ACCESO A LA INFORMACIÓN? Televisión,N,1,,86
P709_7_3,¿ A TRAVÉS DE QUE MEDIO DE COMUNICACIÓN TUVO ACCESO A LA INFORMACIÓN? Teléfono,N,1,,86
P709_7_4,¿ A TRAVÉS DE QUE MEDIO DE COMUNICACIÓN TUVO ACCESO A LA INFORMACIÓN? Diarios,N,1,,86
P709_7_5,¿ A TRAVÉS DE QUE MEDIO DE COMUNICACIÓN TUVO ACCESO A LA INFORMACIÓN? Folletos,N,1,,86
P709_7_6,¿ A TRAVÉS DE QUE MEDIO DE COMUNICACIÓN TUVO ACCESO A LA INFORMACIÓN? Internet,N,1,,86
P709_7_7,¿ A TRAVÉS DE QUE MEDIO DE COMUNICACIÓN TUVO ACCESO A LA INFORMACIÓN? Talleres,N,1,,86
P709_7_8,¿ A TRAVÉS DE QUE MEDIO DE COMUNICACIÓN TUVO ACCESO A LA INFORMACIÓN? Comunicación verbal,N,1,,86
P709_7_9,¿ A TRAVÉS DE QUE MEDIO DE COMUNICACIÓN TUVO ACCESO A LA INFORMACIÓN? Otro,N,1,,86
P707_9,"EN LOS ÚLTIMOS 12 MESES, DE …………… A ……………, ¿UD. UTILIZÓ INFORMACIÓN AGROPECUARIA COMO: Aptitud del suelo (estudio de suelos, capacidad de uso mayor, zonificación ecológica, degradación de suelos, etc.)?",N,1,,86
P708_9_1,¿QUIÉN LE BRINDÓ LA INFORMACIÓN: Ministerio de Desarrollo Agrario y Riego?,N,1,,86
P708_9_2,¿QUIÉN LE BRINDÓ LA INFORMACIÓN: Gobierno Regional?,N,1,,86
P708_9_3,¿QUIÉN LE BRINDÓ LA INFORMACIÓN: Gobierno Local?,N,1,,86
P708_9_4,¿QUIÉN LE BRINDÓ LA INFORMACIÓN: Organismo No Gubernamental (ONG)?,N,1,,86
P708_9_5,¿QUIÉN LE BRINDÓ LA INFORMACIÓN: Empresa Privada?,N,1,,86
P708_9_6,¿QUIÉN LE BRINDÓ LA INFORMACIÓN: Asociación de productores?,N,1,,86
P708_9_7,"¿QUIÉN LE BRINDÓ LA INFORMACIÓN: Comerciante, productor, amigo?",N,1,,86
P708_9_9,¿QUIÉN LE BRINDÓ LA INFORMACIÓN: Servicio Nacional de Meteorología e Hidrología del Perú (SENAMHI)?,N,1,,86
P708_9_8,¿QUIÉN LE BRINDÓ LA INFORMACIÓN: Otro?,N,1,,86
P709_9_1,¿ A TRAVÉS DE QUE MEDIO DE COMUNICACIÓN TUVO ACCESO A LA INFORMACIÓN? Radio,N,1,,87
P709_9_2,¿ A TRAVÉS DE QUE MEDIO DE COMUNICACIÓN TUVO ACCESO A LA INFORMACIÓN? Televisión,N,1,,87
P709_9_3,¿ A TRAVÉS DE QUE MEDIO DE COMUNICACIÓN TUVO ACCESO A LA INFORMACIÓN? Teléfono,N,1,,87
P709_9_4,¿ A TRAVÉS DE QUE MEDIO DE COMUNICACIÓN TUVO ACCESO A LA INFORMACIÓN? Diarios,N,1,,87
P709_9_5,¿ A TRAVÉS DE QUE MEDIO DE COMUNICACIÓN TUVO ACCESO A LA INFORMACIÓN? Folletos,N,1,,87
P709_9_6,¿ A TRAVÉS DE QUE MEDIO DE COMUNICACIÓN TUVO ACCESO A LA INFORMACIÓN? Internet,N,1,,87
P709_9_7,¿ A TRAVÉS DE QUE MEDIO DE COMUNICACIÓN TUVO ACCESO A LA INFORMACIÓN? Talleres,N,1,,87
P709_9_8,¿ A TRAVÉS DE QUE MEDIO DE COMUNICACIÓN TUVO ACCESO A LA INFORMACIÓN? Comunicación verbal,N,1,,87
P709_9_9,¿ A TRAVÉS DE QUE MEDIO DE COMUNICACIÓN TUVO ACCESO A LA INFORMACIÓN? Otro,N,1,,87
P707_8,"EN LOS ÚLTIMOS 12 MESES, DE …………… A ……………, ¿UD. UTILIZÓ INFORMACIÓN AGROPECUARIA COMO: Otro?",N,1,,87
P708_8_1,¿QUIÉN LE BRINDÓ LA INFORMACIÓN: Ministerio de Desarrollo Agrario y Riego?,N,1,,87
P708_8_2,¿QUIÉN LE BRINDÓ LA INFORMACIÓN: Gobierno Regional?,N,1,,87
P708_8_3,¿QUIÉN LE BRINDÓ LA INFORMACIÓN: Gobierno Local?,N,1,,87
P708_8_4,¿QUIÉN LE BRINDÓ LA INFORMACIÓN: Organismo No Gubernamental (ONG)?,N,1,,87
P708_8_5,¿QUIÉN LE BRINDÓ LA INFORMACIÓN: Empresa Privada?,N,1,,87
P708_8_6,¿QUIÉN LE BRINDÓ LA INFORMACIÓN: Asociación de productores?,N,1,,87
P708_8_7,"¿QUIÉN LE BRINDÓ LA INFORMACIÓN: Comerciante, productor, amigo?",N,1,,87
P708_8_9,¿QUIÉN LE BRINDÓ LA INFORMACIÓN: Servicio Nacional de Meteorología e Hidrología del Perú (SENAMHI)?,N,1,,87
P708_8_8,¿QUIÉN LE BRINDÓ LA INFORMACIÓN: Otro?,N,1,,87
P709_8_1,¿ A TRAVÉS DE QUE MEDIO DE COMUNICACIÓN TUVO ACCESO A LA INFORMACIÓN? Radio,N,1,,87
P709_8_2,¿ A TRAVÉS DE QUE MEDIO DE COMUNICACIÓN TUVO ACCESO A LA INFORMACIÓN? Televisión,N,1,,87
P709_8_3,¿ A TRAVÉS DE QUE MEDIO DE COMUNICACIÓN TUVO ACCESO A LA INFORMACIÓN? Teléfono,N,1,,87
P709_8_4,¿ A TRAVÉS DE QUE MEDIO DE COMUNICACIÓN TUVO ACCESO A LA INFORMACIÓN? Diarios,N,1,,87
P709_8_5,¿ A TRAVÉS DE QUE MEDIO DE COMUNICACIÓN TUVO ACCESO A LA INFORMACIÓN? Folletos,N,1,,87
P709_8_6,¿ A TRAVÉS DE QUE MEDIO DE COMUNICACIÓN TUVO ACCESO A LA INFORMACIÓN? Internet,N,1,,87
P709_8_7,¿ A TRAVÉS DE QUE MEDIO DE COMUNICACIÓN TUVO ACCESO A LA INFORMACIÓN? Talleres,N,1,,87
P709_8_8,¿ A TRAVÉS DE QUE MEDIO DE COMUNICACIÓN TUVO ACCESO A LA INFORMACIÓN? Comunicación verbal,N,1,,87
P709_8_9,¿ A TRAVÉS DE QUE MEDIO DE COMUNICACIÓN TUVO ACCESO A LA INFORMACIÓN? Otro,N,1,,87
P710_1,"UD. ¿QUÉ INFORMACÒN AGROPECUARIA NECESITA PARA DESARROLLAR SU ACTIVIDAD? Información agroclimática (temperatura, precipitaciones, velocidad de viento, etc.)",N,1,,87
P710_2,UD. ¿QUÉ INFORMACÒN AGROPECUARIA NECESITA PARA DESARROLLAR SU ACTIVIDAD? Manejo de enfermedades y plagas,N,1,,87
P710_3,UD. ¿QUÉ INFORMACIÒN AGROPECUARIA NECESITA PARA DESARROLLAR SU ACTIVIDAD? Precio de insumos agropecuarios,N,1,,88
P710_4,"UD. ¿QUÉ INFORMACÒN AGROPECUARIA NECESITA PARA DESARROLLAR SU ACTIVIDAD? Precio de venta (chacra, mayorista, minorista)",N,1,,88
P710_5,UD. ¿QUÉ INFORMACÒN AGROPECUARIA NECESITA PARA DESARROLLAR SU ACTIVIDAD? Técnica de manejo de cultivos y crianza,N,1,,88
P710_6,UD. ¿QUÉ INFORMACÒN AGROPECUARIA NECESITA PARA DESARROLLAR SU ACTIVIDAD? Técnica de manejo de semilla,N,1,,88
P710_7,UD. ¿QUÉ INFORMACÒN AGROPECUARIA NECESITA PARA DESARROLLAR SU ACTIVIDAD? Uso de abonos y fertilizantes,N,1,,88
P710_8,UD. ¿QUÉ INFORMACÒN AGROPECUARIA NECESITA PARA DESARROLLAR SU ACTIVIDAD? Técnicas y sistemas de riego,N,1,,88
P710_9,UD. ¿QUÉ INFORMACÒN AGROPECUARIA NECESITA PARA DESARROLLAR SU ACTIVIDAD? Análisis de suelos,N,1,,88
P710_10,UD. ¿QUÉ INFORMACÒN AGROPECUARIA NECESITA PARA DESARROLLAR SU ACTIVIDAD? OTRO,N,1,,88
OMICAP700,OMISIÓN DE SERVICIOS DE EXTENSIÓN AGRARIA,AN,2,,88
P801,"¿UD. PERTENECE A ALGUNA ASOCIACIÓN, COOPERATIVA Y/O COMITÉ DE PRODUCTORES/AS AGROPECUARIOS/AS?",N,1,,89
P801_1,"¿UD. PERTENECE A ALGUNA ASOCIACIÓN, COOPERATIVA Y/O COMITÉ DE PRODUCTORES/AS AGROPECUARIOS/AS? ¿A CUÁNTAS PERTENECE?",N,1,,89
P803_1,¿CUÁL ES EL TIPO:,N,1,,89
P804_1,¿DESDE QUE AÑO PERTENECE A LA/EL….?,N,4,,89
P803_2,¿CUÁL ES EL TIPO:,N,1,,89
P804_2,¿DESDE QUE AÑO PERTENECE A LA/EL….?,N,4,,89
P803_3,¿CUÁL ES EL TIPO:,N,1,,89
P804_3,¿DESDE QUE AÑO PERTENECE A LA/EL….?,N,4,,89
P803_4,¿CUÁL ES EL TIPO:,N,1,,90
P804_4,¿DESDE QUE AÑO PERTENECE A LA/EL….?,N,4,,90
P803_5,¿CUÁL ES EL TIPO:,N,1,,90
P804_5,¿DESDE QUE AÑO PERTENECE A LA/EL….?,N,4,,90
P805_1,"EN LOS ÚLTIMOS 12 MESES, DE…..A…..,SU PARTICIPACIÓN EN ESTA ASOCIACIÓN, COOPERATIVA Y/O COMITÉ DE PRODUCTORES/AS AGROPECUARIOS/AS, ¿QUÉ BENEFICIOS O SERVICIOS LE BRINDÓ? Acceso a mercados locales/nacionales para la venta de las cosechas y/o productos pecuarios",N,1,,90
P805_2,"EN LOS ÚLTIMOS 12 MESES, DE…..A…..,SU PARTICIPACIÓN EN ESTA ASOCIACIÓN, COOPERATIVA Y/O COMITÉ DE PRODUCTORES/AS AGROPECUARIOS/AS, ¿QUÉ BENEFICIOS O SERVICIOS LE BRINDÓ? Acceso al mercado exterior para la venta de las cosechas y/o productos pecuarios",N,1,,90
P805_3,"EN LOS ÚLTIMOS 12 MESES, DE.....A.....,SU PARTICIPACIÓN EN ESTA ASOCIACIÓN, COOPERATIVA Y/O COMITÉ DE PRODUCTORES/AS AGROPECUARIOS/AS, ¿QUÉ BENEFICIOS O SERVICIOS LE BRINDÓ? Abastecimientos de insumos agrícolas y/o pecuarios",N,1,,90
P805_4,"EN LOS ÚLTIMOS 12 MESES, DE…...A…..,SU PARTICIPACIÓN EN ESTA ASOCIACIÓN, COOPERATIVA Y/O COMITÉ DE PRODUCTORES/AS AGROPECUARIOS/AS, ¿QUÉ BENEFICIOS O SERVICIOS LE BRINDÓ? Obtener asistencia técnica y/o capacitación",N,1,,90
P805_5,"EN LOS ÚLTIMOS 12 MESES, DE…..A…..,SU PARTICIPACIÓN EN ESTA ASOCIACIÓN, COOPERATIVA Y/O COMITÉ DE PRODUCTORES/AS AGROPECUARIOS/AS, ¿QUÉ BENEFICIOS O SERVICIOS LE BRINDÓ? Acceso a servicios financieros y/o créditos",N,1,,90
P805_6,"EN LOS ÚLTIMOS 12 MESES, DE…..A…..,SU PARTICIPACIÓN EN ESTA ASOCIACIÓN, COOPERATIVA Y/O COMITÉ DE PRODUCTORES/AS AGROPECUARIOS/AS, ¿QUÉ BENEFICIOS O SERVICIOS LE BRINDÓ? Otro",N,1,,90
P805_7,"EN LOS ÚLTIMOS 12 MESES, DE…..A…..,SU PARTICIPACIÓN EN ESTA ASOCIACIÓN, COOPERATIVA Y/O COMITÉ DE PRODUCTORES/AS AGROPECUARIOS/AS, ¿QUÉ BENEFICIOS O SERVICIOS LE BRINDÓ? NINGÚN BENEFICIO O SERVICIO",N,1,,90
P805A_1,"EN LOS ÚLTIMOS 12 MESES, DE .. A…,¿LA EMPRESA SE HA VINCULADO CON LOS PRODUCTORES/AS AGROPECUARIOS/AS EN:Comprar su produccion?",N,1,,90
P805A_2,"EN LOS ÚLTIMOS 12 MESES, DE .. A…,¿LA EMPRESA SE HA VINCULADO CON LOS PRODUCTORES/AS AGROPECUARIOS/AS EN: Abastecerlo de semillas?",N,1,,90
P805A_3,"EN LOS ÚLTIMOS 12 MESES, DE .. A…,¿LA EMPRESA SE HA VINCULADO CON LOS PRODUCTORES/AS AGROPECUARIOS/AS EN: Proveer de insumos agrícolas?",N,1,,90
P805A_4,"EN LOS ÚLTIMOS 12 MESES, DE .. A…,¿LA EMPRESA SE HA VINCULADO CON LOS PRODUCTORES/AS AGROPECUARIOS/AS EN: Proveer de insumos pecuarios?",N,1,,91
P805A_5,"EN LOS ÚLTIMOS 12 MESES, DE .. A…,¿LA EMPRESA SE HA VINCULADO CON LOS PRODUCTORES/AS AGROPECUARIOS/AS EN: Brindarle asistencia técnica y/o capacitación?",N,1,,91
P805A_6,"EN LOS ÚLTIMOS 12 MESES, DE .. A…,¿LA EMPRESA SE HA VINCULADO CON LOS PRODUCTORES/AS AGROPECUARIOS/AS EN: Brindarle servicios financieros y/o créditos?",N,1,,91
P805A_7,"EN LOS ÚLTIMOS 12 MESES, DE .. A…,¿LA EMPRESA SE HA VINCULADO CON LOS PRODUCTORES/AS AGROPECUARIOS/AS EN: Proveer de mano de obra?",N,1,,91
P805A_8,"EEN LOS ÚLTIMOS 12 MESES, DE .. A…,¿LA EMPRESA SE HA VINCULADO CON LOS PRODUCTORES/AS AGROPECUARIOS/AS EN: Proveer de servicio de maquinaria y/o equipo?",N,1,,91
P805A_9,"EN LOS ÚLTIMOS 12 MESES, DE .. A…,¿LA EMPRESA SE HA VINCULADO CON LOS PRODUCTORES/AS AGROPECUARIOS/AS EN: Otro?",N,1,,91
P806_1,"EN LOS ÚLTIMOS 12 MESES, DE …………… A ……………, UD. A TRAVÉS DE LA ASOCIACIÓN, COOPERATIVA Y/O COMITÉ DE PRODUCTORES/AS AGROPECUARIOS/AS A LA CUAL PERTENECE HA PARTICIPADO EN: ¿Ferias locales, regionales o nacionales (Mercado de productores agropecuarios)?",N,1,,91
P806_2,"EN LOS ÚLTIMOS 12 MESES, DE....A....., UD. A TRAVÉS DE LA ASOCIACIÓN, COOPERATIVA Y/O COMITÉ DE PRODUCTORES/AS AGROPECUARIOS/AS A LA CUAL PERTENECE HA PARTICIPADO EN: ¿Ferias internacionales?",N,1,,91
P806_3,"EN LOS ÚLTIMOS 12 MESES, DE....A....., UD. A TRAVÉS DE LA ASOCIACIÓN, COOPERATIVA Y/O COMITÉ DE PRODUCTORES/AS AGROPECUARIOS/AS A LA CUAL PERTENECE HA PARTICIPADO EN: ¿Ruedas de negocios?",N,1,,91
P806_4,"EN LOS ÚLTIMOS 12 MESES, DE....A....., UD. A TRAVÉS DE LA ASOCIACIÓN, COOPERATIVA Y/O COMITÉ DE PRODUCTORES/AS AGROPECUARIOS/AS A LA CUAL PERTENECE HA PARTICIPADO EN: NINGUNA",N,1,,91
P807_1,"CUANDO UD. PARTICIPÓ, A TRAVES DE LA ORGANIZACIÓN A LA QUE PERTENECE, EN LAS …………, LOGRÓ: 1. ¿Vender al público?",N,1,,91
P807_2,"CUANDO UD. PARTICIPÓ, A TRAVES DE LA ORGANIZACIÓN A LA QUE PERTENECE, EN LAS …………, LOGRÓ: 2. ¿Definir un contrato?",N,1,,91
P807_3,"CUANDO UD. PARTICIPÓ, A TRAVES DE LA ORGANIZACIÓN A LA QUE PERTENECE, EN LAS …………, LOGRÓ: 3. ¿Obtener un pedido, cotización?",N,1,,91
P807_4,"CUANDO UD. PARTICIPÓ, A TRAVES DE LA ORGANIZACIÓN A LA QUE PERTENECE, EN LAS …………, LOGRÓ: 4. ¿Coordinar un envío de muestras?",N,1,,91
P807_5,"CUANDO UD. PARTICIPÓ, A TRAVES DE LA ORGANIZACIÓN A LA QUE PERTENECE, EN LAS …………, LOGRÓ: 5. ¿Compromiso verbal de ventas a futuro?",N,1,,91
P807_6,"CUANDO UD. PARTICIPÓ, A TRAVES DE LA ORGANIZACIÓN A LA QUE PERTENECE, EN LAS …………, LOGRÓ: 6. ¿Otro?",N,1,,92
P807_7,"CUANDO UD. PARTICIPÓ, A TRAVES DE LA ORGANIZACIÓN A LA QUE PERTENECE, EN LAS …………, LOGRÓ: 7. NINGUNA",N,1,,92
P808_1,"UD. COMO PRODUCTOR/A, A TRAVÉS DE LA ORGANIZACIÓN A LA QUE PERTENECE ¿TUVO ACCESO A: Centro de acopio o almacén para cosecha?",N,1,,92
P809_1_1,"¿EL/LA ……….. ES: Propio, de la organización?",N,1,,92
P809_1_2,¿EL/LA ……….. ES: Alquilado?,N,1,,92
P809_1_3,¿EL/LA ……….. ES: Cedido?,N,1,,92
P809_1_4,¿EL/LA ……….. ES: Otro?,N,1,,92
P808_2,"UD. COMO PRODUCTOR, A TRAVÉS DE LA ORGANIZACIÓN A LA QUE PERTENECE ¿TUVO ACCESO A: Almacén para granos y forrajes?",N,1,,92
P809_2_1,"¿EL/LA ……….. ES: Propio, de la organización?",N,1,,92
P809_2_2,¿EL/LA ……….. ES: Alquilado?,N,1,,92
P809_2_3,¿EL/LA ……….. ES: Cedido?,N,1,,92
P809_2_4,¿EL/LA ……….. ES: Otro?,N,1,,92
P808_3,"UD. COMO PRODUCTOR, A TRAVÉS DE LA ORGANIZACIÓN A LA QUE PERTENECE ¿TUVO ACCESO A: Secadores?",N,1,,92
P809_3_1,"¿EL/LA ……….. ES: Propio, de la organización?",N,1,,92
P809_3_2,¿EL/LA ……….. ES: Alquilado?,N,1,,92
P809_3_3,¿EL/LA ……….. ES: Cedido?,N,1,,92
P809_3_4,¿EL/LA ……….. ES: Otro?,N,1,,92
P808_4,"UD. COMO PRODUCTOR, A TRAVÉS DE LA ORGANIZACIÓN A LA QUE PERTENECE ¿TUVO ACCESO A: Seleccionador o equipo de clasificación?",N,1,,92
P809_4_1,"¿EL/LA ……….. ES: Propio, de la organización?",N,1,,92
P809_4_2,¿EL/LA ……….. ES: Alquilado?,N,1,,92
P809_4_3,¿EL/LA ……….. ES: Cedido?,N,1,,92
P809_4_4,¿EL/LA ……….. ES: Otro?,N,1,,92
P808_5,"UD. COMO PRODUCTOR, A TRAVÉS DE LA ORGANIZACIÓN A LA QUE PERTENECE ¿TUVO ACCESO A: Cámara de frio/tanque de enfriamiento?",N,1,,92
P809_5_1,"¿EL/LA ……….. ES: Propio, de la organización?",N,1,,92
P809_5_2,¿EL/LA ……….. ES: Alquilado?,N,1,,92
P809_5_3,¿EL/LA ……….. ES: Cedido?,N,1,,92
P809_5_4,¿EL/LA ……….. ES: Otro?,N,1,,92
P808_6,"UD. COMO PRODUCTOR, A TRAVÉS DE LA ORGANIZACIÓN A LA QUE PERTENECE ¿TUVO ACCESO A: Despulpadora o fermentadores?",N,1,,92
P809_6_1,"¿EL/LA ……….. ES: Propio, de la organización?",N,1,,92
P809_6_2,¿EL/LA ……….. ES: Alquilado?,N,1,,92
P809_6_3,¿EL/LA ……….. ES: Cedido?,N,1,,92
P809_6_4,¿EL/LA ……….. ES: Otro?,N,1,,92
P808_7,"UD. COMO PRODUCTOR, A TRAVÉS DE LA ORGANIZACIÓN A LA QUE PERTENECE ¿TUVO ACCESO A: Otro?",N,1,,92
P809_7_1,"¿EL/LA ……….. ES: Propio, de la organización?",N,1,,92
P809_7_2,¿EL/LA ……….. ES: Alquilado?,N,1,,92
P809_7_3,¿EL/LA ……….. ES: Cedido?,N,1,,92
P809_7_4,¿EL/LA ……….. ES: Otro?,N,1,,93
P809A_1,"¿POR QUÉ NO PERTENECE A UNA ASOCIACIÓN, COOPERATIVA O COMITÉ DE PRODUCTORES/AS AGROPECUARIOS/AS? 1. Por desconfianza",N,1,,93
P809A_2,"¿POR QUÉ NO PERTENECE A UNA ASOCIACIÓN, COOPERATIVA O COMITÉ DE PRODUCTORES/AS AGROPECUARIOS/AS? 2. Porque no hay disponibilidad de cooperativas en la zona",N,1,,93
P809A_3,"¿POR QUÉ NO PERTENECE A UNA ASOCIACIÓN, COOPERATIVA O COMITÉ DE PRODUCTORES/AS AGROPECUARIOS/AS? 3. Por desconocimiento",N,1,,93
P809A_4,"¿POR QUÉ NO PERTENECE A UNA ASOCIACIÓN, COOPERATIVA O COMITÉ DE PRODUCTORES/AS AGROPECUARIOS/AS? 4. No considera útil asociarse",N,1,,93
P809A_5,"¿POR QUÉ NO PERTENECE A UNA ASOCIACIÓN, COOPERATIVA O COMITÉ DE PRODUCTORES/AS AGROPECUARIOS/AS? 5. Por pérdida de ingresos por pago de impuestos",N,1,,93
P809A_6,"¿POR QUÉ NO PERTENECE A UNA ASOCIACIÓN, COOPERATIVA O COMITÉ DE PRODUCTORES/AS AGROPECUARIOS/AS? 6. Otro",N,1,,93
P810,¿UD. O EL PROPIETARIO/A DE LA/S PARCELA/S O CHACRA/S ES USUARIO DE AGUA O PERTENECE A UNA/UN COMISIÓN/COMITÉ DE USUARIOS?,N,1,,93
P810_1,¿UD. O EL PROPIETARIO/A DE LA/S PARCELA/S O CHACRA/S ES USUARIO O PERTENECE A UNA/UN COMISIÓN/COMITÉ DE USUARIOS? ¿A CUÁNTAS PERTENECE?,N,1,,93
OMICAP800,OMISIÓN DE ASOCIATIVIDAD,AN,2,,93
P901,"EN LOS ÚLTIMOS 12 MESES, DE…..A……, ¿UD. SOLICITÓ ALGÚN CRÉDITO?",N,1,,94
P902,¿OBTUVO EL CRÉDITO QUE SOLICITÓ?,N,1,,94
P903_1,¿QUIÉN LE PROPORCIONÓ EL CRÉDITO QUE OBTUVO? AGROBANCO,N,1,,94
P903_2,¿QUIÉN LE PROPORCIONÓ EL CRÉDITO QUE OBTUVO? Caja Municipal,N,1,,94
P903_3,¿QUIÉN LE PROPORCIONÓ EL CRÉDITO QUE OBTUVO? Caja Rural,N,1,,94
P903_4,¿QUIÉN LE PROPORCIONÓ EL CRÉDITO QUE OBTUVO? Banca Privada,N,1,,94
P903_5,¿QUIÉN LE PROPORCIONÓ EL CRÉDITO QUE OBTUVO? Financiera/EDPYME,N,1,,94
P903_6,¿QUIÉN LE PROPORCIONÓ EL CRÉDITO QUE OBTUVO? Organismo No Gubernamental (ONG),N,1,,94
P903_7,¿QUIÉN LE PROPORCIONÓ EL CRÉDITO QUE OBTUVO? Cooperativa,N,1,,94
P903_8,¿QUIÉN LE PROPORCIONÓ EL CRÉDITO QUE OBTUVO? Establecimiento comercial,N,1,,94
P903_9,¿QUIÉN LE PROPORCIONÓ EL CRÉDITO QUE OBTUVO? Prestamista/Habilitador,N,1,,95
P903_10,¿QUIÉN LE PROPORCIONÓ EL CRÉDITO QUE OBTUVO? Programas del Estado,N,1,,95
P903_11,¿QUIÉN LE PROPORCIONÓ EL CRÉDITO QUE OBTUVO? Otro,N,1,,95
P904_1,"UD. UTILIZÓ EL CRÉDITO QUE OBTUVO PARA: ¿Comprar insumos agrícolas (semillas, fertilizantes, plaguicidas, control biológico, manejo integrado de plagas, etc.)?",N,1,,95
P904_2,"UD. UTILIZÓ EL CRÉDITO QUE OBTUVO PARA: ¿Comprar Insumos pecuarios (vacunas, vitaminas, alimento balanceado, etc.)?",N,1,,95
P904_3,UD. UTILIZÓ EL CRÉDITO QUE OBTUVO PARA: ¿Pagar mano de obra (pago a jornaleros)?,N,1,,95
P904_4,UD. UTILIZÓ EL CRÉDITO QUE OBTUVO PARA: ¿Asistencia técnica?,N,1,,95
P904_5,UD. UTILIZÓ EL CRÉDITO QUE OBTUVO PARA: ¿Alquiler de maquinaria (agrícola y/o pecuaria)?,N,1,,95
P904_6,UD. UTILIZÓ EL CRÉDITO QUE OBTUVO PARA: ¿Compra de terrenos agrícolas?,N,1,,95
P904_7,UD. UTILIZÓ EL CRÉDITO QUE OBTUVO PARA: ¿Compra de ganado?,N,1,,95
P904_8,UD. UTILIZÓ EL CRÉDITO QUE OBTUVO PARA: ¿Otro?,N,1,,95
P904_9,UD. UTILIZÓ EL CRÉDITO QUE OBTUVO PARA: NO LO UTILIZÓ PARA SU ACTIVIDAD AGRÍCOLA NI PECUARIA,N,1,,95
P904A,¿CUÁL FUE LA RAZÓN PRINCIPAL POR LA QUE NO LE DIERON EL CRÉDITO?,N,1,,95
P905,"EN LOS ÚLTIMOS 12 MESES, DE…A…, ¿UD. HA SIDO BENEFICIARIO DE ALGÚN SEGURO AGROPECUARIO?",N,1,,95
P906,¿QUIÉN LE PROPORCIONÓ EL SEGURO AGROPECUARIO?,N,1,,95
P907,"EN LOS ÚLTIMOS 12 MESES, DE….A….., ¿HA TENIDO ALGUNA CUENTA DE AHORRO?",N,1,,95
P908_1,¿EN QUE INSTITUCIÓN TUVO LA CUENTA DE AHORRO? AGROBANCO,N,1,,95
P908_2,¿EN QUE INSTITUCIÓN TUVO LA CUENTA DE AHORRO? Banco de la Nación,N,1,,95
P908_3,¿EN QUE INSTITUCIÓN TUVO LA CUENTA DE AHORRO? Caja Municipal,N,1,,95
P908_4,¿EN QUE INSTITUCIÓN TUVO LA CUENTA DE AHORRO? Caja Rural,N,1,,95
P908_5,¿EN QUE INSTITUCIÓN TUVO LA CUENTA DE AHORRO? Banca Privada,N,1,,95
P908_6,¿EN QUE INSTITUCIÓN TUVO LA CUENTA DE AHORRO? Financiera/EDPYME,N,1,,95
P908_7,¿EN QUE INSTITUCIÓN TUVO LA CUENTA DE AHORRO? Cooperativa,N,1,,96
P908_8,¿EN QUE INSTITUCIÓN TUVO LA CUENTA DE AHORRO? Otro,N,1,,96
OMICAP900,OMISIÓN DE SERVICIOS FINANCIEROS,AN,2,,96
P1001A_1,"DURANTE LOS ÚLTIMOS 12 MESES, DE...A..., ¿CUÁNTO GASTÓ EN: Arrendamiento de tierras?",N,8,,97
P1001A_2A_1,"DURANTE LOS ÚLTIMOS 12 MESES, DE...A..., ¿CUÁNTO GASTÓ EN: Pago a jornaleros o peones permanentes (mano de obra contratada, que viene trabajando en la unidad agropecuaria por un período de 6 meses o más): Hombres?",N,8,,97
P1001A_2A_2,"DURANTE LOS ÚLTIMOS 12 MESES, DE...A..., ¿CUÁNTO GASTÓ EN: Pago a jornaleros o peones permanentes (mano de obra contratada, que viene trabajando en la unidad agropecuaria por un período de 6 meses o más): Mujeres?",N,8,,97
P1001A_2B_1,"DURANTE LOS ÚLTIMOS 12 MESES, DE...A..., ¿CUÁNTO GASTÓ EN: Pago a jornaleros o peones eventuales (mano de obra contratada, que viene trabajando en la unidad agropecuaria por un período menor de 6 meses): Hombres?",N,8,,97
P1001A_2B_2,"DURANTE LOS ÚLTIMOS 12 MESES, DE...A..., ¿CUÁNTO GASTÓ EN: Pago a jornaleros o peones eventuales (mano de obra contratada, que viene trabajando en la unidad agropecuaria por un período menor de 6 meses): Mujeres?",N,8,,97
P1001A_2A_1C,"EN TOTAL, ¿CUÁNTOS HAN SIDO: Jornaleros o peones permanentes Hombres?",N,8,,98
P1001A_2A_2C,"EN TOTAL, ¿CUÁNTOS HAN SIDO: Jornaleros o peones permanentes Mujeres?",N,8,,98
P1001A_2B_1C,"EN TOTAL, ¿CUÁNTOS HAN SIDO: jornaleros o peones eventuales Hombres?",N,8,,98
P1001A_2B_2C,"EN TOTAL, ¿CUÁNTOS HAN SIDO: Jornaleros o peones eventuales Mujeres?",N,8,,98
P1001A_3,"DURANTE LOS ÚLTIMOS 12 MESES, DE...A..., ¿CUÁNTO GASTÓ EN: Agua de riego para sus cultivos?",N,8,,98
P1001A_4,"DURANTE LOS ÚLTIMOS 12 MESES, DE...A..., ¿CUÁNTO GASTÓ EN: Asistencia técnica agrícola?",N,8,,98
P1001A_5,"DURANTE LOS ÚLTIMOS 12 MESES, DE...A..., ¿CUÁNTO GASTÓ EN: Elaboración de derivados y obtención de subproductos agrícolas (insumo, materia prima, mano de obra, etc.)?",N,8,,98
P1001A_5A,"DURANTE LOS ÚLTIMOS 12 MESES, DE...A..., ¿CUÁNTO GASTÓ EN: Compra de equipos agrícolas?",N,8,,98
P1001A_5B,"DURANTE LOS ÚLTIMOS 12 MESES, DE...A..., ¿CUÁNTO GASTÓ EN: Compra de maquinaria agrícola?",N,8,,98
P1001A_6A,"DURANTE LOS ÚLTIMOS 12 MESES, DE...A..., ¿CUÁNTO GASTÓ EN: Alquiler y/o mantenimiento de equipos agrícolas?",N,8,,98
P1001A_6B,"DURANTE LOS ÚLTIMOS 12 MESES, DE...A..., ¿CUÁNTO GASTÓ EN: Compra de combustible?",N,8,,98
P1001A_6C,"DURANTE LOS ÚLTIMOS 12 MESES, DE...A..., ¿CUÁNTO GASTÓ EN: Otro (alquiler de yunta, etc.)?",N,8,,98
P1001A_TOTAL,TOTAL DE GASTOS EN ACTIVIDADES AGRÍCOLAS (1),N,10,,98
P1002B_1C,"DURANTE LOS ÚLTIMOS 12 MESES, DE ……………A ……………, ¿CUÁNTO GASTÓ EN: Alimentos para animales (no incluir alimentos balanceados)?",N,9,,98
P1002B_1D,"DURANTE LOS ÚLTIMOS 12 MESES, DE ……………A ……………, ¿CUÁNTO GASTÓ EN: Alimentos balanceados?",N,9,,98
P1002B_1A,1A. Pago por consumo de agua (para la actividad pecuaria)?,N,8,,98
P1002B_1B,1B. Pago por consumo de energía (para la actividad pecuaria)?,N,8,,98
P1002B_2,"DURANTE LOS ÚLTIMOS 12 MESES, DE ……………A ……………, ¿CUÁNTO GASTÓ EN: Servicios veterinarios?",N,8,,98
P1002B_3,"DURANTE LOS ÚLTIMOS 12 MESES, DE ……………A ……………, ¿CUÁNTO GASTÓ EN: Vacunas?",N,8,,98
P1002B_4,"DURANTE LOS ÚLTIMOS 12 MESES, DE ……………A ……………, ¿CUÁNTO GASTÓ EN: Medicamentos veterinarios: analgésicos, antibióticos, vitaminas, etc.?",N,8,,98
P1002B_5,"DURANTE LOS ÚLTIMOS 12 MESES, DE ……………A ……………, ¿CUÁNTO GASTÓ EN: Otros productos veterinarios (desinfectantes, etc.)?",N,8,,98
P1002B_6,"DURANTE LOS ÚLTIMOS 12 MESES, DE ……………A ……………, ¿CUÁNTO GASTÓ EN: Reproducción?",N,8,,98
P1002B_7A_1,"DURANTE LOS ÚLTIMOS 12 MESES, DE ……………A ……………, ¿CUÁNTO GASTÓ EN: Pago a jornaleros o peones permanentes (mano de obra contratada, que viene trabajando en la unidad agropecuaria por un período de 6 meses o más): Hombres?",N,8,,99
P1002B_7A_2,"DURANTE LOS ÚLTIMOS 12 MESES, DE ……………A ……………, ¿CUÁNTO GASTÓ EN: Pago a jornaleros o peones permanentes (mano de obra contratada, que viene trabajando en la unidad agropecuaria por un período de 6 meses o más): Mujeres?",N,8,,99
P1002B_7B_1,"DURANTE LOS ÚLTIMOS 12 MESES, DE ……………A ……………, ¿CUÁNTO GASTÓ EN: Pago a jornaleros o peones eventuales (mano de obra contratada, que viene trabajando en la unidad agropecuaria por un período menor de 6 meses): Hombres?",N,8,,99
P1002B_7B_2,"DURANTE LOS ÚLTIMOS 12 MESES, DE ……………A ……………, ¿CUÁNTO GASTÓ EN: Pago a jornaleros o peones eventuales (mano de obra contratada, que viene trabajando en la unidad agropecuaria por un período menor de 6 meses): Mujeres?",N,8,,99
P1002B_7A_1C,"EN TOTAL, ¿CUÁNTOS HAN SIDO: Jornaleros o peones permanentes: Hombres?",N,8,,99
P1002B_7A_2C,"EN TOTAL, ¿CUÁNTOS HAN SIDO: Jornaleros o peones permanentes Mujeres?",N,8,,99
P1002B_7B_1C,"EN TOTAL, ¿CUÁNTOS HAN SIDO: Jornaleros o peones eventuales: Hombres?",N,8,,99
P1002B_7B_2C,"EN TOTAL, ¿CUÁNTOS HAN SIDO: Jornaleros o peones eventuales: Mujeres?",N,8,,99
P1002B_8,"DURANTE LOS ÚLTIMOS 12 MESES, DE ……………A ……………, ¿CUÁNTO GASTÓ EN: Elaboración de derivados pecuarios (insumo, materia prima, mano de obra, etc.)?",N,8,,99
P1002B_9,"DURANTE LOS ÚLTIMOS 12 MESES, DE ……………A ……………, ¿CUÁNTO GASTÓ EN: Asistencia técnica pecuarias?",N,8,,99
P1002B_9A,"DURANTE LOS ÚLTIMOS 12 MESES, DE ……………A ……………, ¿CUÁNTO GASTÓ EN: Compra de equipos pecuarios?",N,8,,99
P1002B_9B,"DURANTE LOS ÚLTIMOS 12 MESES, DE ……………A ……………, ¿CUÁNTO GASTÓ EN: Compra de maquinaria pecuaria?",N,8,,99
P1002B_9C,"DURANTE LOS ÚLTIMOS 12 MESES, DE ……………A ……………, ¿CUÁNTO GASTÓ EN: Gasto de mantenimiento de instalaciones pecuarias?",N,8,,99
P1002B_10A,"DURANTE LOS ÚLTIMOS 12 MESES, DE….A….., ¿CUÁNTO GASTÓ EN: Alquiler y/o mantenimiento de equipos pecuarios?",N,9,,99
P1002B_10B,"DURANTE LOS ÚLTIMOS 12 MESES, DE….A….., ¿CUÁNTO GASTÓ EN: Otro (compra de sogas, alambre y clavos, etc.)?",N,9,,99
P1002B_TOTAL,TOTAL DE GASTOS EN ACTIVIDADES PECUARIAS (2),N,10,,99
P1000_TOTAL,COSTO TOTAL DE LA ACTIVIDAD AGROPECUARIA (1) + (2),N,10,,99
P1109A,"¿USUALMENTE, DURANTE EL AÑO, ADEMÁS DE TRABAJAR EN SUS PARCELAS O CHACRAS O EN LA CRIANZA DE SUS ANIMALES REALIZA OTRA ACTIVIDAD PARA CONSEGUIR INGRESOS?",N,1,,99
P1109B,¿QUÉ ACTIVIDAD PRINCIPAL REALIZA ADEMÁS DE TRABAJAR EN LAS PARCELAS O CHACRAS O EN LA CRIANZA DE SUS ANIMALES?,N,1,,100
P1110,¿UD. VIVE EN ALGUNA DE LAS PARCELAS O CHACRAS QUE TRABAJA O CONDUCE EN ESTE DISTRITO?,N,1,,100
P1110A,¿CUENTA CON RUC?,N,1,,100
P1206,"¿EN LOS ÚLTIMOS 12 MESES DE ……….. A ……….., UD. HA UTILIZADO MAQUINARIA Y/O EQUIPO PARA DESARROLLAR SU ACTIVIDAD AGROPECUARIA?",N,1,,100
OMICAP1000,OMISIÓN DE COSTOS DE PRODUCCIÓN DE LA ACTIVIDAD AGROPECUARIA,AN,2,,100
P1100,Nº DE ORDEN,N,2,,101
P1102,¿CUÁL ES LA RELACIÓN DE PARENTESCO CON EL PRODUCTOR/A AGROPECUARIO/A?,N,1,,101
P1103,SEXO,N,1,,101
P1104_A,¿QUÉ EDAD TIENE EN AÑOS CUMPLIDOS? AÑOS,N,2,,101
P1104_B,¿QUÉ EDAD TIENE EN AÑOS CUMPLIDOS? MESES,N,2,,101
P1112,¿CUÁL ES SU ESTADO CIVIL O CONYUGAL?,N,1,,101
P1105,¿CUÁL ES EL NIVEL DE EDUCACIÓN ALCANZADO?,N,2,,101
P1106,¿CUÁL ES EL IDIOMA O LENGUA QUE APRENDIÓ EN SU NIÑEZ?,N,2,,102
P1107,¿PARTICIPA EN LAS LABORES AGROPECUARIAS DE SUS PARCELAS O CHACRAS O EN LA CRIANZA DE SUS ANIMALES?,N,1,,102
P1107B,¿PARTICIPA EN TOMAR LAS PRINCIPALES DECISIONES DE LA ACTIVIDAD AGRÍCOLA O EN LA CRIANZA DE SUS ANIMALES?,N,1,,102
P1108_1,"¿TIENE UD. LIMITACIONES DE FORMA PERMANENTE, PARA: Moverse o caminar, para usar brazos o piernas?",N,1,,102
P1108_2,"¿TIENE UD. LIMITACIONES DE FORMA PERMANENTE, PARA: Ver, aun usando anteojos?",N,1,,102
P1108_3,"¿TIENE UD. LIMITACIONES DE FORMA PERMANENTE, PARA: Hablar o comunicarse, aun usando el lenguaje de señas u otro?",N,1,,102
P1108_4,"¿TIENE UD. LIMITACIONES DE FORMA PERMANENTE, PARA: Oír, aun usando audífonos?",N,1,,102
P1108_5,"¿TIENE UD. LIMITACIONES DE FORMA PERMANENTE, PARA: Entender o aprender, concentrarse y recordar?",N,1,,102
P1108_6,"¿TIENE UD. LIMITACIONES DE FORMA PERMANENTE, PARA: Relacionarse con los demás, por sus pensamientos, sentimientos, emociones o conductas?",N,1,,102
P1109,"POR SUS ANTEPASADOS Y DE ACUERDO A SUS COSTUMBRES, ¿UD. SE CONSIDERA:",N,1,,102
OMICAP1100,OMISIÓN DE CARACTERÍSTICAS DEL PRODUCTOR AGROPECUARIO Y SU FAMILIA,AN,2,,102
P1202_N,NÚMERO DE CULTIVO,N,2,,103
P1202_NOM,"EN ESTA PARCELA, EN LOS PRÓXIMOS 12 MESES, DE ……..A………, ¿QUÉ CULTIVOS SEMBRARÁ O INSTALARÁ?",A,50,,103
P1202_COD,CÓDIGO DE CULTIVO,N,4,,103
P1202_TIPO,TIPO DE CULTIVO,N,1,,103
P1203_SUP_1,¿CUÁL SERÁ LA SUPERFICIE SEMBRADA DE …...…? ENTERO,N,6,,103
P1203_SUP_2,¿CUÁL SERÁ LA SUPERFICIE SEMBRADA DE …...…? DECIMAL,AN,3,,103
P1204_MES,¿CUÁL SERÁ LA FECHA DE SIEMBRA DE……….? MES,N,2,,103
P1205_MES,¿CUÁL SERÁ LA FECHA DE COSECHA DE……….? MES,N,2,,104
P1205_ANIO,¿CUÁL SERÁ LA FECHA DE COSECHA DE………...? AÑO,N,4,,104
OMICAP1200_IS_01,OMISIÓN DE INTENSIÓN DE SIEMBRA,AN,2,,104
P1207_N,NÚMERO DE MAQUINARIA Y/O EQUIPO,N,2,,105
P1207_NOM,¿QUÉ MAQUINARIA Y/O EQUIPO HA UTILIZADO? NOMBRE,A,50,,105
P1207_COD,¿QUÉ MAQUINARIA Y/O EQUIPO HA UTILIZADO? CÓDIGO,N,4,,105
P1207_TIPO,¿QUÉ MAQUINARIA Y/O EQUIPO HA UTILIZADO? TIPO,N,1,,105
P1208,"¿EL/LA…………………….., ES:",N,1,,105
OMICAP1200_IS_02,OMISIÓN DE MAQUINARIA Y/O EQUIPO,AN,2,,105
