ANIO,CCDD,NOMBREDD,CCPP,NOMBREPV,CCDI,NOMBREDI,NSEGM,ID_PROD,UA,RESFIN,REGION,ESTRATO,FACTOR_PRODUCTOR,CODIGO,P101A,P142_1,P142_2,P147,P224B,P224B_NOM,P224B_COD,P224B_TIPO,P224D_SUP_1,P224D_SUP_2,P224E_1,P224E_2,P224E_3,P224E_4,P224E_5,P224E_6,P224E_7,OMICAP200_00
2024,25,UCAYALI,03,PADRE ABAD,02,IRAZOLA,10052,05,05,1,3,250392005,4.409521,1,,1,0,1,1,PLATANO,1171,3,0,500,1,0,0,0,0,0,0, 
2024,25,UCAYALI,03,PADRE ABAD,01,PADRE ABAD,10073,05,05,1,3,250392005,9.579173,1,,1,0,1,1,PLATANO,1171,3,0,350,0,1,1,0,0,0,0, 
2024,25,UCAYALI,03,PADRE ABAD,01,PADRE ABAD,10080,02,02,1,3,250393005,1.055585,1,,1,0,4,1,GUANABANO,1133,2,5,000,0,0,1,0,0,0,0, 
2024,25,UCAYALI,03,PADRE ABAD,01,PADRE ABAD,10080,24,24,1,3,250393005,1.854329,1,,1,0,1,1,NARANJO,1156,2,0,100,0,0,1,0,0,0,0, 
2024,25,UCAYALI,03,PADRE ABAD,01,PADRE ABAD,10080,24,24,1,3,250393005,1.854329,1,,1,0,1,2,CACAO,1202,3,0,150,0,0,1,0,0,0,0, 
2024,25,UCAYALI,01,CORONEL PORTILLO,05,YARINACOCHA,10140,06,06,1,3,250192006,49.52428,1,,1,0,2,1,PASTO BRIZANTHA,1408,3,32,452,0,1,0,0,0,0,0, 
2024,25,UCAYALI,01,CORONEL PORTILLO,01,CALLERIA,10182,02,02,1,3,250192005,11.35157,1,,1,1,1,1,YUCA,2620,1,0,250,0,1,0,0,0,0,0, 
2024,25,UCAYALI,01,CORONEL PORTILLO,01,CALLERIA,10185,01,01,1,3,250193006,11.09015,1,,1,1,1,1,MAIZ AMARILLO DURO,2107,1,3,900,0,0,1,0,0,1,0, 
2024,25,UCAYALI,01,CORONEL PORTILLO,01,CALLERIA,10185,02,02,1,3,250193006,39.35556,1,,1,0,1,1,MAIZ AMARILLO DURO,2107,1,3,000,0,0,1,0,0,1,0, 
2024,25,UCAYALI,01,CORONEL PORTILLO,01,CALLERIA,10185,06,06,1,3,250193006,12.92826,1,,1,0,1,1,MAIZ AMARILLO DURO,2107,1,1,000,0,1,0,0,0,0,0, 
2024,25,UCAYALI,01,CORONEL PORTILLO,01,CALLERIA,10185,07,07,1,3,250193006,14.40964,1,,1,0,1,1,MAIZ AMARILLO DURO,2107,1,2,500,0,1,0,0,0,0,0, 
2024,24,TUMBES,03,ZARUMILLA,04,PAPAYAL,10188,02,02,1,1,240313003,.7919365,1,,1,0,1,1,PLATANO,1171,3,3,000,0,0,1,0,0,0,0, 
2024,24,TUMBES,03,ZARUMILLA,04,PAPAYAL,10192,06,06,1,1,240313004,5.232837,1,,1,0,1,1,MAIZ CHOCLO,2109,1,1,500,0,0,1,0,0,1,0, 
2024,24,TUMBES,03,ZARUMILLA,03,MATAPALO,10208,01,01,1,1,240311003,3.949342,1,,1,1,3,1,LIMON ACIDO,1140,3,3,000,0,0,0,0,0,1,0, 
2024,24,TUMBES,01,TUMBES,02,CORRALES,10297,04,04,1,1,240111003,6.352034,1,,1,1,1,1,ARROZ CASCARA,2101,1,5,000,0,1,0,0,0,0,0, 
2024,24,TUMBES,01,TUMBES,02,CORRALES,10300,09,09,1,1,240111004,.0310821,1,,1,0,1,1,ARROZ CASCARA,2101,1,3,500,0,0,0,0,0,1,0, 
2024,24,TUMBES,01,TUMBES,02,CORRALES,10308,01,01,1,1,240111003,10.36888,1,,1,0,1,1,CEBOLLA CHINA,2316,1,0,500,0,0,0,0,0,1,0, 
2024,23,TACNA,04,TARATA,08,TICACO,10339,02,02,1,2,230431003,36.88205,1,,1,0,1,1,TUNA FRUTA,1186,2,0,990,0,0,1,0,0,1,0, 
2024,23,TACNA,04,TARATA,08,TICACO,10339,03,03,1,2,230431003,25.55614,1,,1,1,7,1,MAIZ AMILACEO,2108,1,1,000,0,0,1,0,0,0,1, 
2024,23,TACNA,04,TARATA,08,TICACO,10339,03,03,1,2,230431003,25.55614,1,,1,1,9,1,MAIZ AMILACEO,2108,1,0,250,0,0,0,0,0,0,1, 
2024,23,TACNA,04,TARATA,08,TICACO,10339,03,03,1,2,230431003,25.55614,1,,1,1,8,1,HABA,2942,1,1,000,0,0,0,0,0,0,1, 
2024,23,TACNA,04,TARATA,08,TICACO,10339,05,05,1,2,230431003,18.11257,1,,1,0,1,1,MAIZ AMILACEO,2108,1,0,500,0,0,1,0,0,0,0, 
2024,23,TACNA,04,TARATA,08,TICACO,10339,09,09,1,2,230431003,1.695291,1,,1,0,1,1,TUNA FRUTA,1186,2,0,170,0,0,1,0,0,1,0, 
2024,23,TACNA,04,TARATA,07,TARUCACHI,10343,10,10,1,2,230431004,1.118531,1,,1,1,3,1,MAIZ AMILACEO,2108,1,0,400,0,0,1,1,0,0,1, 
2024,23,TACNA,04,TARATA,06,SUSAPAYA,10346,01,01,1,2,230442002,1.076433,1,,1,1,1,1,ALFALFA,1401,3,0,057,0,0,0,0,0,0,1, 
2024,23,TACNA,04,TARATA,04,ESTIQUE-PAMPA,10350,04,04,1,2,230431003,9.232579,1,,1,1,1,1,OREGANO,1219,3,0,270,0,0,0,0,0,0,1, 
2024,23,TACNA,04,TARATA,02,HEROES ALBARRACIN,10356,11,11,1,2,230432003,3.861624,1,,1,1,1,1,TUNA FRUTA,1186,2,0,018,0,0,1,0,0,0,0, 
2024,23,TACNA,04,TARATA,02,HEROES ALBARRACIN,10356,19,19,1,2,230432003,6.344585,1,,1,0,2,1,TUNA FRUTA,1186,2,0,112,0,0,1,0,0,0,0, 
2024,23,TACNA,04,TARATA,02,HEROES ALBARRACIN,10356,31,31,1,2,230432003,142.9513,1,,1,0,1,1,TUNA FRUTA,1186,2,0,012,0,0,1,0,0,0,0, 
2024,23,TACNA,04,TARATA,01,TARATA,10359,05,05,1,2,230431003,67.49685,1,,1,1,1,1,MAIZ AMILACEO,2108,1,0,500,0,0,0,1,0,0,1, 
2024,23,TACNA,04,TARATA,01,TARATA,10359,09,09,1,2,230431003,51.6656,1,,1,0,5,1,HABA,2942,1,0,330,0,0,0,0,0,0,1, 
2024,23,TACNA,04,TARATA,01,TARATA,10360,02,02,1,2,230431003,19.27328,1,,1,0,4,1,MAIZ AMILACEO,2108,1,0,500,0,0,0,1,0,0,0, 
2024,23,TACNA,04,TARATA,01,TARATA,10360,05,05,1,2,230431003,2.747609,1,,1,1,5,1,MAIZ AMILACEO,2108,1,0,250,0,0,1,0,0,0,1, 
2024,23,TACNA,04,TARATA,01,TARATA,10361,05,05,1,2,230441002,.1674737,1,,1,0,4,1,MAIZ AMILACEO,2108,1,2,000,0,0,0,0,0,0,1, 
2024,23,TACNA,03,JORGE BASADRE,03,ITE,10363,01,01,1,1,230312003,.1034359,1,,1,1,1,1,MAIZ CHALA,2706,1,0,650,0,0,0,0,0,0,1, 
2024,23,TACNA,03,JORGE BASADRE,02,ILABAYA,10373,04,04,1,1,230322003,87.69066,1,,1,0,1,1,HIGUERA,1136,2,0,010,0,0,1,0,0,0,0, 
2024,23,TACNA,03,JORGE BASADRE,02,ILABAYA,10373,04,04,1,1,230322003,87.69066,1,,1,0,1,2,PACAE,1159,2,0,010,0,0,1,0,0,0,0, 
2024,23,TACNA,03,JORGE BASADRE,02,ILABAYA,10374,09,09,1,1,230323003,8.156005,1,,1,0,2,1,MAIZ AMILACEO,2108,1,0,030,0,0,1,0,0,0,0, 
2024,23,TACNA,03,JORGE BASADRE,01,LOCUMBA,10384,04,04,1,1,230321004,9.451548,1,,1,0,1,1,PALMERA DATILERA,1161,2,0,005,0,0,1,0,0,0,0, 
2024,23,TACNA,03,JORGE BASADRE,01,LOCUMBA,10384,05,05,1,1,230321004,5.027473,1,,1,0,1,1,TARA,1225,2,0,120,0,0,1,0,0,0,0, 
2024,23,TACNA,03,JORGE BASADRE,01,LOCUMBA,10384,08,08,1,1,230321004,9.256382,1,,1,0,1,1,OLIVO,1218,2,0,024,0,0,0,0,0,0,1, 
2024,23,TACNA,03,JORGE BASADRE,01,LOCUMBA,10384,08,08,1,1,230321004,9.256382,1,,1,0,1,2,HIGUERA,1136,2,0,007,0,0,0,0,0,0,1, 
2024,23,TACNA,03,JORGE BASADRE,01,LOCUMBA,10384,08,08,1,1,230321004,9.256382,1,,1,0,1,3,GRANADO,1132,2,0,025,0,0,0,0,0,0,1, 
2024,23,TACNA,03,JORGE BASADRE,01,LOCUMBA,10384,08,08,1,1,230321004,9.256382,1,,1,0,1,4,MORERA,1154,2,0,003,0,0,0,0,0,0,1, 
2024,23,TACNA,03,JORGE BASADRE,01,LOCUMBA,10393,04,04,1,1,230311004,7.657035,1,,1,0,1,1,CEBOLLA,2315,1,0,890,0,0,0,0,0,0,1, 
2024,23,TACNA,03,JORGE BASADRE,01,LOCUMBA,10393,05,05,1,1,230311004,1.795337,1,,1,0,1,1,CEBOLLA,2315,1,0,500,0,0,0,0,0,0,1, 
2024,23,TACNA,02,CANDARAVE,04,CURIBAYA,10401,01,01,1,2,230223002,1.057487,1,,1,1,1,1,ZAPALLO,2345,1,0,500,1,0,0,0,0,0,0, 
2024,23,TACNA,02,CANDARAVE,03,CAMILACA,10404,03,03,1,2,230221003,.0354786,1,,1,1,5,1,OREGANO,1219,3,0,330,0,0,1,0,0,0,0, 
2024,23,TACNA,02,CANDARAVE,03,CAMILACA,10405,01,01,1,2,230231003,2.535102,1,,1,0,1,1,TUNA FRUTA,1186,2,0,001,0,0,1,0,0,0,0, 
2024,23,TACNA,02,CANDARAVE,03,CAMILACA,10405,02,02,1,2,230231003,29.55634,1,,1,0,1,1,TUNA FRUTA,1186,2,0,020,0,0,1,0,0,0,0, 
2024,23,TACNA,02,CANDARAVE,03,CAMILACA,10405,04,04,1,2,230231003,2.304336,1,,1,0,4,1,MAIZ AMILACEO,2108,1,0,182,0,0,1,0,0,0,1, 
2024,23,TACNA,02,CANDARAVE,03,CAMILACA,10405,06,06,1,2,230231003,17.2716,1,,1,0,1,1,TUNA FRUTA,1186,2,0,002,0,0,1,0,0,0,0, 
2024,23,TACNA,02,CANDARAVE,03,CAMILACA,10405,07,07,1,2,230231003,36.89969,1,,1,0,1,1,TUNA FRUTA,1186,2,0,006,0,0,1,0,0,0,0, 
2024,23,TACNA,02,CANDARAVE,03,CAMILACA,10406,01,01,1,2,230231003,14.06865,1,,1,0,1,1,TUNA FRUTA,1186,2,0,002,0,0,0,0,0,0,1, 
2024,23,TACNA,02,CANDARAVE,03,CAMILACA,10406,02,02,1,2,230231003,23.47113,1,,1,0,1,1,TUNA FRUTA,1186,2,0,008,0,0,0,0,0,0,1, 
2024,23,TACNA,02,CANDARAVE,03,CAMILACA,10406,13,13,1,2,230231003,1.641721,1,,1,0,1,1,TUNA FRUTA,1186,2,0,140,0,0,0,0,0,0,1, 
2024,23,TACNA,02,CANDARAVE,03,CAMILACA,10406,13,13,1,2,230231003,1.641721,1,,1,0,3,1,TUNA FRUTA,1186,2,0,182,0,0,0,0,0,0,1, 
2024,23,TACNA,02,CANDARAVE,03,CAMILACA,10406,14,14,1,2,230231003,2.75137,1,,1,0,1,1,TUNA FRUTA,1186,2,0,070,1,0,0,0,0,0,1, 
2024,23,TACNA,02,CANDARAVE,03,CAMILACA,10406,15,15,1,2,230231003,8.252802,1,,1,0,1,1,TUNA FRUTA,1186,2,0,085,0,0,0,0,0,0,1, 
2024,23,TACNA,02,CANDARAVE,03,CAMILACA,10407,01,01,1,2,230231002,20.24032,1,,1,0,1,1,TUNA FRUTA,1186,2,0,003,0,0,1,0,0,0,0, 
2024,23,TACNA,02,CANDARAVE,03,CAMILACA,10409,02,02,1,2,230231003,2.65476,1,,1,1,1,1,TUNA FRUTA,1186,2,0,016,0,0,1,0,0,1,0, 
2024,23,TACNA,02,CANDARAVE,01,CANDARAVE,10416,02,02,1,2,230232003,3.821596,1,,1,1,3,1,ALFALFA,1401,3,0,075,0,0,0,0,0,0,1, 
2024,23,TACNA,01,TACNA,11,LA YARADA LOS PALOS,10435,02,02,1,1,230111004,2.725759,1,,1,0,1,1,MANZANO,1149,2,0,002,0,0,1,0,0,1,0, 
2024,23,TACNA,01,TACNA,11,LA YARADA LOS PALOS,10435,02,02,1,1,230111004,2.725759,1,,1,0,1,2,VID,1192,2,0,001,0,0,1,0,0,1,0, 
2024,23,TACNA,01,TACNA,11,LA YARADA LOS PALOS,10435,02,02,1,1,230111004,2.725759,1,,1,0,1,3,PALTO,1162,2,0,001,0,0,1,0,0,1,0, 
2024,23,TACNA,01,TACNA,11,LA YARADA LOS PALOS,10435,02,02,1,1,230111004,2.725759,1,,1,0,1,4,ZARZAMORA,1194,2,0,002,0,0,1,0,0,1,0, 
2024,23,TACNA,01,TACNA,11,LA YARADA LOS PALOS,10435,02,02,1,1,230111004,2.725759,1,,1,0,1,5,PACAE,1159,2,0,002,0,0,1,0,0,1,0, 
2024,23,TACNA,01,TACNA,11,LA YARADA LOS PALOS,10435,02,02,1,1,230111004,2.725759,1,,1,0,1,6,PITAHAYA,1169,2,0,002,0,0,1,0,0,1,0, 
2024,23,TACNA,01,TACNA,11,LA YARADA LOS PALOS,10435,05,05,1,1,230111004,4.227348,1,,1,0,1,1,MAIZ CHALA,2706,1,1,500,0,1,0,0,0,0,0, 
2024,23,TACNA,01,TACNA,11,LA YARADA LOS PALOS,10436,02,02,1,1,230111003,28.76754,1,,1,0,1,1,OLIVO,1218,2,1,000,0,0,1,0,0,0,0, 
2024,23,TACNA,01,TACNA,11,LA YARADA LOS PALOS,10459,02,02,1,1,230111004,37.39032,1,,1,1,1,1,PACAE,1159,2,0,002,0,0,1,0,0,0,0, 
2024,23,TACNA,01,TACNA,11,LA YARADA LOS PALOS,10459,05,05,1,1,230111004,2.17075,1,,1,1,1,1,OLIVO,1218,2,2,790,0,0,1,0,0,0,1, 
2024,23,TACNA,01,TACNA,11,LA YARADA LOS PALOS,10459,07,07,1,1,230111004,12.1597,1,,1,1,1,1,HIGUERILLA,1213,2,0,033,0,0,1,0,0,0,0, 
2024,23,TACNA,01,TACNA,11,LA YARADA LOS PALOS,10463,03,03,1,1,230111004,11.67997,1,,1,1,1,1,OLIVO,1218,2,6,500,0,0,1,0,0,0,1, 
2024,23,TACNA,01,TACNA,11,LA YARADA LOS PALOS,10463,03,03,1,1,230111004,11.67997,1,,1,1,2,1,OLIVO,1218,2,13,000,0,0,1,0,0,0,1, 
2024,23,TACNA,01,TACNA,11,LA YARADA LOS PALOS,10463,04,04,1,1,230111004,7.498534,1,,1,1,1,1,MANZANO,1149,2,0,008,0,0,1,0,0,0,0, 
2024,23,TACNA,01,TACNA,11,LA YARADA LOS PALOS,10463,04,04,1,1,230111004,7.498534,1,,1,1,1,2,HIGUERA,1136,2,0,004,0,0,1,0,0,0,0, 
2024,23,TACNA,01,TACNA,11,LA YARADA LOS PALOS,10463,04,04,1,1,230111004,7.498534,1,,1,1,1,3,GUAYABO,1134,2,0,025,0,0,1,0,0,0,0, 
2024,23,TACNA,01,TACNA,11,LA YARADA LOS PALOS,10463,04,04,1,1,230111004,7.498534,1,,1,1,1,4,VID,1192,2,0,008,0,0,1,0,0,0,0, 
2024,23,TACNA,01,TACNA,11,LA YARADA LOS PALOS,10463,04,04,1,1,230111004,7.498534,1,,1,1,1,5,PACAE,1159,2,0,035,0,0,1,0,0,0,0, 
2024,23,TACNA,01,TACNA,11,LA YARADA LOS PALOS,10463,04,04,1,1,230111004,7.498534,1,,1,1,1,6,GRANADO,1132,2,0,017,0,0,1,0,0,0,0, 
2024,23,TACNA,01,TACNA,11,LA YARADA LOS PALOS,10463,06,06,1,1,230111004,13.71651,1,,1,1,2,1,OLIVO,1218,2,10,000,0,0,0,0,0,1,1, 
2024,23,TACNA,01,TACNA,11,LA YARADA LOS PALOS,10465,08,08,1,1,230111004,2.980481,1,,1,1,3,1,OLIVO,1218,2,1,000,0,0,0,0,0,0,1, 
2024,23,TACNA,01,TACNA,11,LA YARADA LOS PALOS,10465,08,08,1,1,230111004,2.980481,1,,1,1,2,1,OLIVO,1218,2,4,000,0,0,0,0,0,0,1, 
2024,23,TACNA,01,TACNA,11,LA YARADA LOS PALOS,10465,08,08,1,1,230111004,2.980481,1,,1,1,1,1,PALTO,1162,2,0,010,0,0,0,0,0,0,1, 
2024,23,TACNA,01,TACNA,11,LA YARADA LOS PALOS,10465,10,10,1,1,230111004,3.929615,1,,1,1,2,1,OLIVO,1218,2,1,000,0,0,0,0,0,0,1, 
2024,23,TACNA,01,TACNA,11,LA YARADA LOS PALOS,10470,01,01,1,1,230111003,25.14072,1,,1,0,1,1,OLIVO,1218,2,2,000,0,0,1,0,0,0,0, 
2024,23,TACNA,01,TACNA,11,LA YARADA LOS PALOS,10470,02,02,1,1,230111003,18.2052,1,,1,0,1,1,OLIVO,1218,2,0,300,0,0,1,0,0,0,0, 
2024,23,TACNA,01,TACNA,11,LA YARADA LOS PALOS,10472,02,02,1,1,230111004,6.193779,1,,1,0,2,1,OLIVO,1218,2,2,000,0,0,1,0,0,0,1, 
2024,23,TACNA,01,TACNA,11,LA YARADA LOS PALOS,10472,02,02,1,1,230111004,6.193779,1,,1,0,1,1,OLIVO,1218,2,4,000,0,0,1,0,0,0,1, 
2024,23,TACNA,01,TACNA,11,LA YARADA LOS PALOS,10472,03,03,1,1,230111004,19.37639,1,,1,0,1,1,MORINGA,1155,2,0,015,0,0,1,0,0,0,0, 
2024,23,TACNA,01,TACNA,11,LA YARADA LOS PALOS,10472,03,03,1,1,230111004,19.37639,1,,1,0,1,2,PALMERA DATILERA,1161,2,0,012,0,0,1,0,0,0,0, 
2024,23,TACNA,01,TACNA,11,LA YARADA LOS PALOS,10472,05,05,1,1,230111004,5.967786,1,,1,1,1,1,PACAE,1159,2,0,004,0,0,1,0,0,0,0, 
2024,23,TACNA,01,TACNA,11,LA YARADA LOS PALOS,10472,05,05,1,1,230111004,5.967786,1,,1,1,1,2,GRANADO,1132,2,0,035,0,0,1,0,0,0,0, 
2024,23,TACNA,01,TACNA,11,LA YARADA LOS PALOS,10473,06,06,1,1,230111004,3.909778,1,,1,1,1,1,OLIVO,1218,2,0,300,0,0,0,0,0,0,1, 
2024,23,TACNA,01,TACNA,11,LA YARADA LOS PALOS,10473,07,07,1,1,230111004,36.44426,1,,1,0,1,1,HIGUERA,1136,2,0,003,0,0,0,0,0,0,1, 
2024,23,TACNA,01,TACNA,11,LA YARADA LOS PALOS,10474,02,02,1,1,230111004,7.69106,1,,1,0,1,1,OLIVO,1218,2,3,500,0,0,1,0,0,0,0, 
2024,23,TACNA,01,TACNA,11,LA YARADA LOS PALOS,10474,03,03,1,1,230111004,12.11746,1,,1,0,1,1,OLIVO,1218,2,3,000,0,0,1,0,0,0,0, 
2024,23,TACNA,01,TACNA,11,LA YARADA LOS PALOS,10474,05,05,1,1,230111004,24.46101,1,,1,0,1,1,OLIVO,1218,2,1,500,0,0,1,0,0,0,0, 
2024,23,TACNA,01,TACNA,11,LA YARADA LOS PALOS,10475,02,02,1,1,230111004,.2540707,1,,1,1,2,1,OLIVO,1218,2,2,500,0,0,1,0,0,1,0, 
2024,23,TACNA,01,TACNA,11,LA YARADA LOS PALOS,10475,02,02,1,1,230111004,.2540707,1,,1,1,1,1,OLIVO,1218,2,1,450,0,0,1,0,0,1,0, 
2024,23,TACNA,01,TACNA,11,LA YARADA LOS PALOS,10475,02,02,1,1,230111004,.2540707,1,,1,1,1,2,PLATANO,1171,3,0,004,0,0,1,0,0,0,0, 
2024,23,TACNA,01,TACNA,11,LA YARADA LOS PALOS,10475,07,07,1,1,230111004,3.1528,1,,1,1,2,1,OLIVO,1218,2,2,500,0,0,1,0,0,1,0, 
2024,23,TACNA,01,TACNA,11,LA YARADA LOS PALOS,10475,07,07,1,1,230111004,3.1528,1,,1,1,1,1,OLIVO,1218,2,1,000,0,0,1,0,0,1,0, 
2024,23,TACNA,01,TACNA,11,LA YARADA LOS PALOS,10475,08,08,1,1,230111004,1.177087,1,,1,0,1,1,PACAE,1159,2,0,010,0,0,1,0,0,0,0, 
2024,23,TACNA,01,TACNA,11,LA YARADA LOS PALOS,10476,03,03,1,1,230111003,3.200514,1,,1,1,2,1,QUINUA,2111,1,0,950,0,0,1,0,0,0,0, 
2024,23,TACNA,01,TACNA,11,LA YARADA LOS PALOS,10477,04,04,1,1,230111004,5.446962,1,,1,0,1,1,OLIVO,1218,2,6,000,0,0,0,0,0,0,1, 
2024,23,TACNA,01,TACNA,11,LA YARADA LOS PALOS,10488,08,08,1,1,230111004,.0231062,1,,1,1,2,1,OLIVO,1218,2,0,500,0,0,1,0,0,1,0, 
2024,23,TACNA,01,TACNA,11,LA YARADA LOS PALOS,10488,08,08,1,1,230111004,.0231062,1,,1,1,3,1,OLIVO,1218,2,0,750,0,0,1,0,0,1,0, 
2024,23,TACNA,01,TACNA,11,LA YARADA LOS PALOS,10490,04,04,1,1,230111004,6.22286,1,,1,0,1,1,OLIVO,1218,2,4,250,0,0,0,0,0,0,1, 
2024,23,TACNA,01,TACNA,11,LA YARADA LOS PALOS,10490,05,05,1,1,230111004,.0476898,1,,1,0,1,1,PACAE,1159,2,0,104,0,0,1,0,0,0,0, 
2024,23,TACNA,01,TACNA,11,LA YARADA LOS PALOS,10490,06,06,1,1,230111004,.1683873,1,,1,1,1,1,OLIVO,1218,2,0,223,0,0,1,0,0,0,1, 
2024,23,TACNA,01,TACNA,11,LA YARADA LOS PALOS,10490,06,06,1,1,230111004,.1683873,1,,1,1,1,2,PACAE,1159,2,0,010,0,0,1,0,0,0,0, 
2024,23,TACNA,01,TACNA,11,LA YARADA LOS PALOS,10495,03,03,1,1,230111004,10.99718,1,,1,0,1,1,OLIVO,1218,2,1,800,0,0,1,0,0,0,1, 
2024,23,TACNA,01,TACNA,11,LA YARADA LOS PALOS,10495,05,05,1,1,230111004,4.815657,1,,1,1,1,1,MORERA,1154,2,0,004,0,0,1,0,0,0,0, 
2024,23,TACNA,01,TACNA,11,LA YARADA LOS PALOS,10495,05,05,1,1,230111004,4.815657,1,,1,1,2,1,MORERA,1154,2,0,002,0,0,1,0,0,0,0, 
2024,23,TACNA,01,TACNA,11,LA YARADA LOS PALOS,10507,01,01,1,1,230111004,4.786657,1,,1,0,1,1,OLIVO,1218,2,7,000,0,0,1,0,0,0,1, 
2024,23,TACNA,01,TACNA,11,LA YARADA LOS PALOS,10507,02,02,1,1,230111004,19.90896,1,,1,0,1,1,OLIVO,1218,2,10,000,0,0,1,0,0,0,0, 
2024,23,TACNA,01,TACNA,11,LA YARADA LOS PALOS,10507,02,02,1,1,230111004,19.90896,1,,1,0,1,2,ROCOTO,2338,1,0,300,0,0,1,0,0,0,0, 
2024,23,TACNA,01,TACNA,11,LA YARADA LOS PALOS,10507,03,03,1,1,230111004,1.430012,1,,1,0,1,1,OLIVO,1218,2,3,000,0,0,1,0,0,0,1, 
2024,23,TACNA,01,TACNA,11,LA YARADA LOS PALOS,10509,04,04,1,1,230111004,2.904193,1,,1,1,1,1,OLIVO,1218,2,2,000,0,0,1,0,0,0,0, 
2024,23,TACNA,01,TACNA,11,LA YARADA LOS PALOS,10509,07,07,1,1,230111004,1.376287,1,,1,0,1,1,OLIVO,1218,2,2,000,0,0,1,0,0,0,0, 
2024,23,TACNA,01,TACNA,11,LA YARADA LOS PALOS,10509,09,09,1,1,230111004,2.058447,1,,1,0,2,1,OLIVO,1218,2,0,200,0,0,1,0,0,0,0, 
2024,23,TACNA,01,TACNA,11,LA YARADA LOS PALOS,10509,09,09,1,1,230111004,2.058447,1,,1,0,1,1,OLIVO,1218,2,0,300,0,0,1,0,0,0,0, 
2024,23,TACNA,01,TACNA,11,LA YARADA LOS PALOS,10511,03,03,1,1,230111004,1.508972,1,,1,1,1,1,OLIVO,1218,2,0,872,0,0,0,0,0,1,0, 
2024,23,TACNA,01,TACNA,11,LA YARADA LOS PALOS,10511,04,04,1,1,230111004,3.987967,1,,1,0,1,1,OLIVO,1218,2,0,677,0,0,0,0,0,1,0, 
2024,23,TACNA,01,TACNA,11,LA YARADA LOS PALOS,10511,05,05,1,1,230111004,9.351198,1,,1,1,3,1,OLIVO,1218,2,0,600,0,0,1,0,0,1,0, 
2024,23,TACNA,01,TACNA,11,LA YARADA LOS PALOS,10511,05,05,1,1,230111004,9.351198,1,,1,1,1,1,OLIVO,1218,2,1,570,0,0,0,0,0,1,0, 
2024,23,TACNA,01,TACNA,11,LA YARADA LOS PALOS,10511,05,05,1,1,230111004,9.351198,1,,1,1,2,1,OLIVO,1218,2,1,500,0,0,0,0,0,1,0, 
2024,23,TACNA,01,TACNA,11,LA YARADA LOS PALOS,10511,05,05,1,1,230111004,9.351198,1,,1,1,1,2,GUAYABO,1134,2,0,045,0,0,1,0,0,1,0, 
2024,23,TACNA,01,TACNA,11,LA YARADA LOS PALOS,10511,05,05,1,1,230111004,9.351198,1,,1,1,1,3,HIGUERA,1136,2,0,084,0,0,0,0,0,1,0, 
2024,23,TACNA,01,TACNA,11,LA YARADA LOS PALOS,10511,09,09,1,1,230111004,29.20533,1,,1,1,1,1,OLIVO,1218,2,0,810,0,0,0,0,0,1,0, 
2024,23,TACNA,01,TACNA,11,LA YARADA LOS PALOS,10511,12,12,1,1,230111004,3.34847,1,,1,0,1,1,OLIVO,1218,2,0,846,0,0,0,0,0,1,0, 
2024,23,TACNA,01,TACNA,11,LA YARADA LOS PALOS,10512,01,01,1,1,230111004,27.4282,1,,1,1,2,1,OLIVO,1218,2,1,500,0,0,1,0,0,1,0, 
2024,23,TACNA,01,TACNA,11,LA YARADA LOS PALOS,10512,01,01,1,1,230111004,27.4282,1,,1,1,1,1,OLIVO,1218,2,4,500,0,0,1,0,0,1,0, 
2024,23,TACNA,01,TACNA,11,LA YARADA LOS PALOS,10512,02,02,1,1,230111004,22.87207,1,,1,0,1,1,OLIVO,1218,2,5,500,0,0,1,0,0,1,0, 
2024,23,TACNA,01,TACNA,11,LA YARADA LOS PALOS,10512,02,02,1,1,230111004,22.87207,1,,1,0,2,1,OLIVO,1218,2,0,500,0,0,1,0,0,1,0, 
2024,23,TACNA,01,TACNA,11,LA YARADA LOS PALOS,10512,03,03,1,1,230111004,1.998998,1,,1,0,1,1,OLIVO,1218,2,3,000,0,0,1,0,0,1,0, 
2024,23,TACNA,01,TACNA,11,LA YARADA LOS PALOS,10512,03,03,1,1,230111004,1.998998,1,,1,0,2,1,OLIVO,1218,2,1,000,0,0,1,0,0,1,0, 
2024,23,TACNA,01,TACNA,11,LA YARADA LOS PALOS,10512,04,04,1,1,230111004,.6953638,1,,1,0,1,1,OLIVO,1218,2,7,000,0,0,1,0,0,1,0, 
2024,23,TACNA,01,TACNA,11,LA YARADA LOS PALOS,10514,03,03,1,1,230111004,7.322177,1,,1,0,1,1,OLIVO,1218,2,2,000,0,0,1,0,0,0,0, 
2024,23,TACNA,01,TACNA,11,LA YARADA LOS PALOS,10515,02,02,1,1,230111004,.0606843,1,,1,0,2,1,OLIVO,1218,2,3,000,0,0,1,0,0,0,0, 
2024,23,TACNA,01,TACNA,11,LA YARADA LOS PALOS,10515,06,06,1,1,230111004,12.70717,1,,1,0,1,1,OLIVO,1218,2,1,500,0,0,1,0,0,0,0, 
2024,23,TACNA,01,TACNA,11,LA YARADA LOS PALOS,10515,07,07,1,1,230111004,15.57778,1,,1,0,1,1,OLIVO,1218,2,1,500,0,0,1,0,0,0,0, 
2024,23,TACNA,01,TACNA,11,LA YARADA LOS PALOS,10516,01,01,1,1,230111003,32.20494,1,,1,0,1,1,CAMOTE,2603,1,1,000,0,0,1,0,0,0,0, 
2024,23,TACNA,01,TACNA,11,LA YARADA LOS PALOS,10516,01,01,1,1,230111003,32.20494,1,,1,0,1,2,PEPINO FRUTA,2207,1,0,036,0,0,1,0,0,0,0, 
2024,23,TACNA,01,TACNA,11,LA YARADA LOS PALOS,10521,05,05,1,1,230111004,2.56457,1,,1,1,1,1,OLIVO,1218,2,2,000,0,0,1,0,0,1,0, 
2024,23,TACNA,01,TACNA,11,LA YARADA LOS PALOS,10521,06,06,1,1,230111004,1.573636,1,,1,0,1,1,OLIVO,1218,2,1,600,0,0,1,0,0,0,0, 
2024,23,TACNA,01,TACNA,11,LA YARADA LOS PALOS,10522,02,02,1,1,230111004,2.549457,1,,1,1,2,1,OLIVO,1218,2,0,425,0,0,0,0,0,0,1, 
2024,23,TACNA,01,TACNA,10,CORONEL GREGORIO ALBARRACIN LANCHIPA,10524,02,02,1,1,230111004,20.23325,1,,1,1,1,1,PACAE,1159,2,0,002,0,0,1,0,0,0,0, 
2024,23,TACNA,01,TACNA,10,CORONEL GREGORIO ALBARRACIN LANCHIPA,10524,03,03,1,1,230111004,.1898779,1,,1,1,3,1,PACAE,1159,2,0,040,0,0,1,0,0,0,0, 
2024,23,TACNA,01,TACNA,10,CORONEL GREGORIO ALBARRACIN LANCHIPA,10524,07,07,1,1,230111004,4.652433,1,,1,0,1,1,PACAE,1159,2,0,005,0,0,1,0,0,0,0, 
2024,23,TACNA,01,TACNA,10,CORONEL GREGORIO ALBARRACIN LANCHIPA,10524,08,08,1,1,230111004,8.430225,1,,1,0,1,1,PACAE,1159,2,0,300,0,0,1,0,0,0,0, 
2024,23,TACNA,01,TACNA,10,CORONEL GREGORIO ALBARRACIN LANCHIPA,10524,10,10,1,1,230111004,2.489142,1,,1,1,1,1,PACAE,1159,2,0,002,0,0,1,0,0,0,0, 
2024,23,TACNA,01,TACNA,08,POCOLLAY,10530,03,03,1,1,230121003,16.72122,1,,1,0,1,1,BROCOLI,2312,1,0,080,0,0,1,0,0,0,0, 
2024,23,TACNA,01,TACNA,07,PALCA,10531,02,02,1,2,230141002,2.200442,1,,1,1,1,1,ALFALFA,1401,3,0,002,0,0,0,1,0,0,0, 
2024,23,TACNA,01,TACNA,07,PALCA,10532,01,01,1,2,230141003,4.498558,1,,1,1,2,1,OREGANO,1219,3,1,000,0,0,1,0,0,0,1, 
2024,23,TACNA,01,TACNA,07,PALCA,10532,03,03,1,2,230141003,.0729279,1,,1,1,1,1,OREGANO,1219,3,0,010,0,0,1,0,0,0,0, 
2024,23,TACNA,01,TACNA,07,PALCA,10532,06,06,1,2,230141003,3.550041,1,,1,1,7,1,OREGANO,1219,3,0,300,0,0,1,0,0,0,1, 
2024,23,TACNA,01,TACNA,07,PALCA,10532,06,06,1,2,230141003,3.550041,1,,1,1,3,1,OREGANO,1219,3,0,500,0,0,1,1,0,0,1, 
2024,23,TACNA,01,TACNA,07,PALCA,10532,06,06,1,2,230141003,3.550041,1,,1,1,5,1,OREGANO,1219,3,0,070,0,0,1,0,0,0,1, 
2024,23,TACNA,01,TACNA,07,PALCA,10532,06,06,1,2,230141003,3.550041,1,,1,1,6,1,OREGANO,1219,3,0,300,0,0,1,0,0,0,1, 
2024,23,TACNA,01,TACNA,07,PALCA,10532,06,06,1,2,230141003,3.550041,1,,1,1,4,1,OREGANO,1219,3,0,030,0,0,1,0,0,0,1, 
2024,23,TACNA,01,TACNA,07,PALCA,10532,14,14,1,2,230141003,1.185005,1,,1,1,2,1,MAIZ AMILACEO,2108,1,0,100,0,0,0,1,0,0,0, 
2024,23,TACNA,01,TACNA,07,PALCA,10537,01,01,1,2,230142002,6.303874,1,,1,1,1,1,OREGANO,1219,3,0,005,0,0,1,0,0,0,0, 
2024,23,TACNA,01,TACNA,07,PALCA,10537,06,06,1,2,230142002,.4915118,1,,1,1,3,1,OREGANO,1219,3,0,500,0,0,1,0,0,0,0, 
2024,23,TACNA,01,TACNA,06,PACHIA,10540,01,01,1,1,230122004,4.960748,1,,1,0,2,1,ALFALFA,1401,3,0,600,1,1,1,0,0,0,0, 
2024,23,TACNA,01,TACNA,06,PACHIA,10540,02,02,1,1,230122004,8.850976,1,,1,0,2,1,ALFALFA,1401,3,0,200,1,1,0,0,0,0,0, 
2024,23,TACNA,01,TACNA,06,PACHIA,10542,01,01,1,2,230142003,.6058266,1,,1,1,1,1,PAPA BLANCA,2612,1,0,500,0,0,1,0,0,0,0, 
2024,23,TACNA,01,TACNA,06,PACHIA,10542,01,01,1,2,230142003,.6058266,1,,1,1,1,2,HABA,2942,1,0,500,0,0,1,0,0,0,0, 
2024,23,TACNA,01,TACNA,05,INCLAN,10548,03,03,1,1,230121003,20.31808,1,,1,0,1,1,OLIVO,1218,2,2,845,0,0,1,0,0,0,1, 
2024,23,TACNA,01,TACNA,05,INCLAN,10550,02,02,1,1,230121003,.5311122,1,,1,1,1,1,OLIVO,1218,2,1,650,0,0,1,0,0,0,1, 
2024,23,TACNA,01,TACNA,05,INCLAN,10553,01,01,1,1,230111003,6.076968,1,,1,1,1,1,OLIVO,1218,2,2,235,0,1,1,0,0,0,0, 
2024,23,TACNA,01,TACNA,05,INCLAN,10553,01,01,1,1,230111003,6.076968,1,,1,1,1,2,PERAL,1166,2,0,016,0,1,0,0,0,0,0, 
2024,23,TACNA,01,TACNA,03,CALANA,10557,08,08,1,1,230123004,.4198249,1,,1,0,1,1,LECHUGA,2326,1,0,100,0,0,1,0,0,0,0, 
2024,23,TACNA,01,TACNA,01,TACNA,10562,01,01,1,1,230111004,18.10211,1,,1,0,1,1,MORERA,1154,2,0,001,0,0,1,0,0,0,0, 
2024,23,TACNA,01,TACNA,01,TACNA,10568,01,01,1,1,230111004,5.345123,1,,1,1,2,1,PACAE,1159,2,0,001,0,0,1,0,0,0,0, 
2024,23,TACNA,01,TACNA,01,TACNA,10568,02,02,1,1,230111004,6.227816,1,,1,1,1,1,HIGUERA,1136,2,0,002,0,0,1,0,0,0,0, 
2024,23,TACNA,01,TACNA,01,TACNA,10568,03,03,1,1,230111004,11.81979,1,,1,1,2,1,OLIVO,1218,2,0,050,0,0,1,0,0,0,1, 
2024,23,TACNA,01,TACNA,01,TACNA,10568,03,03,1,1,230111004,11.81979,1,,1,1,2,2,MORERA,1154,2,0,001,0,0,1,0,0,0,0, 
2024,23,TACNA,01,TACNA,01,TACNA,10568,03,03,1,1,230111004,11.81979,1,,1,1,2,3,HIGUERA,1136,2,0,001,0,0,1,0,0,0,0, 
2024,23,TACNA,01,TACNA,01,TACNA,10568,04,04,1,1,230111004,7.206226,1,,1,0,1,1,OLIVO,1218,2,0,360,0,0,1,0,0,0,1, 
2024,23,TACNA,01,TACNA,01,TACNA,10568,04,04,1,1,230111004,7.206226,1,,1,0,1,2,TARA,1225,2,0,005,0,0,1,0,0,0,0, 
2024,23,TACNA,01,TACNA,01,TACNA,10568,05,05,1,1,230111004,4.33172,1,,1,0,1,1,OLIVO,1218,2,0,960,0,0,1,0,0,0,0, 
2024,23,TACNA,01,TACNA,01,TACNA,10568,05,05,1,1,230111004,4.33172,1,,1,0,1,2,HIGUERA,1136,2,0,006,0,0,1,0,0,0,0, 
2024,23,TACNA,01,TACNA,01,TACNA,10568,05,05,1,1,230111004,4.33172,1,,1,0,1,3,MORERA,1154,2,0,001,0,0,1,0,0,0,0, 
2024,23,TACNA,01,TACNA,01,TACNA,10568,06,06,1,1,230111004,1.206692,1,,1,1,1,1,OLIVO,1218,2,0,200,0,0,1,0,0,0,0, 
2024,23,TACNA,01,TACNA,01,TACNA,10568,06,06,1,1,230111004,1.206692,1,,1,1,1,2,MORERA,1154,2,0,001,0,0,1,0,0,0,0, 
2024,23,TACNA,01,TACNA,01,TACNA,10568,06,06,1,1,230111004,1.206692,1,,1,1,1,3,HIGUERA,1136,2,0,001,0,0,1,0,0,0,0, 
2024,22,SAN MARTIN,07,PICOTA,10,TRES UNIDOS,10659,02,02,1,3,220782004,365.5995,1,,1,1,1,1,PALTO,1162,2,0,002,0,0,1,0,0,0,0, 
2024,22,SAN MARTIN,07,PICOTA,10,TRES UNIDOS,10659,02,02,1,3,220782004,365.5995,1,,1,1,1,2,MANDARINA,1146,2,0,013,0,0,1,0,0,0,0, 
2024,22,SAN MARTIN,07,PICOTA,10,TRES UNIDOS,10659,02,02,1,3,220782004,365.5995,1,,1,1,1,3,MANGO,1147,2,0,080,0,0,1,0,0,0,0, 
2024,22,SAN MARTIN,07,PICOTA,06,SAN CRISTOBAL,10672,05,05,1,3,220791005,30.55523,1,,1,1,2,1,ARROZ CASCARA,2101,1,12,530,0,1,0,0,0,0,0, 
2024,22,SAN MARTIN,07,PICOTA,06,SAN CRISTOBAL,10672,05,05,1,3,220791005,30.55523,1,,1,1,1,1,ARROZ CASCARA,2101,1,3,220,0,1,0,0,0,0,0, 
2024,22,SAN MARTIN,07,PICOTA,06,SAN CRISTOBAL,10672,05,05,1,3,220791005,30.55523,1,,1,1,6,1,ARROZ CASCARA,2101,1,3,000,0,1,0,0,0,0,0, 
2024,22,SAN MARTIN,07,PICOTA,02,BUENOS AIRES,10677,02,02,1,3,220781004,10.29027,1,,1,1,2,1,MAIZ AMARILLO DURO,2107,1,0,500,0,0,0,0,0,0,1, 
2024,22,SAN MARTIN,05,LAMAS,11,ZAPATERO,10715,02,02,1,3,220581004,40.86248,1,,1,1,1,1,MAIZ AMARILLO DURO,2107,1,1,000,0,0,0,0,0,0,1, 
2024,22,SAN MARTIN,05,LAMAS,10,TABALOSOS,10721,02,02,1,3,220581004,176.3433,1,,1,1,2,1,MAIZ AMARILLO DURO,2107,1,0,500,0,0,0,0,0,1,0, 
2024,22,SAN MARTIN,05,LAMAS,10,TABALOSOS,10721,02,02,1,3,220581004,176.3433,1,,1,1,2,2,FRIJOL HUASCA,2917,1,0,500,0,0,0,0,0,1,0, 
2024,22,SAN MARTIN,05,LAMAS,06,PINTO RECODO,10728,03,03,1,3,220572004,76.21799,1,,1,1,1,1,PLATANO,1171,3,0,100,0,0,0,0,0,1,0, 
2024,22,SAN MARTIN,05,LAMAS,06,PINTO RECODO,10729,03,03,1,3,220571004,5.962183,1,,1,1,2,1,PLATANO,1171,3,0,250,0,0,0,0,0,1,0, 
2024,22,SAN MARTIN,05,LAMAS,05,CUÑUMBUQUI,10732,02,02,1,3,220581004,66.5039,1,,1,1,1,1,CAFE PERGAMINO,1203,2,3,000,0,0,1,0,0,0,0, 
2024,22,SAN MARTIN,05,LAMAS,02,ALONSO DE ALVARADO,10745,01,01,1,3,220573005,1.826838,1,,1,1,1,1,CAFE PERGAMINO,1203,2,0,100,0,0,1,0,0,0,0, 
2024,22,SAN MARTIN,05,LAMAS,02,ALONSO DE ALVARADO,10745,02,02,1,3,220573005,23.56871,1,,1,1,1,1,CAFE PERGAMINO,1203,2,1,000,0,0,1,0,0,0,0, 
2024,22,SAN MARTIN,05,LAMAS,02,ALONSO DE ALVARADO,10745,03,03,1,3,220573005,19.82959,1,,1,1,1,1,CAFE PERGAMINO,1203,2,2,000,0,0,1,0,0,0,0, 
2024,22,SAN MARTIN,05,LAMAS,02,ALONSO DE ALVARADO,10746,02,02,1,3,220571003,3.700833,1,,1,1,1,1,CULANTRO,2321,1,0,100,0,0,1,0,0,0,0, 
2024,22,SAN MARTIN,05,LAMAS,02,ALONSO DE ALVARADO,10746,02,02,1,3,220571003,3.700833,1,,1,1,1,2,CEBOLLA,2315,1,0,100,0,0,1,0,0,0,0, 
2024,22,SAN MARTIN,05,LAMAS,02,ALONSO DE ALVARADO,10746,02,02,1,3,220571003,3.700833,1,,1,1,1,3,COL,2319,1,0,025,0,0,0,0,0,0,1, 
2024,22,SAN MARTIN,05,LAMAS,02,ALONSO DE ALVARADO,10747,01,01,1,3,220571004,182.771,1,,1,1,1,1,CAFE PERGAMINO,1203,2,0,250,0,0,1,0,0,0,0, 
2024,22,SAN MARTIN,05,LAMAS,02,ALONSO DE ALVARADO,10747,02,02,1,3,220571004,5.866327,1,,1,1,2,1,CAFE PERGAMINO,1203,2,1,000,0,0,1,0,0,0,0, 
2024,22,SAN MARTIN,05,LAMAS,02,ALONSO DE ALVARADO,10747,03,03,1,3,220571004,112.3877,1,,1,1,1,1,CAÑA DE AZUCAR PARA CHANCACA,2809,1,0,100,0,0,0,0,0,0,1, 
2024,22,SAN MARTIN,05,LAMAS,02,ALONSO DE ALVARADO,10747,04,04,1,3,220571004,62.9946,1,,1,0,1,1,PASTO BRACHIARIA,1407,3,0,144,0,0,1,0,0,0,1, 
2024,22,SAN MARTIN,05,LAMAS,02,ALONSO DE ALVARADO,10747,05,05,1,3,220571004,34.51842,1,,1,1,1,1,CAFE PERGAMINO,1203,2,1,500,0,0,1,0,0,0,0, 
2024,22,SAN MARTIN,05,LAMAS,02,ALONSO DE ALVARADO,10747,05,05,1,3,220571004,34.51842,1,,1,1,2,1,CAFE PERGAMINO,1203,2,2,000,0,0,1,0,0,0,0, 
2024,22,SAN MARTIN,05,LAMAS,02,ALONSO DE ALVARADO,10747,07,07,1,3,220571004,18.53386,1,,1,1,1,1,CAFE PERGAMINO,1203,2,0,200,0,0,1,0,0,0,0, 
2024,22,SAN MARTIN,05,LAMAS,02,ALONSO DE ALVARADO,10749,02,02,1,3,220573003,8.856788,1,,1,1,1,1,CAFE PERGAMINO,1203,2,0,500,0,0,1,0,0,0,0, 
2024,22,SAN MARTIN,04,HUALLAGA,04,PISCOYACU,10761,05,05,1,3,220492005,.5300455,1,,1,0,2,1,PASTO BRIZANTHA,1408,3,25,000,0,0,0,0,0,0,1, 
2024,22,SAN MARTIN,04,HUALLAGA,03,EL ESLABON,10767,11,11,1,3,220493005,7.070849,1,,1,0,1,1,YUCA,2620,1,0,250,0,0,0,0,0,0,1, 
2024,22,SAN MARTIN,03,EL DORADO,04,SANTA ROSA,10788,04,04,1,3,220392004,37.43262,1,,1,0,1,1,CACAO,1202,3,2,000,0,0,1,0,0,1,1, 
2024,22,SAN MARTIN,03,EL DORADO,04,SANTA ROSA,10789,01,01,1,3,220381003,.5205675,1,,1,1,2,1,CAFE PERGAMINO,1203,2,1,000,0,0,1,0,0,0,0, 
2024,22,SAN MARTIN,03,EL DORADO,01,SAN JOSE DE SISA,10805,03,03,1,3,220381004,76.97398,1,,1,1,1,1,PLATANO,1171,3,0,100,0,0,0,0,0,0,1, 
2024,22,SAN MARTIN,03,EL DORADO,01,SAN JOSE DE SISA,10805,06,06,1,3,220381004,218.8664,1,,1,1,1,1,CACAO,1202,3,0,250,0,0,0,0,0,1,0, 
2024,22,SAN MARTIN,03,EL DORADO,01,SAN JOSE DE SISA,10806,04,04,1,3,220372004,2.271136,1,,1,1,1,1,MAIZ AMARILLO DURO,2107,1,0,500,0,0,0,0,0,0,1, 
2024,22,SAN MARTIN,02,BELLAVISTA,03,BAJO BIAVO,10821,01,01,1,3,220281004,46.84707,1,,1,1,1,1,MAIZ AMARILLO DURO,2107,1,0,500,0,0,0,0,0,1,0, 
2024,22,SAN MARTIN,02,BELLAVISTA,03,BAJO BIAVO,10821,02,02,1,3,220281004,85.25747,1,,1,1,2,1,MAIZ AMARILLO DURO,2107,1,2,000,0,0,0,0,0,1,0, 
2024,22,SAN MARTIN,02,BELLAVISTA,03,BAJO BIAVO,10822,01,01,1,3,220281004,14.14884,1,,1,1,2,1,MAIZ AMARILLO DURO,2107,1,0,500,0,0,0,0,0,1,0, 
2024,22,SAN MARTIN,02,BELLAVISTA,02,ALTO BIAVO,10835,01,01,1,3,220283005,2.259406,1,,1,1,1,1,MAIZ AMARILLO DURO,2107,1,1,000,0,0,0,0,0,1,0, 
2024,22,SAN MARTIN,02,BELLAVISTA,01,BELLAVISTA,10837,03,03,1,3,220292005,18.49406,1,,1,1,1,1,MAIZ AMARILLO DURO,2107,1,1,110,0,0,0,0,0,1,0, 
2024,22,SAN MARTIN,02,BELLAVISTA,01,BELLAVISTA,10837,08,08,1,3,220292005,17.97694,1,,1,1,1,1,MAIZ AMARILLO DURO,2107,1,2,800,0,0,0,0,0,1,0, 
2024,22,SAN MARTIN,02,BELLAVISTA,01,BELLAVISTA,10843,04,04,1,3,220293005,4.069972,1,,1,0,1,1,MAIZ AMARILLO DURO,2107,1,4,800,0,0,0,0,0,1,0, 
2024,22,SAN MARTIN,01,MOYOBAMBA,04,JEPELACIO,10853,08,08,1,3,220171005,11.86618,1,,1,1,2,1,MAIZ AMARILLO DURO,2107,1,1,000,0,0,0,0,0,1,0, 
2024,22,SAN MARTIN,01,MOYOBAMBA,04,JEPELACIO,10856,02,02,1,3,220172004,30.28613,1,,1,1,2,1,PASTO BRACHIARIA,1407,3,2,000,1,0,0,0,0,0,0, 
2024,22,SAN MARTIN,01,MOYOBAMBA,04,JEPELACIO,10859,01,01,1,3,220171004,3.361073,1,,1,1,1,1,YUCA,2620,1,0,424,0,0,1,0,0,0,0, 
2024,22,SAN MARTIN,01,MOYOBAMBA,04,JEPELACIO,10859,04,04,1,3,220171004,1.519834,1,,1,1,1,1,FRIJOL ASHPA,2904,1,0,100,0,1,0,0,0,0,0, 
2024,21,PUNO,13,YUNGUYO,07,UNICACHI,10885,03,03,1,2,211344002,10.76475,1,,1,1,1,1,OCA,2608,1,0,050,0,0,1,0,0,0,0, 
2024,21,PUNO,13,YUNGUYO,05,OLLARAYA,10886,01,01,1,2,211341004,2.105558,1,,1,1,11,1,TARHUI,2947,1,0,008,0,0,0,0,0,0,1, 
2024,21,PUNO,13,YUNGUYO,05,OLLARAYA,10886,02,02,1,2,211341004,12.22327,1,,1,1,5,1,OCA,2608,1,0,010,0,0,1,0,0,0,0, 
2024,21,PUNO,13,YUNGUYO,05,OLLARAYA,10886,03,03,1,2,211341004,18.45103,1,,1,1,2,1,AVENA FORRAJERA,2701,1,0,020,0,0,0,0,0,0,1, 
2024,21,PUNO,13,YUNGUYO,05,OLLARAYA,10886,04,04,1,2,211341004,8.943577,1,,1,1,3,1,HABA,2942,1,0,020,0,0,0,1,0,0,0, 
2024,21,PUNO,13,YUNGUYO,05,OLLARAYA,10886,04,04,1,2,211341004,8.943577,1,,1,1,3,2,AVENA FORRAJERA,2701,1,0,010,0,0,0,1,0,0,0, 
2024,21,PUNO,13,YUNGUYO,05,OLLARAYA,10886,04,04,1,2,211341004,8.943577,1,,1,1,3,3,TRIGO,2113,1,0,020,0,0,0,1,0,0,0, 
2024,21,PUNO,13,YUNGUYO,05,OLLARAYA,10886,07,07,1,2,211341004,.0093701,1,,1,1,2,1,TARHUI,2947,1,0,010,0,0,1,0,0,0,0, 
2024,21,PUNO,13,YUNGUYO,03,COPANI,10889,08,08,1,2,211341003,31.82156,1,,1,1,4,1,PAPA NATIVA,2615,1,0,072,0,1,0,0,1,0,0, 
2024,21,PUNO,13,YUNGUYO,03,COPANI,10889,08,08,1,2,211341003,31.82156,1,,1,1,6,1,AVENA FORRAJERA,2701,1,0,010,0,1,0,0,1,0,0, 
2024,21,PUNO,13,YUNGUYO,03,COPANI,10889,08,08,1,2,211341003,31.82156,1,,1,1,3,1,PAPA NATIVA,2615,1,0,100,0,1,0,0,1,0,0, 
2024,21,PUNO,13,YUNGUYO,03,COPANI,10889,10,10,1,2,211341003,78.04693,1,,1,1,5,1,PAPA NATIVA,2615,1,0,038,0,1,0,0,1,0,0, 
2024,21,PUNO,13,YUNGUYO,03,COPANI,10889,10,10,1,2,211341003,78.04693,1,,1,1,4,1,AVENA FORRAJERA,2701,1,0,071,0,1,0,0,1,0,0, 
2024,21,PUNO,13,YUNGUYO,03,COPANI,10889,10,10,1,2,211341003,78.04693,1,,1,1,1,1,AVENA FORRAJERA,2701,1,0,043,0,1,0,0,1,0,0, 
2024,21,PUNO,13,YUNGUYO,03,COPANI,10889,11,11,1,2,211341003,81.59369,1,,1,1,2,1,HABA,2942,1,0,250,0,1,0,0,1,0,0, 
2024,21,PUNO,13,YUNGUYO,03,COPANI,10889,11,11,1,2,211341003,81.59369,1,,1,1,4,1,PAPA NATIVA,2615,1,0,120,0,1,0,0,1,0,0, 
2024,21,PUNO,13,YUNGUYO,03,COPANI,10889,12,12,1,2,211341003,8.386216,1,,1,1,3,1,HABA,2942,1,0,005,0,1,0,0,1,0,0, 
2024,21,PUNO,13,YUNGUYO,03,COPANI,10889,12,12,1,2,211341003,8.386216,1,,1,1,4,1,OCA,2608,1,0,005,0,1,0,0,1,0,0, 
2024,21,PUNO,13,YUNGUYO,03,COPANI,10889,13,13,1,2,211341003,6.711493,1,,1,1,4,1,AVENA FORRAJERA,2701,1,0,042,0,1,0,0,1,0,0, 
2024,21,PUNO,13,YUNGUYO,03,COPANI,10889,14,14,1,2,211341003,28.46514,1,,1,0,4,1,AVENA FORRAJERA,2701,1,0,020,0,1,0,0,1,0,0, 
2024,21,PUNO,13,YUNGUYO,03,COPANI,10889,14,14,1,2,211341003,28.46514,1,,1,0,5,1,HABA,2942,1,0,016,0,1,0,0,1,0,0, 
2024,21,PUNO,13,YUNGUYO,03,COPANI,10889,14,14,1,2,211341003,28.46514,1,,1,0,6,1,CEBADA GRANO,2104,1,0,016,0,1,0,0,1,0,0, 
2024,21,PUNO,13,YUNGUYO,03,COPANI,10889,14,14,1,2,211341003,28.46514,1,,1,0,3,1,TARHUI,2947,1,0,013,0,1,0,0,1,0,0, 
2024,21,PUNO,13,YUNGUYO,03,COPANI,10889,15,15,1,2,211341003,3.424101,1,,1,1,5,1,HABA,2942,1,0,015,0,1,0,0,1,0,0, 
2024,21,PUNO,13,YUNGUYO,03,COPANI,10889,15,15,1,2,211341003,3.424101,1,,1,1,2,1,AVENA FORRAJERA,2701,1,0,075,0,1,0,0,1,0,0, 
2024,21,PUNO,13,YUNGUYO,03,COPANI,10889,15,15,1,2,211341003,3.424101,1,,1,1,6,1,PAPA NATIVA,2615,1,0,012,0,1,0,0,1,0,0, 
2024,21,PUNO,13,YUNGUYO,03,COPANI,10889,16,16,1,2,211341003,12.85343,1,,1,1,3,1,AVENA FORRAJERA,2701,1,0,100,0,1,0,0,1,0,0, 
2024,21,PUNO,13,YUNGUYO,03,COPANI,10889,16,16,1,2,211341003,12.85343,1,,1,1,4,1,AVENA FORRAJERA,2701,1,0,010,0,1,0,0,1,0,0, 
2024,21,PUNO,13,YUNGUYO,03,COPANI,10889,16,16,1,2,211341003,12.85343,1,,1,1,2,1,PAPA NATIVA,2615,1,0,127,0,1,0,0,1,0,0, 
2024,21,PUNO,13,YUNGUYO,03,COPANI,10889,16,16,1,2,211341003,12.85343,1,,1,1,5,1,AVENA FORRAJERA,2701,1,0,020,0,1,0,0,1,0,0, 
2024,21,PUNO,13,YUNGUYO,03,COPANI,10889,16,16,1,2,211341003,12.85343,1,,1,1,2,2,HABA,2942,1,0,080,0,1,0,0,1,0,0, 
2024,21,PUNO,13,YUNGUYO,01,YUNGUYO,10891,01,01,1,2,211341003,35.58398,1,,1,1,1,1,TARHUI,2947,1,0,046,0,0,1,1,0,0,0, 
2024,21,PUNO,13,YUNGUYO,01,YUNGUYO,10891,02,02,1,2,211341003,113.4841,1,,1,0,1,1,OCA,2608,1,0,030,0,0,1,1,1,0,0, 
2024,21,PUNO,13,YUNGUYO,01,YUNGUYO,10891,04,04,1,2,211341003,377.939,1,,1,1,2,1,TARHUI,2947,1,0,005,0,0,0,1,1,0,0, 
2024,21,PUNO,13,YUNGUYO,01,YUNGUYO,10891,04,04,1,2,211341003,377.939,1,,1,1,1,1,OCA,2608,1,0,037,0,0,1,1,1,0,0, 
2024,21,PUNO,13,YUNGUYO,01,YUNGUYO,10891,04,04,1,2,211341003,377.939,1,,1,1,4,1,OCA,2608,1,0,015,0,0,0,1,1,0,0, 
2024,21,PUNO,13,YUNGUYO,01,YUNGUYO,10892,01,01,1,2,211351003,.4882756,1,,1,1,2,1,HABA,2942,1,200,000,0,1,0,0,0,0,0, 
2024,21,PUNO,13,YUNGUYO,01,YUNGUYO,10894,01,01,1,2,211343003,158.1264,1,,1,1,1,1,HABA,2942,1,500,000,0,0,0,0,0,1,0, 
2024,21,PUNO,13,YUNGUYO,01,YUNGUYO,10894,04,04,1,2,211343003,5.153731,1,,1,0,2,1,PAPA NATIVA,2615,1,20,000,0,0,0,0,0,1,0, 
2024,21,PUNO,13,YUNGUYO,01,YUNGUYO,10894,05,05,1,2,211343003,6.585122,1,,1,1,5,1,HABA,2942,1,400,000,0,0,0,0,0,1,0, 
2024,21,PUNO,13,YUNGUYO,01,YUNGUYO,10894,05,05,1,2,211343003,6.585122,1,,1,1,10,1,TRIGO,2113,1,300,000,0,0,0,1,0,1,0, 
2024,21,PUNO,13,YUNGUYO,01,YUNGUYO,10894,06,06,1,2,211343003,21.06078,1,,1,0,5,1,HABA,2942,1,180,000,0,0,0,0,0,1,1, 
2024,21,PUNO,13,YUNGUYO,01,YUNGUYO,10898,03,03,1,2,211341003,21.1182,1,,1,1,6,1,TARHUI,2947,1,0,010,0,0,0,0,1,0,0, 
2024,21,PUNO,13,YUNGUYO,01,YUNGUYO,10898,03,03,1,2,211341003,21.1182,1,,1,1,7,1,CEBADA GRANO,2104,1,0,010,0,0,0,0,1,0,0, 
2024,21,PUNO,12,SANDIA,01,SANDIA,10925,01,01,1,2,211232002,373.7413,1,,1,1,2,1,MAIZ CHOCLO,2109,1,0,500,0,0,1,0,0,1,0, 
2024,21,PUNO,11,SAN ROMAN,05,SAN MIGUEL,10926,01,01,1,2,211143003,13.25423,1,,1,1,1,1,QUINUA,2111,1,0,200,0,0,0,1,1,0,0, 
2024,21,PUNO,11,SAN ROMAN,05,SAN MIGUEL,10926,01,01,1,2,211143003,13.25423,1,,1,1,1,2,CAÑIHUA,2103,1,0,298,0,0,0,1,1,0,0, 
2024,21,PUNO,11,SAN ROMAN,05,SAN MIGUEL,10926,01,01,1,2,211143003,13.25423,1,,1,1,1,3,AVENA GRANO,2102,1,0,472,0,0,0,1,1,0,0, 
2024,21,PUNO,11,SAN ROMAN,05,SAN MIGUEL,10926,02,02,1,2,211143003,14.87512,1,,1,1,1,1,CAÑIHUA,2103,1,0,200,0,0,1,0,1,0,0, 
2024,21,PUNO,11,SAN ROMAN,05,SAN MIGUEL,10926,02,02,1,2,211143003,14.87512,1,,1,1,1,2,QUINUA,2111,1,0,200,0,0,1,0,1,0,0, 
2024,21,PUNO,11,SAN ROMAN,05,SAN MIGUEL,10926,02,02,1,2,211143003,14.87512,1,,1,1,1,3,AVENA GRANO,2102,1,0,522,0,0,0,0,1,0,0, 
2024,21,PUNO,11,SAN ROMAN,05,SAN MIGUEL,10926,03,03,1,2,211143003,10.58506,1,,1,1,1,1,CAÑIHUA,2103,1,0,377,0,0,1,1,1,0,0, 
2024,21,PUNO,11,SAN ROMAN,05,SAN MIGUEL,10926,04,04,1,2,211143003,44.66927,1,,1,1,1,1,CAÑIHUA,2103,1,0,245,0,0,1,1,1,0,0, 
2024,21,PUNO,11,SAN ROMAN,04,CARACOTO,10927,07,07,1,2,211142003,13.07733,1,,1,1,4,1,AVENA FORRAJERA,2701,1,0,250,0,0,1,0,0,0,0, 
2024,21,PUNO,11,SAN ROMAN,04,CARACOTO,10927,11,11,1,2,211142003,1.704674,1,,1,1,4,1,PAPA NATIVA,2615,1,0,250,0,0,1,0,0,0,0, 
2024,21,PUNO,11,SAN ROMAN,04,CARACOTO,10928,02,02,1,2,211143004,.3638502,1,,1,1,1,1,QUINUA,2111,1,0,200,0,0,0,1,1,0,0, 
2024,21,PUNO,11,SAN ROMAN,04,CARACOTO,10928,02,02,1,2,211143004,.3638502,1,,1,1,1,2,HABA,2942,1,0,010,0,0,0,1,1,0,0, 
2024,21,PUNO,11,SAN ROMAN,04,CARACOTO,10928,02,02,1,2,211143004,.3638502,1,,1,1,1,3,ARVEJA,2901,1,0,010,0,0,0,1,1,0,0, 
2024,21,PUNO,11,SAN ROMAN,04,CARACOTO,10931,01,01,1,2,211142003,144.7457,1,,1,1,1,1,PAPA NATIVA,2615,1,0,500,0,0,1,1,0,0,0, 
2024,21,PUNO,11,SAN ROMAN,04,CARACOTO,10931,03,03,1,2,211142003,6.703988,1,,1,1,1,1,ALFALFA,1401,3,0,400,0,0,0,1,0,0,0, 
2024,21,PUNO,11,SAN ROMAN,04,CARACOTO,10931,05,05,1,2,211142003,11.11192,1,,1,1,1,1,PAPA NATIVA,2615,1,0,035,0,0,0,0,0,1,0, 
2024,21,PUNO,11,SAN ROMAN,04,CARACOTO,10931,05,05,1,2,211142003,11.11192,1,,1,1,1,2,AVENA FORRAJERA,2701,1,0,440,0,0,0,0,0,1,0, 
2024,21,PUNO,11,SAN ROMAN,04,CARACOTO,10931,07,07,1,2,211142003,39.4203,1,,1,1,2,1,AVENA FORRAJERA,2701,1,1,000,0,0,0,0,0,1,0, 
2024,21,PUNO,11,SAN ROMAN,04,CARACOTO,10931,07,07,1,2,211142003,39.4203,1,,1,1,1,1,CAÑIHUA,2103,1,0,140,0,0,1,1,0,0,0, 
2024,21,PUNO,11,SAN ROMAN,03,CABANILLAS,10934,03,03,1,2,211152003,2.610413,1,,1,1,1,1,PAPA NATIVA,2615,1,0,063,0,0,1,1,1,0,0, 
2024,21,PUNO,11,SAN ROMAN,02,CABANA,10936,01,01,1,2,211142003,30.42784,1,,1,1,2,1,QUINUA,2111,1,2,000,0,0,1,0,0,0,0, 
2024,21,PUNO,11,SAN ROMAN,02,CABANA,10936,01,01,1,2,211142003,30.42784,1,,1,1,1,1,QUINUA,2111,1,3,710,0,0,1,0,0,0,0, 
2024,21,PUNO,11,SAN ROMAN,02,CABANA,10936,07,07,1,2,211142003,11.35769,1,,1,0,2,1,QUINUA,2111,1,2,800,0,0,1,0,0,0,0, 
2024,21,PUNO,11,SAN ROMAN,02,CABANA,10937,02,02,1,2,211142003,.732482,1,,1,1,1,1,QUINUA,2111,1,1,450,0,0,0,1,1,0,0, 
2024,21,PUNO,11,SAN ROMAN,02,CABANA,10937,05,05,1,2,211142003,1.877892,1,,1,1,1,1,QUINUA,2111,1,0,430,0,1,0,1,0,0,0, 
2024,21,PUNO,11,SAN ROMAN,02,CABANA,10944,02,02,1,2,211143003,148.7834,1,,1,1,4,1,PAPA NATIVA,2615,1,0,500,0,0,1,0,0,0,0, 
2024,21,PUNO,11,SAN ROMAN,01,JULIACA,10947,04,04,1,2,211142003,6.423462,1,,1,1,1,1,CAÑIHUA,2103,1,0,224,0,0,0,1,0,1,0, 
2024,21,PUNO,11,SAN ROMAN,01,JULIACA,10948,01,01,1,2,211142003,35.10098,1,,1,1,1,1,CAÑIHUA,2103,1,0,400,0,0,0,1,0,1,0, 
2024,21,PUNO,11,SAN ROMAN,01,JULIACA,10948,01,01,1,2,211142003,35.10098,1,,1,1,1,2,QUINUA,2111,1,0,010,0,0,0,1,0,1,0, 
2024,21,PUNO,11,SAN ROMAN,01,JULIACA,10948,02,02,1,2,211142003,29.45645,1,,1,1,1,1,CAÑIHUA,2103,1,0,240,0,1,1,0,0,0,0, 
2024,21,PUNO,11,SAN ROMAN,01,JULIACA,10948,02,02,1,2,211142003,29.45645,1,,1,1,1,2,PAPA NATIVA,2615,1,0,050,0,0,0,1,0,0,0, 
2024,21,PUNO,11,SAN ROMAN,01,JULIACA,10948,02,02,1,2,211142003,29.45645,1,,1,1,1,3,PAPA AMARILLA,2611,1,0,050,0,0,0,1,0,0,0, 
2024,21,PUNO,11,SAN ROMAN,01,JULIACA,10948,03,03,1,2,211142003,30.50913,1,,1,1,1,1,CEBADA GRANO,2104,1,0,005,0,0,1,0,0,0,0, 
2024,21,PUNO,11,SAN ROMAN,01,JULIACA,10948,03,03,1,2,211142003,30.50913,1,,1,1,1,2,QUINUA,2111,1,0,300,0,1,0,0,0,0,0, 
2024,21,PUNO,11,SAN ROMAN,01,JULIACA,10948,03,03,1,2,211142003,30.50913,1,,1,1,1,3,CAÑIHUA,2103,1,1,060,0,0,1,0,1,0,0, 
2024,21,PUNO,11,SAN ROMAN,01,JULIACA,10950,01,01,1,2,211142004,141.212,1,,1,1,2,1,QUINUA,2111,1,0,100,0,0,1,1,1,0,0, 
2024,21,PUNO,11,SAN ROMAN,01,JULIACA,10951,02,02,1,2,211142003,99.70092,1,,1,1,1,1,CAÑIHUA,2103,1,3,500,0,0,0,1,1,1,0, 
2024,21,PUNO,11,SAN ROMAN,01,JULIACA,10951,02,02,1,2,211142003,99.70092,1,,1,1,1,2,QUINUA,2111,1,0,260,0,0,1,0,0,1,0, 
2024,21,PUNO,11,SAN ROMAN,01,JULIACA,10951,02,02,1,2,211142003,99.70092,1,,1,1,1,3,PAPA AMARILLA,2611,1,0,020,0,1,1,1,0,0,0, 
2024,21,PUNO,11,SAN ROMAN,01,JULIACA,10951,02,02,1,2,211142003,99.70092,1,,1,1,1,4,PAPA BLANCA,2612,1,0,050,0,1,1,1,0,0,0, 
2024,21,PUNO,11,SAN ROMAN,01,JULIACA,10953,02,02,1,2,211143001,6.182254,1,,1,1,8,1,CAÑIHUA,2103,1,0,010,0,0,1,0,0,0,0, 
2024,21,PUNO,10,SAN ANTONIO DE PUTINA,04,QUILCAPUNCU,10956,05,05,1,2,211043003,9.879986,1,,1,1,2,1,ALFALFA,1401,3,1,400,0,0,0,1,0,1,0, 
2024,21,PUNO,10,SAN ANTONIO DE PUTINA,04,QUILCAPUNCU,10956,05,05,1,2,211043003,9.879986,1,,1,1,3,1,QUINUA,2111,1,0,500,0,0,1,0,0,0,0, 
2024,21,PUNO,10,SAN ANTONIO DE PUTINA,04,QUILCAPUNCU,10956,07,07,1,2,211043003,25.51675,1,,1,1,2,1,QUINUA,2111,1,0,450,0,0,1,0,0,0,0, 
2024,21,PUNO,10,SAN ANTONIO DE PUTINA,04,QUILCAPUNCU,10957,07,07,1,2,211041003,20.34399,1,,1,1,2,1,QUINUA,2111,1,0,050,0,1,0,0,0,0,0, 
2024,21,PUNO,10,SAN ANTONIO DE PUTINA,01,PUTINA,10965,02,02,1,2,211042002,6.91287,1,,1,1,4,1,PAPA AMARGA,2610,1,0,040,0,0,1,0,0,0,0, 
2024,21,PUNO,10,SAN ANTONIO DE PUTINA,01,PUTINA,10966,01,01,1,2,211041002,14.68139,1,,1,1,5,1,AVENA FORRAJERA,2701,1,0,800,0,1,0,1,0,0,0, 
2024,21,PUNO,10,SAN ANTONIO DE PUTINA,01,PUTINA,10966,01,01,1,2,211041002,14.68139,1,,1,1,1,1,QUINUA,2111,1,0,155,0,1,0,0,0,0,1, 
2024,21,PUNO,10,SAN ANTONIO DE PUTINA,01,PUTINA,10967,01,01,1,2,211042003,2.847807,1,,1,1,4,1,CAÑIHUA,2103,1,0,250,0,0,0,0,1,0,0, 
2024,21,PUNO,10,SAN ANTONIO DE PUTINA,01,PUTINA,10967,01,01,1,2,211042003,2.847807,1,,1,1,4,2,QUINUA,2111,1,0,200,0,0,1,0,0,0,0, 
2024,21,PUNO,10,SAN ANTONIO DE PUTINA,01,PUTINA,10967,05,05,1,2,211042003,1.660024,1,,1,1,2,1,CAÑIHUA,2103,1,0,015,0,1,0,0,0,0,0, 
2024,21,PUNO,10,SAN ANTONIO DE PUTINA,01,PUTINA,10967,06,06,1,2,211042003,.1029006,1,,1,1,3,1,QUINUA,2111,1,0,200,0,0,0,0,0,0,1, 
2024,21,PUNO,10,SAN ANTONIO DE PUTINA,01,PUTINA,10967,07,07,1,2,211042003,36.15962,1,,1,1,3,1,QUINUA,2111,1,0,500,0,0,0,1,1,0,0, 
2024,21,PUNO,10,SAN ANTONIO DE PUTINA,01,PUTINA,10967,08,08,1,2,211042003,1.206865,1,,1,1,1,1,QUINUA,2111,1,0,050,0,0,1,0,0,0,0, 
2024,21,PUNO,10,SAN ANTONIO DE PUTINA,01,PUTINA,10968,01,01,1,2,211043004,1.217688,1,,1,1,3,1,PAPA NATIVA,2615,1,0,100,0,1,0,0,0,0,0, 
2024,21,PUNO,10,SAN ANTONIO DE PUTINA,01,PUTINA,10968,01,01,1,2,211043004,1.217688,1,,1,1,2,1,PAPA NATIVA,2615,1,0,050,0,0,0,0,0,1,0, 
2024,21,PUNO,10,SAN ANTONIO DE PUTINA,01,PUTINA,10968,01,01,1,2,211043004,1.217688,1,,1,1,2,2,QUINUA,2111,1,0,080,0,0,0,1,0,1,0, 
2024,21,PUNO,10,SAN ANTONIO DE PUTINA,01,PUTINA,10969,01,01,1,2,211053003,87.11367,1,,1,1,3,1,PAPA NATIVA,2615,1,0,010,1,0,0,0,0,1,0, 
2024,21,PUNO,09,MOHO,04,TILALI,10971,01,01,1,2,210953003,193.1897,1,,1,1,12,1,HABA,2942,1,0,005,0,0,0,0,1,0,0, 
2024,21,PUNO,09,MOHO,04,TILALI,10971,01,01,1,2,210953003,193.1897,1,,1,1,7,1,CEBADA GRANO,2104,1,0,020,0,0,0,0,1,0,0, 
2024,21,PUNO,09,MOHO,04,TILALI,10971,01,01,1,2,210953003,193.1897,1,,1,1,13,1,HABA,2942,1,0,008,0,0,0,0,1,0,0, 
2024,21,PUNO,09,MOHO,04,TILALI,10971,01,01,1,2,210953003,193.1897,1,,1,1,7,2,HABA,2942,1,0,020,0,0,0,0,1,0,0, 
2024,21,PUNO,09,MOHO,04,TILALI,10971,01,01,1,2,210953003,193.1897,1,,1,1,7,3,OCA,2608,1,0,020,0,0,0,0,1,0,0, 
2024,21,PUNO,09,MOHO,04,TILALI,10971,02,02,1,2,210953003,51.74844,1,,1,1,9,1,HABA,2942,1,0,015,0,0,0,0,1,0,0, 
2024,21,PUNO,09,MOHO,04,TILALI,10971,03,03,1,2,210953003,99.17477,1,,1,1,4,1,HABA,2942,1,0,008,0,0,0,0,1,0,0, 
2024,21,PUNO,09,MOHO,04,TILALI,10971,03,03,1,2,210953003,99.17477,1,,1,1,3,1,CEBADA GRANO,2104,1,0,010,0,0,0,0,1,0,0, 
2024,21,PUNO,09,MOHO,04,TILALI,10971,04,04,1,2,210953003,107.3644,1,,1,1,6,1,HABA,2942,1,0,040,0,0,0,0,1,0,0, 
2024,21,PUNO,09,MOHO,04,TILALI,10971,04,04,1,2,210953003,107.3644,1,,1,1,6,2,CEBADA GRANO,2104,1,0,040,0,0,0,0,1,0,0, 
2024,21,PUNO,09,MOHO,04,TILALI,10971,05,05,1,2,210953003,9.931081,1,,1,1,5,1,HABA,2942,1,0,040,0,0,0,0,1,0,0, 
2024,21,PUNO,09,MOHO,04,TILALI,10971,05,05,1,2,210953003,9.931081,1,,1,1,6,1,CEBADA GRANO,2104,1,0,040,0,0,0,0,1,0,0, 
2024,21,PUNO,09,MOHO,04,TILALI,10971,06,06,1,2,210953003,2.905777,1,,1,1,14,1,PAPA NATIVA,2615,1,0,015,0,0,0,1,1,0,0, 
2024,21,PUNO,09,MOHO,04,TILALI,10971,06,06,1,2,210953003,2.905777,1,,1,1,12,1,CEBADA GRANO,2104,1,0,008,0,0,0,0,1,0,0, 
2024,21,PUNO,09,MOHO,03,HUAYRAPATA,10972,02,02,1,2,210942003,31.14707,1,,1,1,8,1,AVENA FORRAJERA,2701,1,2,000,0,1,0,1,1,0,0, 
2024,21,PUNO,09,MOHO,02,CONIMA,10974,03,03,1,2,210941002,4.510885,1,,1,1,6,1,OCA,2608,1,0,002,0,0,1,0,0,0,0, 
2024,21,PUNO,09,MOHO,01,MOHO,10979,02,02,1,2,210953003,370.3208,1,,1,1,5,1,HABA,2942,1,0,010,0,0,1,1,1,0,0, 
2024,21,PUNO,09,MOHO,01,MOHO,10989,03,03,1,2,210943004,.420243,1,,1,1,4,1,CEBADA GRANO,2104,1,0,200,0,0,0,1,0,0,0, 
2024,21,PUNO,09,MOHO,01,MOHO,10989,04,04,1,2,210943004,4.188343,1,,1,1,5,1,MAIZ CHOCLO,2109,1,100,000,0,0,0,1,0,0,0, 
2024,21,PUNO,09,MOHO,01,MOHO,10994,03,03,1,2,210943001,2.579132,1,,1,1,1,1,TUNA FRUTA,1186,2,0,002,0,0,1,0,0,1,1, 
2024,21,PUNO,08,MELGAR,09,UMACHIRI,10997,02,02,1,2,210841003,3.625999,1,,1,1,3,1,GIRASOL PARA SEMILLA,1212,1,0,003,0,0,0,1,1,0,0, 
2024,21,PUNO,08,MELGAR,09,UMACHIRI,10997,02,02,1,2,210841003,3.625999,1,,1,1,3,2,FRESA,2202,1,0,004,0,0,0,1,1,0,0, 
2024,21,PUNO,08,MELGAR,09,UMACHIRI,10997,03,03,1,2,210841003,5.695317,1,,1,1,1,1,CAÑIHUA,2103,1,0,080,0,1,0,0,0,0,0, 
2024,21,PUNO,08,MELGAR,09,UMACHIRI,10998,02,02,1,2,210841003,18.91849,1,,1,1,4,1,QUINUA,2111,1,0,500,0,1,0,0,1,0,0, 
2024,21,PUNO,08,MELGAR,09,UMACHIRI,10998,02,02,1,2,210841003,18.91849,1,,1,1,4,2,CAÑIHUA,2103,1,0,250,0,0,0,0,0,1,0, 
2024,21,PUNO,08,MELGAR,09,UMACHIRI,11000,01,01,1,2,210841003,21.82174,1,,1,1,2,1,QUINUA,2111,1,0,100,0,0,0,1,0,0,0, 
2024,21,PUNO,08,MELGAR,09,UMACHIRI,11000,04,04,1,2,210841003,12.55021,1,,1,1,4,1,CAÑIHUA,2103,1,0,010,0,0,0,0,0,1,0, 
2024,21,PUNO,08,MELGAR,09,UMACHIRI,11001,04,04,1,2,210841003,17.15507,1,,1,1,2,1,CAÑIHUA,2103,1,0,025,0,0,0,1,1,0,0, 
2024,21,PUNO,08,MELGAR,09,UMACHIRI,11004,01,01,1,2,210843003,356.1529,1,,1,1,1,1,AVENA FORRAJERA,2701,1,0,258,0,1,0,1,1,0,0, 
2024,21,PUNO,08,MELGAR,09,UMACHIRI,11006,01,01,1,2,210842003,15.04252,1,,1,1,2,1,QUINUA,2111,1,1,000,0,0,1,1,1,0,0, 
2024,21,PUNO,08,MELGAR,08,SANTA ROSA,11009,04,04,1,2,210843004,24.00601,1,,1,1,3,1,AVENA FORRAJERA,2701,1,0,488,0,1,0,0,0,0,0, 
2024,21,PUNO,08,MELGAR,05,MACARI,11018,03,03,1,2,210852003,119.3847,1,,1,1,3,1,QUINUA,2111,1,0,005,0,0,0,1,1,0,0, 
2024,21,PUNO,08,MELGAR,03,CUPI,11025,02,02,1,2,210842004,1.494245,1,,1,1,4,1,QUINUA,2111,1,0,250,0,0,1,0,0,0,0, 
2024,21,PUNO,08,MELGAR,02,ANTAUTA,11028,01,01,1,2,210853002,34.29753,1,,1,1,1,1,PAPA AMARGA,2610,1,0,050,0,1,0,0,0,0,0, 
2024,21,PUNO,08,MELGAR,01,AYAVIRI,11030,01,01,1,2,210841003,8.155909,1,,1,1,1,1,AVENA FORRAJERA,2701,1,1,500,0,1,0,1,1,1,0, 
2024,21,PUNO,07,LAMPA,08,PUCARA,11039,08,08,1,2,210741003,5.124851,1,,1,0,1,1,CAÑIHUA,2103,1,0,170,0,0,1,1,0,0,0, 
2024,21,PUNO,07,LAMPA,08,PUCARA,11039,13,13,1,2,210741003,1.063976,1,,1,1,3,1,QUINUA,2111,1,0,100,0,0,1,1,1,0,0, 
2024,21,PUNO,07,LAMPA,08,PUCARA,11040,01,01,1,2,210743004,3.841603,1,,1,1,1,1,PAPA NATIVA,2615,1,0,135,0,0,1,1,1,0,0, 
2024,21,PUNO,07,LAMPA,08,PUCARA,11040,01,01,1,2,210743004,3.841603,1,,1,1,1,2,QUINUA,2111,1,0,100,0,0,1,1,1,0,1, 
2024,21,PUNO,07,LAMPA,08,PUCARA,11040,01,01,1,2,210743004,3.841603,1,,1,1,1,3,CAÑIHUA,2103,1,0,100,0,0,1,1,1,0,1, 
2024,21,PUNO,07,LAMPA,08,PUCARA,11046,01,01,1,2,210741003,40.66443,1,,1,1,2,1,ALFALFA,1401,3,0,200,0,0,0,1,0,1,0, 
2024,21,PUNO,07,LAMPA,08,PUCARA,11046,05,05,1,2,210741003,.1764161,1,,1,1,3,1,QUINUA,2111,1,0,270,0,0,1,0,0,0,0, 
2024,21,PUNO,07,LAMPA,08,PUCARA,11047,03,03,1,2,210741003,12.02585,1,,1,1,1,1,QUINUA,2111,1,0,081,0,0,1,0,1,0,0, 
2024,21,PUNO,07,LAMPA,08,PUCARA,11047,07,07,1,2,210741003,17.08034,1,,1,0,1,1,QUINUA,2111,1,0,047,0,0,1,0,0,0,0, 
2024,21,PUNO,07,LAMPA,08,PUCARA,11048,02,02,1,2,210741004,.5525663,1,,1,1,1,1,QUINUA,2111,1,1,000,0,0,1,0,1,0,0, 
2024,21,PUNO,07,LAMPA,08,PUCARA,11048,02,02,1,2,210741004,.5525663,1,,1,1,1,2,CAÑIHUA,2103,1,1,000,0,0,1,0,1,0,0, 
2024,21,PUNO,07,LAMPA,04,NICASIO,11050,03,03,1,2,210743001,.0016286,1,,1,1,2,1,CAÑIHUA,2103,1,0,500,0,0,1,0,0,0,0, 
2024,21,PUNO,07,LAMPA,04,NICASIO,11052,08,08,1,2,210741003,.1229723,1,,1,1,2,1,QUINUA,2111,1,0,500,0,0,1,1,0,0,0, 
2024,21,PUNO,07,LAMPA,04,NICASIO,11055,01,01,1,2,210741004,12.03237,1,,1,1,1,1,PAPA NATIVA,2615,1,0,121,0,0,0,1,0,1,0, 
2024,21,PUNO,07,LAMPA,03,CALAPUJA,11058,01,01,1,2,210741003,11.45922,1,,1,1,1,1,QUINUA,2111,1,0,138,0,0,0,1,1,0,0, 
2024,21,PUNO,07,LAMPA,03,CALAPUJA,11058,01,01,1,2,210741003,11.45922,1,,1,1,1,2,CAÑIHUA,2103,1,0,060,0,0,0,1,1,0,0, 
2024,21,PUNO,07,LAMPA,03,CALAPUJA,11059,03,03,1,2,210741003,57.93273,1,,1,1,1,1,QUINUA,2111,1,0,250,0,0,1,1,1,1,0, 
2024,21,PUNO,07,LAMPA,03,CALAPUJA,11060,01,01,1,2,210741001,.0397424,1,,1,1,2,1,CAÑIHUA,2103,1,0,250,0,0,0,0,1,0,0, 
2024,21,PUNO,07,LAMPA,03,CALAPUJA,11061,02,02,1,2,210742003,12.35964,1,,1,1,1,1,CAÑIHUA,2103,1,0,220,0,1,0,1,0,0,0, 
2024,21,PUNO,07,LAMPA,03,CALAPUJA,11061,04,04,1,2,210742003,26.06014,1,,1,1,3,1,PAPA NATIVA,2615,1,0,500,0,0,0,1,1,0,0, 
2024,21,PUNO,07,LAMPA,02,CABANILLA,11065,01,01,1,2,210741002,45.6161,1,,1,1,7,1,CAÑIHUA,2103,1,1,000,0,0,1,0,0,0,0, 
2024,21,PUNO,07,LAMPA,02,CABANILLA,11065,03,03,1,2,210741002,5.003747,1,,1,1,1,1,CAÑIHUA,2103,1,0,048,0,0,1,0,0,0,0, 
2024,21,PUNO,07,LAMPA,02,CABANILLA,11065,05,05,1,2,210741002,.1196077,1,,1,1,6,1,QUINUA,2111,1,2,000,0,0,1,0,0,0,0, 
2024,21,PUNO,07,LAMPA,02,CABANILLA,11065,06,06,1,2,210741002,58.32698,1,,1,1,4,1,CAÑIHUA,2103,1,0,305,0,0,1,0,0,0,0, 
2024,21,PUNO,07,LAMPA,02,CABANILLA,11065,06,06,1,2,210741002,58.32698,1,,1,1,12,1,CAÑIHUA,2103,1,2,000,0,0,1,1,0,0,0, 
2024,21,PUNO,07,LAMPA,02,CABANILLA,11065,06,06,1,2,210741002,58.32698,1,,1,1,12,2,QUINUA,2111,1,0,250,0,0,1,1,0,0,0, 
2024,21,PUNO,07,LAMPA,01,LAMPA,11067,01,01,1,2,210741003,25.28465,1,,1,1,5,1,CAÑIHUA,2103,1,0,500,0,0,0,1,1,0,0, 
2024,21,PUNO,07,LAMPA,01,LAMPA,11067,01,01,1,2,210741003,25.28465,1,,1,1,1,1,CAÑIHUA,2103,1,0,072,0,0,0,1,1,0,0, 
2024,21,PUNO,07,LAMPA,01,LAMPA,11067,01,01,1,2,210741003,25.28465,1,,1,1,3,1,PAPA NATIVA,2615,1,0,293,0,0,0,1,1,0,0, 
2024,21,PUNO,07,LAMPA,01,LAMPA,11067,03,03,1,2,210741003,.6719157,1,,1,1,2,1,CAÑIHUA,2103,1,0,020,0,0,0,1,1,0,0, 
2024,21,PUNO,07,LAMPA,01,LAMPA,11067,04,04,1,2,210741003,75.42078,1,,1,1,4,1,CAÑIHUA,2103,1,0,020,0,0,0,1,1,0,0, 
2024,21,PUNO,07,LAMPA,01,LAMPA,11071,09,09,1,2,210743002,6.128231,1,,1,1,2,1,CAÑIHUA,2103,1,0,019,0,0,0,0,1,0,0, 
2024,21,PUNO,07,LAMPA,01,LAMPA,11073,02,02,1,2,210741003,28.00681,1,,1,1,1,1,PAPA AMARGA,2610,1,0,093,0,0,1,0,0,0,0, 
2024,21,PUNO,07,LAMPA,01,LAMPA,11075,01,01,1,2,210742001,1.121779,1,,1,1,5,1,PAPA NATIVA,2615,1,0,160,0,0,1,0,0,0,0, 
2024,21,PUNO,07,LAMPA,01,LAMPA,11079,01,01,1,2,210742004,6.519319,1,,1,1,1,1,QUINUA,2111,1,0,005,0,0,1,1,0,0,0, 
2024,21,PUNO,07,LAMPA,01,LAMPA,11079,05,05,1,2,210742004,6.607825,1,,1,1,3,1,CAÑIHUA,2103,1,0,750,0,0,1,1,0,0,0, 
2024,21,PUNO,06,HUANCANE,08,VILQUE CHICO,11080,01,01,1,2,210642003,46.9341,1,,1,1,5,1,PAPA NATIVA,2615,1,0,060,0,1,0,1,1,0,0, 
2024,21,PUNO,06,HUANCANE,08,VILQUE CHICO,11080,01,01,1,2,210642003,46.9341,1,,1,1,3,1,QUINUA,2111,1,0,040,0,1,0,0,0,0,0, 
2024,21,PUNO,06,HUANCANE,08,VILQUE CHICO,11081,03,03,1,2,210651003,3.044626,1,,1,1,8,1,AVENA GRANO,2102,1,0,020,0,1,0,0,0,0,0, 
2024,21,PUNO,06,HUANCANE,08,VILQUE CHICO,11081,03,03,1,2,210651003,3.044626,1,,1,1,9,1,QUINUA,2111,1,0,050,0,0,1,0,0,0,0, 
2024,21,PUNO,06,HUANCANE,08,VILQUE CHICO,11083,03,03,1,2,210642003,2.426704,1,,1,1,13,1,AVENA FORRAJERA,2701,1,0,250,0,1,0,0,1,0,0, 
2024,21,PUNO,06,HUANCANE,08,VILQUE CHICO,11083,03,03,1,2,210642003,2.426704,1,,1,1,9,1,PAPA NATIVA,2615,1,0,020,0,1,0,1,1,0,0, 
2024,21,PUNO,06,HUANCANE,08,VILQUE CHICO,11083,03,03,1,2,210642003,2.426704,1,,1,1,8,1,PAPA NATIVA,2615,1,0,020,0,1,0,0,1,0,0, 
2024,21,PUNO,06,HUANCANE,08,VILQUE CHICO,11083,03,03,1,2,210642003,2.426704,1,,1,1,12,1,AVENA FORRAJERA,2701,1,0,015,0,1,0,0,1,0,0, 
2024,21,PUNO,06,HUANCANE,08,VILQUE CHICO,11083,03,03,1,2,210642003,2.426704,1,,1,1,11,1,AVENA FORRAJERA,2701,1,0,015,0,1,0,0,1,0,0, 
2024,21,PUNO,06,HUANCANE,08,VILQUE CHICO,11083,03,03,1,2,210642003,2.426704,1,,1,1,10,1,AVENA FORRAJERA,2701,1,0,015,0,1,0,0,1,0,0, 
2024,21,PUNO,06,HUANCANE,08,VILQUE CHICO,11086,05,05,1,2,210642004,2.719657,1,,1,1,18,1,HABA,2942,1,0,024,0,1,0,0,0,0,0, 
2024,21,PUNO,06,HUANCANE,07,TARACO,11092,02,02,1,2,210641002,20.72399,1,,1,1,5,1,QUINUA,2111,1,200,000,0,0,1,0,0,0,0, 
2024,21,PUNO,06,HUANCANE,07,TARACO,11092,08,08,1,2,210641002,107.0226,1,,1,1,5,1,HABA,2942,1,0,300,0,0,1,1,0,0,0, 
2024,21,PUNO,06,HUANCANE,07,TARACO,11092,08,08,1,2,210641002,107.0226,1,,1,1,4,1,QUINUA,2111,1,0,200,0,0,1,1,0,0,0, 
2024,21,PUNO,06,HUANCANE,07,TARACO,11092,08,08,1,2,210641002,107.0226,1,,1,1,6,1,AVENA FORRAJERA,2701,1,0,500,0,0,0,1,0,1,0, 
2024,21,PUNO,06,HUANCANE,07,TARACO,11092,09,09,1,2,210641002,42.233,1,,1,1,3,1,HABA,2942,1,0,100,0,0,1,1,1,0,0, 
2024,21,PUNO,06,HUANCANE,07,TARACO,11092,10,10,1,2,210641002,4.267098,1,,1,1,14,1,ALFALFA,1401,3,0,090,0,0,0,1,0,1,0, 
2024,21,PUNO,06,HUANCANE,07,TARACO,11092,10,10,1,2,210641002,4.267098,1,,1,1,9,1,CAÑIHUA,2103,1,0,080,0,0,0,0,0,0,1, 
2024,21,PUNO,06,HUANCANE,07,TARACO,11092,11,11,1,2,210641002,5.285604,1,,1,1,3,1,HABA,2942,1,0,150,0,0,0,1,0,0,0, 
2024,21,PUNO,06,HUANCANE,07,TARACO,11093,03,03,1,2,210641003,36.75282,1,,1,1,9,1,QUINUA,2111,1,0,200,0,0,1,1,0,0,0, 
2024,21,PUNO,06,HUANCANE,07,TARACO,11094,01,01,1,2,210641003,69.07076,1,,1,1,2,1,ARVEJA,2901,1,0,120,0,0,0,1,1,0,0, 
2024,21,PUNO,06,HUANCANE,07,TARACO,11094,02,02,1,2,210641003,23.51716,1,,1,1,2,1,QUINUA,2111,1,0,150,0,0,0,1,1,0,0, 
2024,21,PUNO,06,HUANCANE,07,TARACO,11094,03,03,1,2,210641003,5.454,1,,1,1,9,1,QUINUA,2111,1,0,020,0,0,0,0,1,0,0, 
2024,21,PUNO,06,HUANCANE,07,TARACO,11094,06,06,1,2,210641003,.0558135,1,,1,1,2,1,ALFALFA,1401,3,0,250,0,0,0,0,1,1,0, 
2024,21,PUNO,06,HUANCANE,07,TARACO,11094,07,07,1,2,210641003,1.32488,1,,1,1,3,1,CEBADA GRANO,2104,1,0,500,0,0,0,0,1,0,0, 
2024,21,PUNO,06,HUANCANE,07,TARACO,11094,07,07,1,2,210641003,1.32488,1,,1,1,2,1,CEBADA GRANO,2104,1,0,250,0,0,0,0,1,0,0, 
2024,21,PUNO,06,HUANCANE,07,TARACO,11094,07,07,1,2,210641003,1.32488,1,,1,1,9,1,HABA,2942,1,0,240,0,0,0,1,0,0,0, 
2024,21,PUNO,06,HUANCANE,07,TARACO,11094,07,07,1,2,210641003,1.32488,1,,1,1,8,1,CEBADA GRANO,2104,1,0,200,0,0,0,1,1,0,0, 
2024,21,PUNO,06,HUANCANE,07,TARACO,11094,07,07,1,2,210641003,1.32488,1,,1,1,8,2,AVENA FORRAJERA,2701,1,0,200,0,0,0,1,1,0,0, 
2024,21,PUNO,06,HUANCANE,07,TARACO,11094,07,07,1,2,210641003,1.32488,1,,1,1,8,3,QUINUA,2111,1,0,400,0,0,0,1,1,0,0, 
2024,21,PUNO,06,HUANCANE,07,TARACO,11094,08,08,1,2,210641003,11.41835,1,,1,1,7,1,HABA,2942,1,0,060,0,0,0,0,0,1,0, 
2024,21,PUNO,06,HUANCANE,07,TARACO,11094,08,08,1,2,210641003,11.41835,1,,1,1,2,1,ALFALFA,1401,3,0,350,0,0,0,1,1,0,0, 
2024,21,PUNO,06,HUANCANE,07,TARACO,11094,08,08,1,2,210641003,11.41835,1,,1,1,8,1,QUINUA,2111,1,0,060,0,0,0,0,0,1,0, 
2024,21,PUNO,06,HUANCANE,07,TARACO,11094,10,10,1,2,210641003,20.41899,1,,1,1,8,1,QUINUA,2111,1,0,400,0,0,1,0,1,0,0, 
2024,21,PUNO,06,HUANCANE,07,TARACO,11094,10,10,1,2,210641003,20.41899,1,,1,1,8,2,CEBADA GRANO,2104,1,0,100,0,0,1,0,1,0,0, 
2024,21,PUNO,06,HUANCANE,07,TARACO,11094,11,11,1,2,210641003,10.04159,1,,1,1,8,1,CEBADA GRANO,2104,1,1,000,0,0,0,0,1,0,0, 
2024,21,PUNO,06,HUANCANE,07,TARACO,11094,11,11,1,2,210641003,10.04159,1,,1,1,6,1,CEBADA GRANO,2104,1,0,500,0,0,0,0,1,0,0, 
2024,21,PUNO,06,HUANCANE,07,TARACO,11094,12,12,1,2,210641003,61.491,1,,1,1,5,1,QUINUA,2111,1,0,300,0,0,1,0,0,0,0, 
2024,21,PUNO,06,HUANCANE,07,TARACO,11094,12,12,1,2,210641003,61.491,1,,1,1,6,1,QUINUA,2111,1,0,140,0,0,1,0,0,0,0, 
2024,21,PUNO,06,HUANCANE,07,TARACO,11094,12,12,1,2,210641003,61.491,1,,1,1,5,2,PAPA NATIVA,2615,1,0,020,0,0,1,0,0,0,0, 
2024,21,PUNO,06,HUANCANE,07,TARACO,11095,01,01,1,2,210641002,5.215855,1,,1,1,5,1,AVENA FORRAJERA,2701,1,0,200,0,0,0,0,0,1,0, 
2024,21,PUNO,06,HUANCANE,07,TARACO,11096,03,03,1,2,210641002,114.4887,1,,1,1,1,1,HABA,2942,1,0,010,0,0,0,1,0,0,0, 
2024,21,PUNO,06,HUANCANE,07,TARACO,11096,03,03,1,2,210641002,114.4887,1,,1,1,1,2,PAPA NATIVA,2615,1,0,005,0,0,1,1,0,0,0, 
2024,21,PUNO,06,HUANCANE,06,ROSASPATA,11098,06,06,1,2,210652002,4.272809,1,,1,1,9,1,PAPA BLANCA,2612,1,450,000,0,0,0,0,0,0,1, 
2024,21,PUNO,06,HUANCANE,06,ROSASPATA,11098,06,06,1,2,210652002,4.272809,1,,1,1,4,1,CEBOLLA,2315,1,20,000,0,0,0,0,0,0,1, 
2024,21,PUNO,06,HUANCANE,06,ROSASPATA,11099,04,04,1,2,210652001,.0300413,1,,1,1,11,1,CEBADA GRANO,2104,1,0,030,0,0,0,0,1,0,0, 
2024,21,PUNO,06,HUANCANE,06,ROSASPATA,11101,02,02,1,2,210642002,35.11868,1,,1,1,30,1,HABA,2942,1,50,000,0,0,1,1,0,0,0, 
2024,21,PUNO,06,HUANCANE,06,ROSASPATA,11102,01,01,1,2,210652004,.2104626,1,,1,1,4,1,PAPA NATIVA,2615,1,150,000,0,0,0,1,0,0,0, 
2024,21,PUNO,06,HUANCANE,05,PUSI,11105,01,01,1,2,210643001,21.85801,1,,1,1,2,1,PAPA NATIVA,2615,1,0,050,0,1,1,0,0,0,0, 
2024,21,PUNO,06,HUANCANE,05,PUSI,11109,02,02,1,2,210641003,47.62331,1,,1,1,4,1,QUINUA,2111,1,0,180,0,1,0,1,1,0,0, 
2024,21,PUNO,06,HUANCANE,05,PUSI,11112,01,01,1,2,210641003,182.9426,1,,1,1,1,1,AVENA FORRAJERA,2701,1,1,120,0,0,0,0,1,0,0, 
2024,21,PUNO,06,HUANCANE,05,PUSI,11112,02,02,1,2,210641003,54.08357,1,,1,1,2,1,QUINUA,2111,1,0,250,0,0,1,0,1,0,0, 
2024,21,PUNO,06,HUANCANE,04,INCHUPALLA,11114,03,03,1,2,210643002,59.0681,1,,1,1,8,1,PAPA NATIVA,2615,1,0,250,0,0,0,1,1,0,0, 
2024,21,PUNO,06,HUANCANE,04,INCHUPALLA,11114,03,03,1,2,210643002,59.0681,1,,1,1,1,1,PAPA NATIVA,2615,1,0,070,0,0,0,1,1,0,0, 
2024,21,PUNO,06,HUANCANE,04,INCHUPALLA,11114,03,03,1,2,210643002,59.0681,1,,1,1,8,2,AVENA FORRAJERA,2701,1,0,250,0,0,0,1,1,0,0, 
2024,21,PUNO,06,HUANCANE,04,INCHUPALLA,11114,03,03,1,2,210643002,59.0681,1,,1,1,8,3,CEBADA GRANO,2104,1,0,100,0,0,0,1,1,0,0, 
2024,21,PUNO,06,HUANCANE,04,INCHUPALLA,11114,04,04,1,2,210643002,43.31937,1,,1,1,2,1,PAPA NATIVA,2615,1,0,250,0,0,0,1,1,0,0, 
2024,21,PUNO,06,HUANCANE,01,HUANCANE,11117,01,01,1,2,210651002,6.060588,1,,1,1,4,1,ALFALFA,1401,3,0,400,0,0,0,0,1,0,0, 
2024,21,PUNO,06,HUANCANE,01,HUANCANE,11120,01,01,1,2,210641001,57.74646,1,,1,1,1,1,HABA,2942,1,0,128,0,0,1,1,0,0,0, 
2024,21,PUNO,06,HUANCANE,01,HUANCANE,11120,01,01,1,2,210641001,57.74646,1,,1,1,3,1,PAPA NATIVA,2615,1,0,014,0,1,1,1,0,0,0, 
2024,21,PUNO,06,HUANCANE,01,HUANCANE,11120,01,01,1,2,210641001,57.74646,1,,1,1,1,2,QUINUA,2111,1,0,116,0,0,1,1,0,0,0, 
2024,21,PUNO,06,HUANCANE,01,HUANCANE,11120,01,01,1,2,210641001,57.74646,1,,1,1,1,3,AVENA GRANO,2102,1,0,129,0,0,0,1,0,0,1, 
2024,21,PUNO,06,HUANCANE,01,HUANCANE,11120,02,02,1,2,210641001,232.4442,1,,1,1,1,1,CEBADA GRANO,2104,1,0,100,0,1,0,0,0,1,0, 
2024,21,PUNO,06,HUANCANE,01,HUANCANE,11120,03,03,1,2,210641001,156.0026,1,,1,1,1,1,HABA,2942,1,0,067,0,0,1,1,1,0,0, 
2024,21,PUNO,06,HUANCANE,01,HUANCANE,11120,04,04,1,2,210641001,688.9825,1,,1,1,1,1,AVENA FORRAJERA,2701,1,0,083,0,1,0,1,0,0,0, 
2024,21,PUNO,06,HUANCANE,01,HUANCANE,11121,02,02,1,2,210641003,14.39585,1,,1,1,4,1,PAPA NATIVA,2615,1,0,040,0,0,0,1,1,0,0, 
2024,21,PUNO,06,HUANCANE,01,HUANCANE,11121,02,02,1,2,210641003,14.39585,1,,1,1,3,1,PAPA NATIVA,2615,1,0,072,0,0,0,1,1,0,0, 
2024,21,PUNO,06,HUANCANE,01,HUANCANE,11121,05,05,1,2,210641003,.2791873,1,,1,1,2,1,PAPA NATIVA,2615,1,0,050,0,0,1,0,0,0,0, 
2024,21,PUNO,06,HUANCANE,01,HUANCANE,11122,05,05,1,2,210641003,2.625822,1,,1,1,2,1,PAPA NATIVA,2615,1,0,015,0,0,1,0,0,0,0, 
2024,21,PUNO,06,HUANCANE,01,HUANCANE,11122,05,05,1,2,210641003,2.625822,1,,1,1,2,2,HABA,2942,1,0,015,0,0,1,0,0,0,0, 
2024,21,PUNO,06,HUANCANE,01,HUANCANE,11122,06,06,1,2,210641003,10.10378,1,,1,0,7,1,QUINUA,2111,1,0,025,0,1,0,0,0,0,0, 
2024,21,PUNO,06,HUANCANE,01,HUANCANE,11122,06,06,1,2,210641003,10.10378,1,,1,0,7,2,HABA,2942,1,0,025,0,1,0,0,0,0,0, 
2024,21,PUNO,06,HUANCANE,01,HUANCANE,11122,06,06,1,2,210641003,10.10378,1,,1,0,7,3,PAPA NATIVA,2615,1,0,025,0,1,0,0,0,0,0, 
2024,21,PUNO,06,HUANCANE,01,HUANCANE,11122,06,06,1,2,210641003,10.10378,1,,1,0,7,4,CEBADA GRANO,2104,1,0,025,0,1,0,0,0,0,0, 
2024,21,PUNO,06,HUANCANE,01,HUANCANE,11122,10,10,1,2,210641003,18.59894,1,,1,1,5,1,QUINUA,2111,1,0,050,0,0,1,0,0,0,0, 
2024,21,PUNO,06,HUANCANE,01,HUANCANE,11122,12,12,1,2,210641003,7.657949,1,,1,1,6,1,QUINUA,2111,1,0,003,0,1,1,1,1,0,0, 
2024,21,PUNO,06,HUANCANE,01,HUANCANE,11123,02,02,1,2,210643003,72.00308,1,,1,1,1,1,PAPA NATIVA,2615,1,0,402,0,1,1,1,1,0,0, 
2024,21,PUNO,06,HUANCANE,01,HUANCANE,11123,08,08,1,2,210643003,26.92367,1,,1,1,1,1,QUINUA,2111,1,0,083,0,0,1,1,1,0,0, 
2024,21,PUNO,06,HUANCANE,01,HUANCANE,11123,08,08,1,2,210643003,26.92367,1,,1,1,1,2,AVENA FORRAJERA,2701,1,0,394,0,0,1,1,1,0,0, 
2024,21,PUNO,06,HUANCANE,01,HUANCANE,11125,05,05,1,2,210641004,92.53479,1,,1,0,7,1,QUINUA,2111,1,0,100,1,0,0,0,0,0,0, 
2024,21,PUNO,06,HUANCANE,01,HUANCANE,11125,06,06,1,2,210641004,43.58267,1,,1,1,4,1,AVENA FORRAJERA,2701,1,0,050,1,1,0,0,0,0,0, 
2024,21,PUNO,06,HUANCANE,01,HUANCANE,11126,07,07,1,2,210641003,3.346529,1,,1,0,3,1,PAPA NATIVA,2615,1,0,030,0,0,1,0,1,0,0, 
2024,21,PUNO,06,HUANCANE,01,HUANCANE,11127,03,03,1,2,210641003,12.35139,1,,1,1,9,1,QUINUA,2111,1,0,020,0,0,1,0,0,0,0, 
2024,21,PUNO,06,HUANCANE,01,HUANCANE,11127,03,03,1,2,210641003,12.35139,1,,1,1,10,1,QUINUA,2111,1,0,010,0,0,1,0,0,0,0, 
2024,21,PUNO,06,HUANCANE,01,HUANCANE,11127,04,04,1,2,210641003,243.0567,1,,1,0,3,1,PAPA NATIVA,2615,1,0,100,0,0,1,0,0,0,0, 
2024,21,PUNO,06,HUANCANE,01,HUANCANE,11129,04,04,1,2,210641003,4.38556,1,,1,1,4,1,OCA,2608,1,0,008,0,0,0,1,1,1,0, 
2024,21,PUNO,06,HUANCANE,01,HUANCANE,11129,06,06,1,2,210641003,8.016768,1,,1,1,4,1,HABA,2942,1,0,009,0,0,0,1,0,1,0, 
2024,21,PUNO,05,EL COLLAO,03,PILCUYO,11136,03,03,1,2,210541003,89.54535,1,,1,1,43,1,HABA,2942,1,0,020,0,1,0,0,0,0,0, 
2024,21,PUNO,05,EL COLLAO,01,ILAVE,11150,01,01,1,2,210541003,194.2084,1,,1,1,14,1,QUINUA,2111,1,0,050,0,1,0,0,0,0,0, 
2024,21,PUNO,05,EL COLLAO,01,ILAVE,11150,02,02,1,2,210541003,424.7848,1,,1,1,14,1,QUINUA,2111,1,0,250,0,1,0,0,0,0,0, 
2024,21,PUNO,05,EL COLLAO,01,ILAVE,11150,03,03,1,2,210541003,46.48572,1,,1,1,7,1,QUINUA,2111,1,0,030,0,0,1,0,0,0,0, 
2024,21,PUNO,05,EL COLLAO,01,ILAVE,11150,03,03,1,2,210541003,46.48572,1,,1,1,8,1,QUINUA,2111,1,0,030,0,0,1,0,0,0,0, 
2024,21,PUNO,05,EL COLLAO,01,ILAVE,11152,03,03,1,2,210543001,3.200124,1,,1,1,10,1,CEBADA GRANO,2104,1,250,000,0,0,1,1,0,0,0, 
2024,21,PUNO,05,EL COLLAO,01,ILAVE,11152,03,03,1,2,210543001,3.200124,1,,1,1,9,1,HABA,2942,1,3000,000,0,0,0,1,0,0,0, 
2024,21,PUNO,05,EL COLLAO,01,ILAVE,11152,04,04,1,2,210543001,12.36347,1,,1,1,7,1,HABA,2942,1,240,000,0,0,0,1,0,0,0, 
2024,21,PUNO,05,EL COLLAO,01,ILAVE,11157,01,01,1,2,210551002,5.496471,1,,1,1,7,1,QUINUA,2111,1,0,010,0,0,1,1,1,0,0, 
2024,21,PUNO,05,EL COLLAO,01,ILAVE,11160,02,02,1,2,210541003,25.90235,1,,1,1,11,1,QUINUA,2111,1,0,020,0,0,1,1,1,0,0, 
2024,21,PUNO,05,EL COLLAO,01,ILAVE,11160,02,02,1,2,210541003,25.90235,1,,1,1,12,1,QUINUA,2111,1,0,020,0,0,1,1,1,0,0, 
2024,21,PUNO,05,EL COLLAO,01,ILAVE,11160,02,02,1,2,210541003,25.90235,1,,1,1,13,1,QUINUA,2111,1,0,020,0,0,1,1,1,0,0, 
2024,21,PUNO,05,EL COLLAO,01,ILAVE,11160,03,03,1,2,210541003,28.16501,1,,1,1,10,1,QUINUA,2111,1,0,020,0,0,1,1,1,0,0, 
2024,21,PUNO,05,EL COLLAO,01,ILAVE,11160,03,03,1,2,210541003,28.16501,1,,1,1,9,1,QUINUA,2111,1,0,020,0,0,1,1,1,0,0, 
2024,21,PUNO,05,EL COLLAO,01,ILAVE,11160,04,04,1,2,210541003,247.8805,1,,1,1,9,1,QUINUA,2111,1,0,020,0,0,1,1,1,0,0, 
2024,21,PUNO,05,EL COLLAO,01,ILAVE,11160,04,04,1,2,210541003,247.8805,1,,1,1,10,1,QUINUA,2111,1,0,020,0,0,1,1,1,0,0, 
2024,21,PUNO,05,EL COLLAO,01,ILAVE,11160,05,05,1,2,210541003,12.40911,1,,1,1,7,1,QUINUA,2111,1,0,020,0,0,1,1,1,0,0, 
2024,21,PUNO,05,EL COLLAO,01,ILAVE,11160,05,05,1,2,210541003,12.40911,1,,1,1,6,1,QUINUA,2111,1,0,020,0,0,1,1,1,0,0, 
2024,21,PUNO,05,EL COLLAO,01,ILAVE,11160,07,07,1,2,210541003,23.40451,1,,1,1,7,1,QUINUA,2111,1,0,020,0,0,1,1,1,0,0, 
2024,21,PUNO,05,EL COLLAO,01,ILAVE,11160,08,08,1,2,210541003,37.89906,1,,1,1,9,1,QUINUA,2111,1,0,020,0,0,1,1,1,0,0, 
2024,21,PUNO,05,EL COLLAO,01,ILAVE,11160,08,08,1,2,210541003,37.89906,1,,1,1,8,1,QUINUA,2111,1,0,020,0,0,1,1,1,0,0, 
2024,21,PUNO,05,EL COLLAO,01,ILAVE,11160,09,09,1,2,210541003,12.25695,1,,1,1,6,1,QUINUA,2111,1,0,020,0,0,1,1,1,0,0, 
2024,21,PUNO,05,EL COLLAO,01,ILAVE,11160,09,09,1,2,210541003,12.25695,1,,1,1,5,1,QUINUA,2111,1,0,020,0,0,1,1,1,0,0, 
2024,21,PUNO,05,EL COLLAO,01,ILAVE,11160,11,11,1,2,210541003,3.292541,1,,1,1,10,1,QUINUA,2111,1,0,020,0,0,1,1,1,0,0, 
2024,21,PUNO,05,EL COLLAO,01,ILAVE,11160,12,12,1,2,210541003,.3017072,1,,1,1,7,1,QUINUA,2111,1,0,020,0,0,1,1,1,0,0, 
2024,21,PUNO,05,EL COLLAO,01,ILAVE,11162,04,04,1,2,210541003,148.9596,1,,1,1,3,1,QUINUA,2111,1,0,300,0,0,0,1,1,1,0, 
2024,21,PUNO,05,EL COLLAO,01,ILAVE,11164,05,05,1,2,210541003,41.99078,1,,1,1,16,1,QUINUA,2111,1,0,020,0,0,1,0,0,0,0, 
2024,21,PUNO,05,EL COLLAO,01,ILAVE,11164,05,05,1,2,210541003,41.99078,1,,1,1,15,1,QUINUA,2111,1,0,020,0,0,1,0,0,0,0, 
2024,21,PUNO,05,EL COLLAO,01,ILAVE,11164,05,05,1,2,210541003,41.99078,1,,1,1,13,1,QUINUA,2111,1,0,020,0,0,1,0,0,0,0, 
2024,21,PUNO,05,EL COLLAO,01,ILAVE,11164,05,05,1,2,210541003,41.99078,1,,1,1,14,1,QUINUA,2111,1,0,020,0,0,1,0,0,0,0, 
2024,21,PUNO,05,EL COLLAO,01,ILAVE,11170,01,01,1,2,210551001,1.046212,1,,1,1,9,1,QUINUA,2111,1,0,020,0,0,1,1,1,0,1, 
2024,21,PUNO,05,EL COLLAO,01,ILAVE,11170,01,01,1,2,210551001,1.046212,1,,1,1,7,1,CEBADA GRANO,2104,1,0,020,0,0,1,1,1,0,1, 
2024,21,PUNO,05,EL COLLAO,01,ILAVE,11170,01,01,1,2,210551001,1.046212,1,,1,1,8,1,QUINUA,2111,1,0,020,0,0,1,1,1,0,1, 
2024,21,PUNO,05,EL COLLAO,01,ILAVE,11170,01,01,1,2,210551001,1.046212,1,,1,1,6,1,CEBADA GRANO,2104,1,0,020,0,0,1,1,1,0,1, 
2024,21,PUNO,05,EL COLLAO,01,ILAVE,11171,01,01,1,2,210541003,30.82125,1,,1,1,3,1,QUINUA,2111,1,0,180,0,0,1,0,1,0,0, 
2024,21,PUNO,05,EL COLLAO,01,ILAVE,11172,04,04,1,2,210541003,31.24533,1,,1,1,4,1,QUINUA,2111,1,0,010,0,0,1,1,1,1,0, 
2024,21,PUNO,05,EL COLLAO,01,ILAVE,11172,06,06,1,2,210541003,33.20274,1,,1,1,3,1,QUINUA,2111,1,0,040,0,0,1,1,1,0,0, 
2024,21,PUNO,05,EL COLLAO,01,ILAVE,11173,01,01,1,2,210542002,16.08904,1,,1,1,5,1,HABA,2942,1,200,000,0,0,0,1,0,0,0, 
2024,21,PUNO,05,EL COLLAO,01,ILAVE,11173,02,02,1,2,210542002,1.795624,1,,1,1,13,1,HABA,2942,1,160,000,0,0,0,1,0,0,0, 
2024,21,PUNO,05,EL COLLAO,01,ILAVE,11173,07,07,1,2,210542002,16.07511,1,,1,1,5,1,CEBADA GRANO,2104,1,600,000,0,0,0,1,0,1,0, 
2024,21,PUNO,05,EL COLLAO,01,ILAVE,11173,07,07,1,2,210542002,16.07511,1,,1,1,6,1,CEBADA GRANO,2104,1,450,000,0,0,0,1,0,0,0, 
2024,21,PUNO,05,EL COLLAO,01,ILAVE,11174,01,01,1,2,210541004,.0212247,1,,1,1,2,1,PAPA NATIVA,2615,1,0,080,0,0,1,0,1,0,0, 
2024,21,PUNO,05,EL COLLAO,01,ILAVE,11174,01,01,1,2,210541004,.0212247,1,,1,1,4,1,QUINUA,2111,1,0,050,0,0,1,0,1,0,0, 
2024,21,PUNO,05,EL COLLAO,01,ILAVE,11174,05,05,1,2,210541004,2.841135,1,,1,1,4,1,PAPA NATIVA,2615,1,0,100,0,0,1,0,1,0,0, 
2024,21,PUNO,05,EL COLLAO,01,ILAVE,11174,05,05,1,2,210541004,2.841135,1,,1,1,5,1,PAPA NATIVA,2615,1,0,050,0,0,1,0,1,0,0, 
2024,21,PUNO,05,EL COLLAO,01,ILAVE,11174,07,07,1,2,210541004,.0156356,1,,1,1,3,1,QUINUA,2111,1,0,030,0,0,1,0,0,0,0, 
2024,21,PUNO,05,EL COLLAO,01,ILAVE,11174,07,07,1,2,210541004,.0156356,1,,1,1,2,1,QUINUA,2111,1,0,030,0,0,1,0,0,0,0, 
2024,21,PUNO,05,EL COLLAO,01,ILAVE,11174,07,07,1,2,210541004,.0156356,1,,1,1,4,1,QUINUA,2111,1,0,030,0,0,1,0,0,0,0, 
2024,21,PUNO,05,EL COLLAO,01,ILAVE,11174,08,08,1,2,210541004,.2592113,1,,1,1,7,1,PAPA NATIVA,2615,1,0,050,0,0,1,0,1,0,0, 
2024,21,PUNO,05,EL COLLAO,01,ILAVE,11175,01,01,1,2,210541003,79.74751,1,,1,1,27,1,CEBADA GRANO,2104,1,150,000,0,0,1,1,0,0,0, 
2024,21,PUNO,05,EL COLLAO,01,ILAVE,11175,01,01,1,2,210541003,79.74751,1,,1,1,26,1,CEBADA GRANO,2104,1,800,000,0,0,1,1,0,0,0, 
2024,21,PUNO,05,EL COLLAO,01,ILAVE,11175,10,10,1,2,210541003,89.46887,1,,1,0,3,1,HABA,2942,1,0,010,0,0,1,1,0,0,0, 
2024,21,PUNO,05,EL COLLAO,01,ILAVE,11175,10,10,1,2,210541003,89.46887,1,,1,0,8,1,ALFALFA,1401,3,1,000,0,0,0,0,1,0,1, 
2024,21,PUNO,05,EL COLLAO,01,ILAVE,11176,02,02,1,2,210542003,29.89775,1,,1,1,4,1,CAÑIHUA,2103,1,0,500,0,0,1,1,1,0,0, 
2024,21,PUNO,05,EL COLLAO,01,ILAVE,11176,02,02,1,2,210542003,29.89775,1,,1,1,4,2,QUINUA,2111,1,0,500,0,0,1,1,1,0,0, 
2024,21,PUNO,04,CHUCUITO,07,ZEPITA,11179,05,05,1,2,210441003,99.6136,1,,1,1,3,1,HABA,2942,1,100,000,0,0,1,1,0,0,0, 
2024,21,PUNO,04,CHUCUITO,07,ZEPITA,11180,02,02,1,2,210441003,12.78067,1,,1,1,3,1,QUINUA,2111,1,500,000,0,0,1,1,1,1,0, 
2024,21,PUNO,04,CHUCUITO,07,ZEPITA,11180,05,05,1,2,210441003,20.80525,1,,1,1,2,1,QUINUA,2111,1,20,000,0,0,1,1,0,0,0, 
2024,21,PUNO,04,CHUCUITO,07,ZEPITA,11180,05,05,1,2,210441003,20.80525,1,,1,1,3,1,MAIZ CHOCLO,2109,1,100,000,0,0,1,1,0,1,0, 
2024,21,PUNO,04,CHUCUITO,07,ZEPITA,11182,04,04,1,2,210441002,6.14975,1,,1,1,4,1,QUINUA,2111,1,300,000,0,0,1,1,0,0,0, 
2024,21,PUNO,04,CHUCUITO,07,ZEPITA,11183,01,01,1,2,210441003,4.388474,1,,1,1,2,1,QUINUA,2111,1,0,050,0,0,1,0,0,0,0, 
2024,21,PUNO,04,CHUCUITO,07,ZEPITA,11183,01,01,1,2,210441003,4.388474,1,,1,1,4,1,HABA,2942,1,0,050,0,1,1,0,0,0,0, 
2024,21,PUNO,04,CHUCUITO,07,ZEPITA,11183,01,01,1,2,210441003,4.388474,1,,1,1,3,1,AVENA FORRAJERA,2701,1,0,020,0,1,0,0,0,0,0, 
2024,21,PUNO,04,CHUCUITO,07,ZEPITA,11183,01,01,1,2,210441003,4.388474,1,,1,1,2,2,CAÑIHUA,2103,1,0,050,0,0,1,0,0,0,0, 
2024,21,PUNO,04,CHUCUITO,07,ZEPITA,11183,03,03,1,2,210441003,.1210643,1,,1,1,2,1,QUINUA,2111,1,0,010,0,0,1,0,0,0,0, 
2024,21,PUNO,04,CHUCUITO,07,ZEPITA,11183,03,03,1,2,210441003,.1210643,1,,1,1,2,2,CAÑIHUA,2103,1,0,010,0,0,1,0,0,0,0, 
2024,21,PUNO,04,CHUCUITO,07,ZEPITA,11183,04,04,1,2,210441003,12.27416,1,,1,1,3,1,AVENA FORRAJERA,2701,1,0,025,0,1,0,0,0,0,0, 
2024,21,PUNO,04,CHUCUITO,07,ZEPITA,11183,04,04,1,2,210441003,12.27416,1,,1,1,3,2,QUINUA,2111,1,0,025,0,0,1,0,0,0,0, 
2024,21,PUNO,04,CHUCUITO,07,ZEPITA,11183,04,04,1,2,210441003,12.27416,1,,1,1,3,3,CAÑIHUA,2103,1,0,025,0,0,1,0,0,0,0, 
2024,21,PUNO,04,CHUCUITO,07,ZEPITA,11183,04,04,1,2,210441003,12.27416,1,,1,1,3,4,HABA,2942,1,0,025,0,1,0,0,0,0,0, 
2024,21,PUNO,04,CHUCUITO,07,ZEPITA,11183,07,07,1,2,210441003,27.8679,1,,1,1,2,1,CAÑIHUA,2103,1,0,020,0,0,1,0,0,0,0, 
2024,21,PUNO,04,CHUCUITO,07,ZEPITA,11183,07,07,1,2,210441003,27.8679,1,,1,1,2,2,QUINUA,2111,1,0,020,0,0,1,0,0,0,0, 
2024,21,PUNO,04,CHUCUITO,07,ZEPITA,11183,08,08,1,2,210441003,2.591922,1,,1,1,3,1,QUINUA,2111,1,0,025,0,0,1,0,0,0,0, 
2024,21,PUNO,04,CHUCUITO,07,ZEPITA,11183,08,08,1,2,210441003,2.591922,1,,1,1,3,2,CAÑIHUA,2103,1,0,025,0,0,1,0,0,0,0, 
2024,21,PUNO,04,CHUCUITO,07,ZEPITA,11183,09,09,1,2,210441003,22.52801,1,,1,1,2,1,QUINUA,2111,1,0,010,0,0,1,0,0,0,0, 
2024,21,PUNO,04,CHUCUITO,07,ZEPITA,11183,09,09,1,2,210441003,22.52801,1,,1,1,2,2,OCA,2608,1,0,020,0,1,1,0,0,0,0, 
2024,21,PUNO,04,CHUCUITO,07,ZEPITA,11183,09,09,1,2,210441003,22.52801,1,,1,1,2,3,CAÑIHUA,2103,1,0,100,0,0,1,0,0,0,0, 
2024,21,PUNO,04,CHUCUITO,07,ZEPITA,11183,10,10,1,2,210441003,11.57405,1,,1,1,2,1,QUINUA,2111,1,0,025,0,0,1,0,0,0,0, 
2024,21,PUNO,04,CHUCUITO,07,ZEPITA,11183,10,10,1,2,210441003,11.57405,1,,1,1,2,2,CAÑIHUA,2103,1,0,025,0,0,1,0,0,0,0, 
2024,21,PUNO,04,CHUCUITO,07,ZEPITA,11183,11,11,1,2,210441003,2.055225,1,,1,1,2,1,QUINUA,2111,1,0,010,0,0,1,0,0,0,0, 
2024,21,PUNO,04,CHUCUITO,07,ZEPITA,11183,11,11,1,2,210441003,2.055225,1,,1,1,2,2,CAÑIHUA,2103,1,0,010,0,0,1,0,0,0,0, 
2024,21,PUNO,04,CHUCUITO,07,ZEPITA,11184,01,01,1,2,210441003,166.3742,1,,1,1,3,1,CAÑIHUA,2103,1,0,100,0,0,1,0,0,0,0, 
2024,21,PUNO,04,CHUCUITO,07,ZEPITA,11184,01,01,1,2,210441003,166.3742,1,,1,1,1,1,CAÑIHUA,2103,1,0,105,0,0,1,0,0,0,0, 
2024,21,PUNO,04,CHUCUITO,07,ZEPITA,11184,03,03,1,2,210441003,6.072197,1,,1,1,1,1,QUINUA,2111,1,0,135,0,0,1,0,0,0,0, 
2024,21,PUNO,04,CHUCUITO,07,ZEPITA,11184,03,03,1,2,210441003,6.072197,1,,1,1,5,1,CAÑIHUA,2103,1,0,100,0,0,1,0,0,0,0, 
2024,21,PUNO,04,CHUCUITO,07,ZEPITA,11184,03,03,1,2,210441003,6.072197,1,,1,1,3,1,CAÑIHUA,2103,1,0,250,0,0,1,0,0,0,0, 
2024,21,PUNO,04,CHUCUITO,07,ZEPITA,11184,04,04,1,2,210441003,.6992654,1,,1,1,1,1,QUINUA,2111,1,0,100,0,0,1,0,0,0,0, 
2024,21,PUNO,04,CHUCUITO,07,ZEPITA,11184,04,04,1,2,210441003,.6992654,1,,1,1,3,1,QUINUA,2111,1,0,250,0,0,1,0,0,0,0, 
2024,21,PUNO,04,CHUCUITO,07,ZEPITA,11184,04,04,1,2,210441003,.6992654,1,,1,1,3,2,CAÑIHUA,2103,1,0,250,0,0,1,0,0,0,0, 
2024,21,PUNO,04,CHUCUITO,07,ZEPITA,11184,04,04,1,2,210441003,.6992654,1,,1,1,1,2,CAÑIHUA,2103,1,0,100,0,0,1,0,0,0,0, 
2024,21,PUNO,04,CHUCUITO,07,ZEPITA,11184,05,05,1,2,210441003,138.1835,1,,1,1,1,1,QUINUA,2111,1,0,500,0,0,1,0,0,0,0, 
2024,21,PUNO,04,CHUCUITO,07,ZEPITA,11184,05,05,1,2,210441003,138.1835,1,,1,1,4,1,CAÑIHUA,2103,1,0,250,0,0,1,0,0,0,0, 
2024,21,PUNO,04,CHUCUITO,07,ZEPITA,11184,05,05,1,2,210441003,138.1835,1,,1,1,5,1,CAÑIHUA,2103,1,0,050,0,0,1,0,0,0,0, 
2024,21,PUNO,04,CHUCUITO,07,ZEPITA,11184,05,05,1,2,210441003,138.1835,1,,1,1,1,2,CAÑIHUA,2103,1,0,180,0,0,1,0,0,0,0, 
2024,21,PUNO,04,CHUCUITO,07,ZEPITA,11185,01,01,1,2,210441003,91.94214,1,,1,1,1,1,CAÑIHUA,2103,1,0,320,0,0,1,0,0,0,0, 
2024,21,PUNO,04,CHUCUITO,07,ZEPITA,11185,05,05,1,2,210441003,122.019,1,,1,0,1,1,CAÑIHUA,2103,1,0,735,0,0,1,0,0,0,0, 
2024,21,PUNO,04,CHUCUITO,07,ZEPITA,11186,04,04,1,2,210441002,42.10352,1,,1,1,7,1,CAÑIHUA,2103,1,0,050,0,0,1,0,1,0,0, 
2024,21,PUNO,04,CHUCUITO,07,ZEPITA,11187,01,01,1,2,210441003,87.78206,1,,1,1,2,1,QUINUA,2111,1,0,125,0,0,1,0,0,0,0, 
2024,21,PUNO,04,CHUCUITO,07,ZEPITA,11187,01,01,1,2,210441003,87.78206,1,,1,1,1,1,CAÑIHUA,2103,1,0,190,0,0,1,0,1,0,0, 
2024,21,PUNO,04,CHUCUITO,07,ZEPITA,11187,02,02,1,2,210441003,14.28528,1,,1,1,1,1,CAÑIHUA,2103,1,0,150,0,0,1,0,0,0,0, 
2024,21,PUNO,04,CHUCUITO,07,ZEPITA,11187,02,02,1,2,210441003,14.28528,1,,1,1,2,1,CAÑIHUA,2103,1,0,100,0,0,1,0,0,0,0, 
2024,21,PUNO,04,CHUCUITO,07,ZEPITA,11187,03,03,1,2,210441003,42.26594,1,,1,1,3,1,CAÑIHUA,2103,1,0,150,0,0,1,0,1,0,0, 
2024,21,PUNO,04,CHUCUITO,07,ZEPITA,11187,03,03,1,2,210441003,42.26594,1,,1,1,2,1,CAÑIHUA,2103,1,1,000,0,0,1,0,1,0,0, 
2024,21,PUNO,04,CHUCUITO,07,ZEPITA,11187,05,05,1,2,210441003,8.726822,1,,1,1,6,1,QUINUA,2111,1,0,050,0,0,1,0,0,0,0, 
2024,21,PUNO,04,CHUCUITO,07,ZEPITA,11187,05,05,1,2,210441003,8.726822,1,,1,1,2,1,CAÑIHUA,2103,1,0,125,0,0,1,0,0,0,0, 
2024,21,PUNO,04,CHUCUITO,07,ZEPITA,11191,04,04,1,2,210441003,51.84359,1,,1,1,1,1,TARHUI,2947,1,0,050,0,0,1,0,0,0,0, 
2024,21,PUNO,04,CHUCUITO,07,ZEPITA,11191,06,06,1,2,210441003,102.6168,1,,1,1,2,1,HABA,2942,1,0,020,0,0,1,0,0,0,0, 
2024,21,PUNO,04,CHUCUITO,07,ZEPITA,11191,06,06,1,2,210441003,102.6168,1,,1,1,1,1,AVENA FORRAJERA,2701,1,0,070,0,0,1,0,0,0,0, 
2024,21,PUNO,04,CHUCUITO,07,ZEPITA,11191,06,06,1,2,210441003,102.6168,1,,1,1,4,1,QUINUA,2111,1,0,100,0,0,1,0,0,0,0, 
2024,21,PUNO,04,CHUCUITO,07,ZEPITA,11193,02,02,1,2,210441003,111.1914,1,,1,1,15,1,QUINUA,2111,1,0,020,0,0,1,1,1,0,0, 
2024,21,PUNO,04,CHUCUITO,07,ZEPITA,11193,02,02,1,2,210441003,111.1914,1,,1,1,16,1,HABA,2942,1,0,020,0,0,0,1,0,0,0, 
2024,21,PUNO,04,CHUCUITO,06,POMATA,11194,01,01,1,2,210441003,31.78434,1,,1,1,3,1,QUINUA,2111,1,0,200,0,0,1,0,0,0,0, 
2024,21,PUNO,04,CHUCUITO,06,POMATA,11194,02,02,1,2,210441003,43.16664,1,,1,1,1,1,QUINUA,2111,1,0,020,0,0,1,0,0,0,0, 
2024,21,PUNO,04,CHUCUITO,06,POMATA,11194,06,06,1,2,210441003,68.61842,1,,1,1,1,1,QUINUA,2111,1,0,035,0,0,1,0,0,0,0, 
2024,21,PUNO,04,CHUCUITO,06,POMATA,11195,02,02,1,2,210441003,9.311415,1,,1,1,5,1,QUINUA,2111,1,0,010,0,0,0,1,0,1,0, 
2024,21,PUNO,04,CHUCUITO,06,POMATA,11195,04,04,1,2,210441003,5.431166,1,,1,1,5,1,QUINUA,2111,1,0,020,0,0,1,0,0,0,0, 
2024,21,PUNO,04,CHUCUITO,06,POMATA,11195,06,06,1,2,210441003,86.85547,1,,1,1,1,1,PAPA NATIVA,2615,1,0,025,0,0,1,0,0,0,0, 
2024,21,PUNO,04,CHUCUITO,06,POMATA,11195,07,07,1,2,210441003,75.00427,1,,1,1,9,1,QUINUA,2111,1,200,000,0,0,1,0,0,0,0, 
2024,21,PUNO,04,CHUCUITO,06,POMATA,11195,07,07,1,2,210441003,75.00427,1,,1,1,10,1,QUINUA,2111,1,200,000,0,0,1,0,0,0,0, 
2024,21,PUNO,04,CHUCUITO,06,POMATA,11195,07,07,1,2,210441003,75.00427,1,,1,1,11,1,QUINUA,2111,1,200,000,0,0,1,0,0,0,0, 
2024,21,PUNO,04,CHUCUITO,06,POMATA,11195,09,09,1,2,210441003,1.354478,1,,1,1,3,1,CAÑIHUA,2103,1,0,100,0,0,1,0,0,0,0, 
2024,21,PUNO,04,CHUCUITO,06,POMATA,11196,04,04,1,2,210442003,34.96408,1,,1,1,21,1,HABA,2942,1,0,010,0,0,0,1,0,0,0, 
2024,21,PUNO,04,CHUCUITO,06,POMATA,11197,08,08,1,2,210441003,49.83957,1,,1,1,6,1,OCA,2608,1,0,010,0,1,0,0,0,0,1, 
2024,21,PUNO,04,CHUCUITO,06,POMATA,11198,02,02,1,2,210441003,35.0437,1,,1,1,8,1,QUINUA,2111,1,0,030,0,0,0,0,0,1,0, 
2024,21,PUNO,04,CHUCUITO,06,POMATA,11198,03,03,1,2,210441003,29.30735,1,,1,1,4,1,QUINUA,2111,1,0,010,0,0,1,1,1,1,0, 
2024,21,PUNO,04,CHUCUITO,06,POMATA,11198,04,04,1,2,210441003,6.111975,1,,1,1,11,1,QUINUA,2111,1,0,008,0,0,1,0,0,0,0, 
2024,21,PUNO,04,CHUCUITO,06,POMATA,11198,04,04,1,2,210441003,6.111975,1,,1,1,8,1,QUINUA,2111,1,0,009,0,0,1,0,0,0,0, 
2024,21,PUNO,04,CHUCUITO,06,POMATA,11198,04,04,1,2,210441003,6.111975,1,,1,1,10,1,QUINUA,2111,1,0,020,0,0,1,0,0,0,0, 
2024,21,PUNO,04,CHUCUITO,06,POMATA,11198,04,04,1,2,210441003,6.111975,1,,1,1,9,1,QUINUA,2111,1,0,010,0,0,1,0,0,0,0, 
2024,21,PUNO,04,CHUCUITO,06,POMATA,11199,01,01,1,2,210441003,290.6015,1,,1,1,12,1,CAÑIHUA,2103,1,0,008,0,0,1,0,0,0,0, 
2024,21,PUNO,04,CHUCUITO,06,POMATA,11199,01,01,1,2,210441003,290.6015,1,,1,1,13,1,QUINUA,2111,1,0,008,0,0,1,1,0,0,0, 
2024,21,PUNO,04,CHUCUITO,06,POMATA,11200,04,04,1,2,210443003,7.799495,1,,1,1,2,1,CAÑIHUA,2103,1,0,500,0,0,1,0,0,1,0, 
2024,21,PUNO,04,CHUCUITO,06,POMATA,11200,06,06,1,2,210443003,8.112721,1,,1,1,3,1,PAPA NATIVA,2615,1,0,125,0,0,0,1,0,1,0, 
2024,21,PUNO,04,CHUCUITO,06,POMATA,11202,01,01,1,2,210441003,8.21646,1,,1,1,9,1,QUINUA,2111,1,0,015,0,0,1,0,0,0,0, 
2024,21,PUNO,04,CHUCUITO,06,POMATA,11202,01,01,1,2,210441003,8.21646,1,,1,1,8,1,QUINUA,2111,1,0,015,0,0,1,0,0,0,0, 
2024,21,PUNO,04,CHUCUITO,06,POMATA,11202,01,01,1,2,210441003,8.21646,1,,1,1,7,1,QUINUA,2111,1,0,010,0,0,1,0,0,0,0, 
2024,21,PUNO,04,CHUCUITO,06,POMATA,11202,01,01,1,2,210441003,8.21646,1,,1,1,10,1,QUINUA,2111,1,0,010,0,0,1,0,0,0,0, 
2024,21,PUNO,04,CHUCUITO,06,POMATA,11202,02,02,1,2,210441003,10.16971,1,,1,1,1,1,CAÑIHUA,2103,1,0,035,0,0,1,0,0,0,0, 
2024,21,PUNO,04,CHUCUITO,06,POMATA,11202,02,02,1,2,210441003,10.16971,1,,1,1,8,1,QUINUA,2111,1,0,018,0,0,1,0,0,0,0, 
2024,21,PUNO,04,CHUCUITO,06,POMATA,11202,02,02,1,2,210441003,10.16971,1,,1,1,7,1,QUINUA,2111,1,0,012,0,0,1,0,0,0,0, 
2024,21,PUNO,04,CHUCUITO,06,POMATA,11202,04,04,1,2,210441003,41.37453,1,,1,1,23,1,QUINUA,2111,1,0,018,0,0,1,0,0,0,0, 
2024,21,PUNO,04,CHUCUITO,06,POMATA,11202,04,04,1,2,210441003,41.37453,1,,1,1,20,1,QUINUA,2111,1,0,017,0,0,1,0,0,0,0, 
2024,21,PUNO,04,CHUCUITO,06,POMATA,11202,04,04,1,2,210441003,41.37453,1,,1,1,16,1,QUINUA,2111,1,0,018,0,0,1,0,0,0,0, 
2024,21,PUNO,04,CHUCUITO,06,POMATA,11202,04,04,1,2,210441003,41.37453,1,,1,1,19,1,QUINUA,2111,1,0,016,0,0,1,0,0,0,0, 
2024,21,PUNO,04,CHUCUITO,06,POMATA,11202,04,04,1,2,210441003,41.37453,1,,1,1,15,1,QUINUA,2111,1,0,018,0,0,1,0,0,0,0, 
2024,21,PUNO,04,CHUCUITO,06,POMATA,11202,04,04,1,2,210441003,41.37453,1,,1,1,22,1,QUINUA,2111,1,0,017,0,0,1,0,0,0,0, 
2024,21,PUNO,04,CHUCUITO,06,POMATA,11202,04,04,1,2,210441003,41.37453,1,,1,1,17,1,QUINUA,2111,1,0,018,0,0,1,0,0,0,0, 
2024,21,PUNO,04,CHUCUITO,06,POMATA,11202,04,04,1,2,210441003,41.37453,1,,1,1,21,1,QUINUA,2111,1,0,017,0,0,1,0,0,0,0, 
2024,21,PUNO,04,CHUCUITO,06,POMATA,11202,04,04,1,2,210441003,41.37453,1,,1,1,13,1,QUINUA,2111,1,0,015,0,0,1,0,0,0,0, 
2024,21,PUNO,04,CHUCUITO,06,POMATA,11202,04,04,1,2,210441003,41.37453,1,,1,1,18,1,QUINUA,2111,1,0,016,0,0,1,0,0,0,0, 
2024,21,PUNO,04,CHUCUITO,06,POMATA,11202,04,04,1,2,210441003,41.37453,1,,1,1,14,1,QUINUA,2111,1,0,015,0,0,1,0,0,0,0, 
2024,21,PUNO,04,CHUCUITO,06,POMATA,11203,01,01,1,2,210441003,22.53309,1,,1,1,4,1,QUINUA,2111,1,0,019,0,0,1,0,0,0,0, 
2024,21,PUNO,04,CHUCUITO,06,POMATA,11203,01,01,1,2,210441003,22.53309,1,,1,1,3,1,QUINUA,2111,1,0,020,0,0,1,0,0,0,0, 
2024,21,PUNO,04,CHUCUITO,05,PISACOMA,11209,02,02,1,2,210443003,88.80726,1,,1,1,1,1,CAÑIHUA,2103,1,0,250,0,0,1,0,0,0,0, 
2024,21,PUNO,04,CHUCUITO,05,PISACOMA,11209,02,02,1,2,210443003,88.80726,1,,1,1,2,1,CAÑIHUA,2103,1,0,450,0,0,1,0,0,0,0, 
2024,21,PUNO,04,CHUCUITO,05,PISACOMA,11209,02,02,1,2,210443003,88.80726,1,,1,1,5,1,CAÑIHUA,2103,1,0,100,0,0,1,0,0,0,0, 
2024,21,PUNO,04,CHUCUITO,05,PISACOMA,11209,05,05,1,2,210443003,5.131545,1,,1,1,1,1,CAÑIHUA,2103,1,1,000,0,0,1,0,0,0,0, 
2024,21,PUNO,04,CHUCUITO,05,PISACOMA,11209,06,06,1,2,210443003,12.41962,1,,1,1,6,1,QUINUA,2111,1,0,150,0,0,1,0,0,0,0, 
2024,21,PUNO,04,CHUCUITO,05,PISACOMA,11209,07,07,1,2,210443003,22.6848,1,,1,1,1,1,CAÑIHUA,2103,1,0,790,0,0,1,0,0,0,0, 
2024,21,PUNO,04,CHUCUITO,05,PISACOMA,11209,08,08,1,2,210443003,9.531214,1,,1,1,4,1,QUINUA,2111,1,0,500,0,0,1,0,0,0,0, 
2024,21,PUNO,04,CHUCUITO,05,PISACOMA,11209,08,08,1,2,210443003,9.531214,1,,1,1,6,1,CAÑIHUA,2103,1,1,000,0,0,1,0,0,0,0, 
2024,21,PUNO,04,CHUCUITO,05,PISACOMA,11209,09,09,1,2,210443003,13.59051,1,,1,1,5,1,CAÑIHUA,2103,1,0,150,0,0,1,0,0,0,0, 
2024,21,PUNO,04,CHUCUITO,05,PISACOMA,11209,09,09,1,2,210443003,13.59051,1,,1,1,5,2,QUINUA,2111,1,0,005,0,0,1,0,0,0,0, 
2024,21,PUNO,04,CHUCUITO,05,PISACOMA,11209,11,11,1,2,210443003,4.76033,1,,1,1,4,1,QUINUA,2111,1,0,010,0,0,1,0,0,0,0, 
2024,21,PUNO,04,CHUCUITO,05,PISACOMA,11210,04,04,1,2,210442004,221.2516,1,,1,1,5,1,ALFALFA,1401,3,0,030,0,0,0,0,0,1,0, 
2024,21,PUNO,04,CHUCUITO,04,KELLUYO,11212,03,03,1,2,210442003,9.630885,1,,1,1,6,1,CAÑIHUA,2103,1,2,000,0,0,1,0,1,0,0, 
2024,21,PUNO,04,CHUCUITO,04,KELLUYO,11214,02,02,1,2,210442003,68.01414,1,,1,1,5,1,CAÑIHUA,2103,1,0,105,0,0,1,1,1,0,0, 
2024,21,PUNO,04,CHUCUITO,04,KELLUYO,11214,03,03,1,2,210442003,60.85807,1,,1,1,2,1,CAÑIHUA,2103,1,0,500,0,0,1,0,1,0,0, 
2024,21,PUNO,04,CHUCUITO,04,KELLUYO,11214,04,04,1,2,210442003,7.530722,1,,1,1,5,1,CAÑIHUA,2103,1,0,120,0,0,1,0,1,0,0, 
2024,21,PUNO,04,CHUCUITO,04,KELLUYO,11214,05,05,1,2,210442003,4.743235,1,,1,1,2,1,CAÑIHUA,2103,1,0,125,0,0,1,0,1,0,0, 
2024,21,PUNO,04,CHUCUITO,04,KELLUYO,11214,08,08,1,2,210442003,9.342409,1,,1,1,4,1,QUINUA,2111,1,0,084,0,0,1,0,1,0,0, 
2024,21,PUNO,04,CHUCUITO,04,KELLUYO,11214,08,08,1,2,210442003,9.342409,1,,1,1,2,1,CAÑIHUA,2103,1,2,500,0,0,1,0,1,0,0, 
2024,21,PUNO,04,CHUCUITO,04,KELLUYO,11215,03,03,1,2,210442003,25.98165,1,,1,1,2,1,CAÑIHUA,2103,1,0,024,0,0,1,0,0,0,0, 
2024,21,PUNO,04,CHUCUITO,04,KELLUYO,11216,05,05,1,2,210452004,2.609522,1,,1,1,3,1,CAÑIHUA,2103,1,0,025,0,0,1,1,1,0,0, 
2024,21,PUNO,04,CHUCUITO,04,KELLUYO,11216,05,05,1,2,210452004,2.609522,1,,1,1,3,2,QUINUA,2111,1,0,025,0,0,1,1,1,0,0, 
2024,21,PUNO,04,CHUCUITO,04,KELLUYO,11220,01,01,1,2,210442003,13.69714,1,,1,1,2,1,CAÑIHUA,2103,1,2,500,0,0,1,0,1,0,0, 
2024,21,PUNO,04,CHUCUITO,04,KELLUYO,11220,04,04,1,2,210442003,5.74425,1,,1,1,2,1,QUINUA,2111,1,0,188,0,0,1,1,1,0,0, 
2024,21,PUNO,04,CHUCUITO,04,KELLUYO,11220,04,04,1,2,210442003,5.74425,1,,1,1,2,2,PAPA NATIVA,2615,1,0,060,0,0,1,1,1,0,0, 
2024,21,PUNO,04,CHUCUITO,04,KELLUYO,11220,04,04,1,2,210442003,5.74425,1,,1,1,2,3,CAÑIHUA,2103,1,0,250,0,0,1,1,1,0,0, 
2024,21,PUNO,04,CHUCUITO,04,KELLUYO,11221,02,02,1,2,210442003,10.74894,1,,1,1,4,1,CAÑIHUA,2103,1,0,500,0,0,1,0,0,0,0, 
2024,21,PUNO,04,CHUCUITO,04,KELLUYO,11221,02,02,1,2,210442003,10.74894,1,,1,1,3,1,QUINUA,2111,1,1,000,0,0,1,1,0,1,0, 
2024,21,PUNO,04,CHUCUITO,04,KELLUYO,11222,01,01,1,2,210442002,6.901204,1,,1,1,2,1,CAÑIHUA,2103,1,0,125,0,0,1,0,1,0,0, 
2024,21,PUNO,04,CHUCUITO,04,KELLUYO,11222,01,01,1,2,210442002,6.901204,1,,1,1,2,2,PAPA AMARGA,2610,1,0,063,0,0,1,0,1,0,0, 
2024,21,PUNO,04,CHUCUITO,04,KELLUYO,11222,01,01,1,2,210442002,6.901204,1,,1,1,2,3,QUINUA,2111,1,0,125,0,0,1,0,1,0,0, 
2024,21,PUNO,04,CHUCUITO,04,KELLUYO,11222,02,02,1,2,210442002,43.13424,1,,1,1,2,1,CAÑIHUA,2103,1,0,229,0,0,1,1,1,0,0, 
2024,21,PUNO,04,CHUCUITO,04,KELLUYO,11222,02,02,1,2,210442002,43.13424,1,,1,1,3,1,CAÑIHUA,2103,1,0,062,0,0,1,1,1,0,0, 
2024,21,PUNO,04,CHUCUITO,04,KELLUYO,11222,02,02,1,2,210442002,43.13424,1,,1,1,3,2,QUINUA,2111,1,0,108,0,0,1,1,1,0,0, 
2024,21,PUNO,04,CHUCUITO,04,KELLUYO,11222,02,02,1,2,210442002,43.13424,1,,1,1,3,3,CEBADA GRANO,2104,1,0,308,0,0,1,1,1,0,0, 
2024,21,PUNO,04,CHUCUITO,04,KELLUYO,11222,03,03,1,2,210442002,31.01772,1,,1,1,3,1,CAÑIHUA,2103,1,1,822,0,0,1,0,1,0,0, 
2024,21,PUNO,04,CHUCUITO,04,KELLUYO,11222,03,03,1,2,210442002,31.01772,1,,1,1,2,1,PAPA NATIVA,2615,1,0,887,0,0,1,0,1,0,0, 
2024,21,PUNO,04,CHUCUITO,04,KELLUYO,11222,03,03,1,2,210442002,31.01772,1,,1,1,3,2,CEBADA FORRAJERA,2703,1,0,125,0,0,0,0,1,0,0, 
2024,21,PUNO,04,CHUCUITO,04,KELLUYO,11222,03,03,1,2,210442002,31.01772,1,,1,1,2,2,QUINUA,2111,1,0,180,0,0,1,0,1,0,0, 
2024,21,PUNO,04,CHUCUITO,04,KELLUYO,11222,03,03,1,2,210442002,31.01772,1,,1,1,2,3,CEBADA GRANO,2104,1,0,311,0,0,0,0,1,0,0, 
2024,21,PUNO,04,CHUCUITO,04,KELLUYO,11222,03,03,1,2,210442002,31.01772,1,,1,1,2,4,CEBADA FORRAJERA,2703,1,1,000,0,0,0,0,1,0,0, 
2024,21,PUNO,04,CHUCUITO,04,KELLUYO,11222,04,04,1,2,210442002,4.952742,1,,1,1,3,1,PAPA NATIVA,2615,1,0,125,0,0,1,0,1,0,0, 
2024,21,PUNO,04,CHUCUITO,04,KELLUYO,11222,04,04,1,2,210442002,4.952742,1,,1,1,1,1,QUINUA,2111,1,0,113,0,0,1,0,1,0,0, 
2024,21,PUNO,04,CHUCUITO,04,KELLUYO,11223,02,02,1,2,210442003,6.408502,1,,1,1,1,1,CAÑIHUA,2103,1,0,239,0,0,1,0,1,0,0, 
2024,21,PUNO,04,CHUCUITO,04,KELLUYO,11223,04,04,1,2,210442003,20.5878,1,,1,1,3,1,CAÑIHUA,2103,1,0,030,0,0,1,0,1,0,0, 
2024,21,PUNO,04,CHUCUITO,04,KELLUYO,11223,04,04,1,2,210442003,20.5878,1,,1,1,2,1,QUINUA,2111,1,0,100,0,0,1,0,1,0,0, 
2024,21,PUNO,04,CHUCUITO,04,KELLUYO,11223,04,04,1,2,210442003,20.5878,1,,1,1,2,2,CAÑIHUA,2103,1,0,030,0,0,1,0,1,0,0, 
2024,21,PUNO,04,CHUCUITO,04,KELLUYO,11225,10,10,1,2,210442003,8.543173,1,,1,1,3,1,CAÑIHUA,2103,1,0,250,0,0,1,0,1,0,0, 
2024,21,PUNO,04,CHUCUITO,03,HUACULLANI,11228,02,02,1,2,210451003,26.4327,1,,1,1,4,1,QUINUA,2111,1,0,023,0,0,1,0,1,1,0, 
2024,21,PUNO,04,CHUCUITO,03,HUACULLANI,11228,02,02,1,2,210451003,26.4327,1,,1,1,4,2,TARHUI,2947,1,0,020,0,0,1,0,1,1,0, 
2024,21,PUNO,04,CHUCUITO,03,HUACULLANI,11229,02,02,1,2,210451002,2.100235,1,,1,1,3,1,ALFALFA,1401,3,0,500,0,0,0,1,0,1,0, 
2024,21,PUNO,04,CHUCUITO,03,HUACULLANI,11229,04,04,1,2,210451002,2.52576,1,,1,1,4,1,CAÑIHUA,2103,1,0,125,0,0,1,0,0,0,0, 
2024,21,PUNO,04,CHUCUITO,03,HUACULLANI,11229,05,05,1,2,210451002,.2857224,1,,1,1,3,1,CAÑIHUA,2103,1,0,080,0,0,1,0,0,0,0, 
2024,21,PUNO,04,CHUCUITO,03,HUACULLANI,11229,05,05,1,2,210451002,.2857224,1,,1,1,7,1,CAÑIHUA,2103,1,1,000,0,0,1,1,0,0,0, 
2024,21,PUNO,04,CHUCUITO,03,HUACULLANI,11234,01,01,1,2,210441003,119.804,1,,1,1,3,1,CAÑIHUA,2103,1,0,050,0,0,1,1,0,0,0, 
2024,21,PUNO,04,CHUCUITO,03,HUACULLANI,11234,04,04,1,2,210441003,7.357334,1,,1,1,4,1,PAPA NATIVA,2615,1,0,010,0,0,1,0,0,0,0, 
2024,21,PUNO,04,CHUCUITO,02,DESAGUADERO,11239,03,03,1,2,210441004,.4819303,1,,1,1,1,1,CAÑIHUA,2103,1,0,080,0,0,1,1,1,0,0, 
2024,21,PUNO,04,CHUCUITO,02,DESAGUADERO,11239,08,08,1,2,210441004,95.08974,1,,1,1,1,1,ALFALFA,1401,3,0,500,0,0,0,1,1,1,0, 
2024,21,PUNO,04,CHUCUITO,02,DESAGUADERO,11241,02,02,1,2,210441003,117.7726,1,,1,0,1,1,CAÑIHUA,2103,1,0,239,0,0,1,0,0,0,0, 
2024,21,PUNO,04,CHUCUITO,02,DESAGUADERO,11241,02,02,1,2,210441003,117.7726,1,,1,0,2,1,CAÑIHUA,2103,1,1,391,0,0,1,0,0,0,0, 
2024,21,PUNO,04,CHUCUITO,01,JULI,11249,01,01,1,2,210441003,41.80205,1,,1,1,2,1,CEBADA GRANO,2104,1,10485,000,0,1,0,0,0,0,0, 
2024,21,PUNO,04,CHUCUITO,01,JULI,11249,02,02,1,2,210441003,83.26114,1,,1,1,2,1,HABA,2942,1,10000,000,0,0,1,1,0,0,0, 
2024,21,PUNO,04,CHUCUITO,01,JULI,11250,02,02,1,2,210444002,395.8682,1,,1,1,3,1,QUINUA,2111,1,0,025,0,1,0,1,0,0,0, 
2024,21,PUNO,04,CHUCUITO,01,JULI,11250,03,03,1,2,210444002,580.0125,1,,1,1,4,1,QUINUA,2111,1,0,020,0,0,1,1,1,0,0, 
2024,21,PUNO,04,CHUCUITO,01,JULI,11250,04,04,1,2,210444002,2609.083,1,,1,1,6,1,QUINUA,2111,1,0,050,0,0,1,0,0,0,0, 
2024,21,PUNO,04,CHUCUITO,01,JULI,11250,05,05,1,2,210444002,707.4744,1,,1,0,3,1,PAPA NATIVA,2615,1,0,050,1,0,0,1,0,0,0, 
2024,21,PUNO,03,CARABAYA,08,OLLACHEA,11256,01,01,1,2,210332002,2.738189,1,,1,1,1,1,HABA,2942,1,0,500,0,0,1,0,0,0,0, 
2024,21,PUNO,03,CARABAYA,08,OLLACHEA,11256,01,01,1,2,210332002,2.738189,1,,1,1,2,1,HABA,2942,1,0,500,0,0,1,0,0,0,0, 
2024,21,PUNO,03,CARABAYA,03,AYAPATA,11266,01,01,1,3,210392004,18.65522,1,,1,1,2,1,MANGO,1147,2,0,010,0,0,0,0,0,0,1, 
2024,21,PUNO,03,CARABAYA,03,AYAPATA,11266,01,01,1,3,210392004,18.65522,1,,1,1,2,2,PACAE,1159,2,0,010,0,0,0,0,0,0,1, 
2024,21,PUNO,03,CARABAYA,03,AYAPATA,11273,01,01,1,3,210383004,30.90005,1,,1,1,1,1,NARANJO,1156,2,0,050,0,0,1,0,0,0,1, 
2024,21,PUNO,02,AZANGARO,15,TIRAPATA,11279,01,01,1,2,210242003,308.8683,1,,1,1,1,1,QUINUA,2111,1,0,250,0,1,0,0,0,0,0, 
2024,21,PUNO,02,AZANGARO,15,TIRAPATA,11279,01,01,1,2,210242003,308.8683,1,,1,1,1,2,CAÑIHUA,2103,1,0,250,0,1,0,0,0,0,0, 
2024,21,PUNO,02,AZANGARO,15,TIRAPATA,11280,02,02,1,2,210241004,154.9342,1,,1,1,1,1,PAPA AMARGA,2610,1,0,100,0,1,0,0,0,0,0, 
2024,21,PUNO,02,AZANGARO,15,TIRAPATA,11280,03,03,1,2,210241004,12.62178,1,,1,1,1,1,PAPA NATIVA,2615,1,0,300,0,0,0,1,1,0,0, 
2024,21,PUNO,02,AZANGARO,15,TIRAPATA,11280,03,03,1,2,210241004,12.62178,1,,1,1,1,2,PAPA AMARGA,2610,1,0,200,0,0,0,1,1,0,0, 
2024,21,PUNO,02,AZANGARO,15,TIRAPATA,11280,06,06,1,2,210241004,.2134406,1,,1,1,1,1,PAPA NATIVA,2615,1,0,050,0,0,0,1,0,0,0, 
2024,21,PUNO,02,AZANGARO,14,SANTIAGO DE PUPUJA,11284,01,01,1,2,210241003,126.7419,1,,1,1,2,1,QUINUA,2111,1,0,002,0,0,1,0,0,0,0, 
2024,21,PUNO,02,AZANGARO,14,SANTIAGO DE PUPUJA,11284,01,01,1,2,210241003,126.7419,1,,1,1,2,2,CAÑIHUA,2103,1,0,002,0,0,1,0,0,0,0, 
2024,21,PUNO,02,AZANGARO,14,SANTIAGO DE PUPUJA,11285,01,01,1,2,210241003,18.14321,1,,1,1,1,1,CAÑIHUA,2103,1,0,100,0,0,1,0,0,0,0, 
2024,21,PUNO,02,AZANGARO,14,SANTIAGO DE PUPUJA,11286,03,03,1,2,210241003,60.5115,1,,1,1,1,1,PAPA NATIVA,2615,1,0,080,0,0,1,1,0,0,0, 
2024,21,PUNO,02,AZANGARO,14,SANTIAGO DE PUPUJA,11287,04,04,1,2,210241004,2.705662,1,,1,1,2,1,QUINUA,2111,1,0,125,0,0,1,1,1,0,0, 
2024,21,PUNO,02,AZANGARO,14,SANTIAGO DE PUPUJA,11288,01,01,1,2,210241003,96.45091,1,,1,1,1,1,QUINUA,2111,1,0,050,0,0,1,0,0,0,0, 
2024,21,PUNO,02,AZANGARO,14,SANTIAGO DE PUPUJA,11288,03,03,1,2,210241003,32.31225,1,,1,1,3,1,QUINUA,2111,1,0,200,0,0,1,1,0,0,0, 
2024,21,PUNO,02,AZANGARO,14,SANTIAGO DE PUPUJA,11288,03,03,1,2,210241003,32.31225,1,,1,1,3,2,CAÑIHUA,2103,1,0,200,0,0,1,0,0,0,0, 
2024,21,PUNO,02,AZANGARO,14,SANTIAGO DE PUPUJA,11289,02,02,1,2,210241003,9.440516,1,,1,1,3,1,CAÑIHUA,2103,1,0,200,0,0,1,0,0,0,0, 
2024,21,PUNO,02,AZANGARO,14,SANTIAGO DE PUPUJA,11289,02,02,1,2,210241003,9.440516,1,,1,1,3,2,QUINUA,2111,1,0,200,0,0,1,0,0,0,0, 
2024,21,PUNO,02,AZANGARO,14,SANTIAGO DE PUPUJA,11289,04,04,1,2,210241003,1.526598,1,,1,1,3,1,QUINUA,2111,1,0,500,0,0,1,0,0,0,0, 
2024,21,PUNO,02,AZANGARO,14,SANTIAGO DE PUPUJA,11289,06,06,1,2,210241003,28.00454,1,,1,1,1,1,CAÑIHUA,2103,1,1,000,0,0,1,0,0,0,0, 
2024,21,PUNO,02,AZANGARO,14,SANTIAGO DE PUPUJA,11290,02,02,1,2,210241003,1.258252,1,,1,1,2,1,QUINUA,2111,1,0,250,1,0,0,1,0,1,0, 
2024,21,PUNO,02,AZANGARO,14,SANTIAGO DE PUPUJA,11291,06,06,1,2,210241004,.0117933,1,,1,1,1,1,QUINUA,2111,1,0,060,0,0,1,0,0,0,0, 
2024,21,PUNO,02,AZANGARO,14,SANTIAGO DE PUPUJA,11291,06,06,1,2,210241004,.0117933,1,,1,1,1,2,AVENA FORRAJERA,2701,1,0,160,0,1,0,0,0,0,0, 
2024,21,PUNO,02,AZANGARO,14,SANTIAGO DE PUPUJA,11292,03,03,1,2,210241003,65.8611,1,,1,1,3,1,QUINUA,2111,1,0,500,0,0,1,0,0,0,0, 
2024,21,PUNO,02,AZANGARO,14,SANTIAGO DE PUPUJA,11292,04,04,1,2,210241003,93.65366,1,,1,1,2,1,QUINUA,2111,1,0,130,0,0,1,0,0,0,0, 
2024,21,PUNO,02,AZANGARO,14,SANTIAGO DE PUPUJA,11293,01,01,1,2,210241003,9.420654,1,,1,1,1,1,QUINUA,2111,1,0,250,0,0,1,0,0,0,0, 
2024,21,PUNO,02,AZANGARO,14,SANTIAGO DE PUPUJA,11293,01,01,1,2,210241003,9.420654,1,,1,1,1,2,CAÑIHUA,2103,1,0,250,0,0,1,0,0,0,0, 
2024,21,PUNO,02,AZANGARO,14,SANTIAGO DE PUPUJA,11296,01,01,1,2,210241003,107.3855,1,,1,1,2,1,QUINUA,2111,1,0,020,0,0,1,1,0,0,0, 
2024,21,PUNO,02,AZANGARO,14,SANTIAGO DE PUPUJA,11297,02,02,1,2,210241003,24.44346,1,,1,1,2,1,ALFALFA,1401,3,1,000,0,0,0,1,0,0,0, 
2024,21,PUNO,02,AZANGARO,11,SAN ANTON,11302,01,01,1,2,210254003,27.53117,1,,1,1,2,1,OCA,2608,1,0,050,0,0,0,1,0,0,0, 
2024,21,PUNO,02,AZANGARO,10,SAMAN,11303,01,01,1,2,210241003,3.953202,1,,1,1,7,1,HABA,2942,1,0,030,0,0,0,1,1,0,0, 
2024,21,PUNO,02,AZANGARO,10,SAMAN,11303,04,04,1,2,210241003,6.731397,1,,1,1,9,1,QUINUA,2111,1,0,100,0,0,1,1,1,0,0, 
2024,21,PUNO,02,AZANGARO,10,SAMAN,11304,03,03,1,2,210241003,77.03745,1,,1,1,4,1,PAPA NATIVA,2615,1,0,100,0,0,1,0,0,0,0, 
2024,21,PUNO,02,AZANGARO,10,SAMAN,11304,03,03,1,2,210241003,77.03745,1,,1,1,4,2,QUINUA,2111,1,0,150,0,0,1,0,0,0,0, 
2024,21,PUNO,02,AZANGARO,10,SAMAN,11304,05,05,1,2,210241003,24.19828,1,,1,1,6,1,QUINUA,2111,1,0,100,0,0,1,0,0,0,0, 
2024,21,PUNO,02,AZANGARO,10,SAMAN,11305,02,02,1,2,210241003,4.4551,1,,1,1,6,1,PAPA NATIVA,2615,1,0,020,0,0,1,1,1,0,0, 
2024,21,PUNO,02,AZANGARO,10,SAMAN,11305,02,02,1,2,210241003,4.4551,1,,1,1,7,1,QUINUA,2111,1,0,020,0,0,1,1,1,0,1, 
2024,21,PUNO,02,AZANGARO,10,SAMAN,11306,01,01,1,2,210244003,2.238231,1,,1,1,2,1,QUINUA,2111,1,0,100,0,0,1,1,1,1,0, 
2024,21,PUNO,02,AZANGARO,10,SAMAN,11307,05,05,1,2,210241003,8.176926,1,,1,1,2,1,QUINUA,2111,1,0,100,0,0,1,1,0,1,0, 
2024,21,PUNO,02,AZANGARO,10,SAMAN,11307,06,06,1,2,210241003,.357412,1,,1,1,2,1,QUINUA,2111,1,0,050,0,0,1,0,0,1,0, 
2024,21,PUNO,02,AZANGARO,10,SAMAN,11309,03,03,1,2,210241003,25.40789,1,,1,1,4,1,CEBADA GRANO,2104,1,0,100,0,0,0,1,1,0,0, 
2024,21,PUNO,02,AZANGARO,10,SAMAN,11309,04,04,1,2,210241003,4.624032,1,,1,1,7,1,HABA,2942,1,0,020,0,0,0,1,0,0,0, 
2024,21,PUNO,02,AZANGARO,10,SAMAN,11309,04,04,1,2,210241003,4.624032,1,,1,1,7,2,ARVEJA,2901,1,0,020,0,0,0,1,0,0,0, 
2024,21,PUNO,02,AZANGARO,10,SAMAN,11309,04,04,1,2,210241003,4.624032,1,,1,1,7,3,OCA,2608,1,0,020,0,0,0,1,0,0,0, 
2024,21,PUNO,02,AZANGARO,10,SAMAN,11309,05,05,1,2,210241003,55.00667,1,,1,1,1,1,CEBADA GRANO,2104,1,0,090,0,0,0,1,0,0,0, 
2024,21,PUNO,02,AZANGARO,10,SAMAN,11309,06,06,1,2,210241003,2.810055,1,,1,1,4,1,QUINUA,2111,1,0,050,0,0,0,1,0,1,0, 
2024,21,PUNO,02,AZANGARO,10,SAMAN,11310,03,03,1,2,210241002,29.98892,1,,1,1,8,1,PAPA NATIVA,2615,1,1,000,0,1,0,0,0,0,0, 
2024,21,PUNO,02,AZANGARO,10,SAMAN,11310,03,03,1,2,210241002,29.98892,1,,1,1,7,1,QUINUA,2111,1,1,000,0,1,0,0,0,0,0, 
2024,21,PUNO,02,AZANGARO,10,SAMAN,11310,05,05,1,2,210241002,.8983355,1,,1,1,7,1,PAPA NATIVA,2615,1,0,500,0,0,1,0,0,0,0, 
2024,21,PUNO,02,AZANGARO,10,SAMAN,11310,07,07,1,2,210241002,8.23809,1,,1,1,2,1,QUINUA,2111,1,0,155,0,0,1,0,0,0,0, 
2024,21,PUNO,02,AZANGARO,10,SAMAN,11310,08,08,1,2,210241002,3.81214,1,,1,1,4,1,PAPA NATIVA,2615,1,0,250,0,1,0,0,0,0,0, 
2024,21,PUNO,02,AZANGARO,10,SAMAN,11310,08,08,1,2,210241002,3.81214,1,,1,1,4,2,CEBADA GRANO,2104,1,0,250,0,1,0,0,0,0,0, 
2024,21,PUNO,02,AZANGARO,10,SAMAN,11312,01,01,1,2,210241002,56.40956,1,,1,1,7,1,PAPA NATIVA,2615,1,0,250,0,0,0,1,0,0,0, 
2024,21,PUNO,02,AZANGARO,10,SAMAN,11312,01,01,1,2,210241002,56.40956,1,,1,1,6,1,PAPA NATIVA,2615,1,0,250,0,0,0,1,0,0,0, 
2024,21,PUNO,02,AZANGARO,10,SAMAN,11312,04,04,1,2,210241002,.3952283,1,,1,0,3,1,PAPA NATIVA,2615,1,0,500,0,0,1,1,0,0,0, 
2024,21,PUNO,02,AZANGARO,07,JOSE DOMINGO CHOQUEHUANCA,11314,01,01,1,2,210241003,336.4764,1,,1,1,1,1,QUINUA,2111,1,0,150,0,0,1,1,1,0,0, 
2024,21,PUNO,02,AZANGARO,07,JOSE DOMINGO CHOQUEHUANCA,11314,01,01,1,2,210241003,336.4764,1,,1,1,1,2,CAÑIHUA,2103,1,0,185,0,0,1,1,1,0,0, 
2024,21,PUNO,02,AZANGARO,06,CHUPA,11315,03,03,1,2,210241003,2.457227,1,,1,1,2,1,QUINUA,2111,1,0,003,0,1,0,0,0,0,0, 
2024,21,PUNO,02,AZANGARO,06,CHUPA,11315,04,04,1,2,210241003,11.86233,1,,1,1,4,1,CEBADA GRANO,2104,1,0,002,0,0,0,1,0,0,0, 
2024,21,PUNO,02,AZANGARO,06,CHUPA,11315,05,05,1,2,210241003,.7491584,1,,1,1,7,1,HABA,2942,1,0,010,0,0,0,1,1,0,0, 
2024,21,PUNO,02,AZANGARO,06,CHUPA,11315,05,05,1,2,210241003,.7491584,1,,1,1,4,1,HABA,2942,1,0,010,0,0,0,1,0,0,0, 
2024,21,PUNO,02,AZANGARO,06,CHUPA,11316,01,01,1,2,210241003,1.679477,1,,1,1,3,1,CAÑIHUA,2103,1,0,050,0,0,0,1,1,0,0, 
2024,21,PUNO,02,AZANGARO,06,CHUPA,11316,01,01,1,2,210241003,1.679477,1,,1,1,3,2,AVENA GRANO,2102,1,0,050,0,0,0,1,1,0,0, 
2024,21,PUNO,02,AZANGARO,06,CHUPA,11316,05,05,1,2,210241003,1.212584,1,,1,1,2,1,HABA,2942,1,0,060,0,0,0,1,1,0,0, 
2024,21,PUNO,02,AZANGARO,06,CHUPA,11319,03,03,1,2,210241003,96.44649,1,,1,1,1,1,CEBADA GRANO,2104,1,0,031,0,0,1,1,1,1,0, 
2024,21,PUNO,02,AZANGARO,06,CHUPA,11319,03,03,1,2,210241003,96.44649,1,,1,1,5,1,CAÑIHUA,2103,1,0,100,0,0,1,1,1,0,0, 
2024,21,PUNO,02,AZANGARO,06,CHUPA,11319,03,03,1,2,210241003,96.44649,1,,1,1,1,2,HABA,2942,1,0,035,0,0,1,1,1,1,0, 
2024,21,PUNO,02,AZANGARO,06,CHUPA,11319,03,03,1,2,210241003,96.44649,1,,1,1,1,3,ARVEJA,2901,1,0,030,0,0,1,1,1,1,0, 
2024,21,PUNO,02,AZANGARO,06,CHUPA,11320,02,02,1,2,210241003,6.511171,1,,1,1,1,1,QUINUA,2111,1,0,045,0,0,1,0,1,0,0, 
2024,21,PUNO,02,AZANGARO,06,CHUPA,11320,02,02,1,2,210241003,6.511171,1,,1,1,1,2,CAÑIHUA,2103,1,0,076,0,0,1,0,1,0,0, 
2024,21,PUNO,02,AZANGARO,06,CHUPA,11322,08,08,1,2,210241002,13.81508,1,,1,1,1,1,CEBADA GRANO,2104,1,0,026,0,0,0,1,1,0,0, 
2024,21,PUNO,02,AZANGARO,05,CAMINACA,11324,01,01,1,2,210241002,330.0599,1,,1,1,2,1,QUINUA,2111,1,0,500,0,0,1,0,0,1,1, 
2024,21,PUNO,02,AZANGARO,05,CAMINACA,11324,01,01,1,2,210241002,330.0599,1,,1,1,3,1,QUINUA,2111,1,0,100,0,1,0,1,0,0,0, 
2024,21,PUNO,02,AZANGARO,05,CAMINACA,11324,01,01,1,2,210241002,330.0599,1,,1,1,3,2,HABA,2942,1,0,050,0,1,0,1,0,0,0, 
2024,21,PUNO,02,AZANGARO,05,CAMINACA,11324,01,01,1,2,210241002,330.0599,1,,1,1,3,3,AVENA FORRAJERA,2701,1,0,100,0,1,0,1,0,0,0, 
2024,21,PUNO,02,AZANGARO,05,CAMINACA,11325,01,01,1,2,210241003,23.95677,1,,1,1,2,1,CAÑIHUA,2103,1,0,500,0,0,0,1,1,0,0, 
2024,21,PUNO,02,AZANGARO,05,CAMINACA,11325,01,01,1,2,210241003,23.95677,1,,1,1,3,1,QUINUA,2111,1,1,000,0,0,1,1,1,0,0, 
2024,21,PUNO,02,AZANGARO,05,CAMINACA,11328,01,01,1,2,210241002,62.20424,1,,1,1,12,1,CAÑIHUA,2103,1,0,095,0,0,0,0,0,1,0, 
2024,21,PUNO,02,AZANGARO,05,CAMINACA,11328,01,01,1,2,210241002,62.20424,1,,1,1,7,1,QUINUA,2111,1,0,100,0,0,1,0,0,0,0, 
2024,21,PUNO,02,AZANGARO,05,CAMINACA,11328,02,02,1,2,210241002,6.330512,1,,1,1,6,1,PAPA NATIVA,2615,1,0,100,0,0,0,1,1,0,0, 
2024,21,PUNO,02,AZANGARO,05,CAMINACA,11328,02,02,1,2,210241002,6.330512,1,,1,1,7,1,ARVEJA,2901,1,0,100,0,0,1,1,1,0,0, 
2024,21,PUNO,02,AZANGARO,05,CAMINACA,11328,02,02,1,2,210241002,6.330512,1,,1,1,5,1,QUINUA,2111,1,0,100,0,0,1,1,0,0,0, 
2024,21,PUNO,02,AZANGARO,05,CAMINACA,11329,02,02,1,2,210242003,9.697476,1,,1,1,4,1,ALFALFA,1401,3,1,500,0,0,0,0,0,1,0, 
2024,21,PUNO,02,AZANGARO,05,CAMINACA,11329,03,03,1,2,210242003,3.030777,1,,1,1,8,1,CAÑIHUA,2103,1,0,250,0,0,1,0,0,0,0, 
2024,21,PUNO,02,AZANGARO,05,CAMINACA,11329,03,03,1,2,210242003,3.030777,1,,1,1,4,1,CAÑIHUA,2103,1,0,500,0,0,1,0,0,0,0, 
2024,21,PUNO,02,AZANGARO,05,CAMINACA,11330,03,03,1,2,210241003,13.13552,1,,1,1,1,1,CEBADA GRANO,2104,1,0,100,0,0,0,1,0,0,0, 
2024,21,PUNO,02,AZANGARO,05,CAMINACA,11330,03,03,1,2,210241003,13.13552,1,,1,1,2,1,QUINUA,2111,1,0,750,0,0,1,0,0,0,0, 
2024,21,PUNO,02,AZANGARO,05,CAMINACA,11330,03,03,1,2,210241003,13.13552,1,,1,1,2,2,CEBADA GRANO,2104,1,0,250,0,0,0,1,0,0,0, 
2024,21,PUNO,02,AZANGARO,05,CAMINACA,11330,04,04,1,2,210241003,49.84864,1,,1,1,1,1,QUINUA,2111,1,0,080,0,0,1,0,0,0,0, 
2024,21,PUNO,02,AZANGARO,04,ASILLO,11331,14,14,1,2,210241003,2.791281,1,,1,1,6,1,HABA,2942,1,0,050,0,0,1,1,1,1,0, 
2024,21,PUNO,02,AZANGARO,04,ASILLO,11331,15,15,1,2,210241003,.1295377,1,,1,1,7,1,QUINUA,2111,1,0,100,0,0,0,1,1,0,0, 
2024,21,PUNO,02,AZANGARO,04,ASILLO,11331,15,15,1,2,210241003,.1295377,1,,1,1,7,2,CAÑIHUA,2103,1,0,100,0,0,0,1,1,0,0, 
2024,21,PUNO,02,AZANGARO,04,ASILLO,11336,02,02,1,2,210241002,6.634319,1,,1,1,3,1,PAPA NATIVA,2615,1,0,100,0,1,0,0,0,0,0, 
2024,21,PUNO,02,AZANGARO,03,ARAPA,11342,03,03,1,2,210241002,14.12421,1,,1,1,4,1,QUINUA,2111,1,0,007,0,0,1,0,0,0,0, 
2024,21,PUNO,02,AZANGARO,03,ARAPA,11344,01,01,1,2,210241003,76.829,1,,1,1,2,1,CAÑIHUA,2103,1,0,250,0,1,0,1,1,0,0, 
2024,21,PUNO,02,AZANGARO,03,ARAPA,11344,05,05,1,2,210241003,32.66985,1,,1,1,4,1,QUINUA,2111,1,0,250,0,0,0,1,0,0,0, 
2024,21,PUNO,02,AZANGARO,03,ARAPA,11345,04,04,1,2,210241003,24.39886,1,,1,0,1,1,CEBADA GRANO,2104,1,0,010,0,0,1,1,1,0,0, 
2024,21,PUNO,02,AZANGARO,03,ARAPA,11346,01,01,1,2,210241003,220.1488,1,,1,1,1,1,QUINUA,2111,1,0,020,0,0,1,0,1,0,0, 
2024,21,PUNO,02,AZANGARO,02,ACHAYA,11349,01,01,1,2,210241002,278.9549,1,,1,1,2,1,PAPA NATIVA,2615,1,0,200,0,0,1,0,0,0,0, 
2024,21,PUNO,02,AZANGARO,02,ACHAYA,11349,04,04,1,2,210241002,42.21196,1,,1,0,3,1,PAPA NATIVA,2615,1,0,020,0,0,1,0,0,0,0, 
2024,21,PUNO,02,AZANGARO,02,ACHAYA,11350,01,01,1,2,210241003,1.754883,1,,1,1,3,1,QUINUA,2111,1,0,250,0,0,1,0,0,0,0, 
2024,21,PUNO,02,AZANGARO,02,ACHAYA,11350,01,01,1,2,210241003,1.754883,1,,1,1,4,1,CAÑIHUA,2103,1,0,250,0,0,1,0,0,0,0, 
2024,21,PUNO,02,AZANGARO,02,ACHAYA,11350,04,04,1,2,210241003,29.39936,1,,1,1,4,1,QUINUA,2111,1,0,500,0,0,1,0,0,0,0, 
2024,21,PUNO,02,AZANGARO,02,ACHAYA,11350,07,07,1,2,210241003,9.493562,1,,1,1,2,1,QUINUA,2111,1,0,500,0,0,1,0,0,0,0, 
2024,21,PUNO,02,AZANGARO,02,ACHAYA,11350,07,07,1,2,210241003,9.493562,1,,1,1,3,1,PAPA AMARILLA,2611,1,0,500,0,0,1,0,0,0,0, 
2024,21,PUNO,02,AZANGARO,01,AZANGARO,11351,01,01,1,2,210242003,2.332511,1,,1,1,3,1,QUINUA,2111,1,0,125,0,0,1,0,1,0,0, 
2024,21,PUNO,02,AZANGARO,01,AZANGARO,11351,01,01,1,2,210242003,2.332511,1,,1,1,4,1,QUINUA,2111,1,0,400,0,1,1,0,1,0,0, 
2024,21,PUNO,02,AZANGARO,01,AZANGARO,11352,01,01,1,2,210242003,142.6563,1,,1,1,3,1,PAPA AMARGA,2610,1,0,032,0,1,1,1,1,0,0, 
2024,21,PUNO,02,AZANGARO,01,AZANGARO,11353,01,01,1,2,210243004,1.934926,1,,1,1,1,1,HABA,2942,1,0,040,0,0,0,1,0,0,0, 
2024,21,PUNO,02,AZANGARO,01,AZANGARO,11353,01,01,1,2,210243004,1.934926,1,,1,1,1,2,QUINUA,2111,1,0,100,0,0,1,0,0,0,0, 
2024,21,PUNO,02,AZANGARO,01,AZANGARO,11353,02,02,1,2,210243004,.0758548,1,,1,1,1,1,QUINUA,2111,1,0,200,0,0,1,0,0,0,0, 
2024,21,PUNO,02,AZANGARO,01,AZANGARO,11358,01,01,1,2,210242003,17.2329,1,,1,1,6,1,QUINUA,2111,1,0,084,0,1,1,1,1,0,0, 
2024,21,PUNO,02,AZANGARO,01,AZANGARO,11358,01,01,1,2,210242003,17.2329,1,,1,1,6,2,CAÑIHUA,2103,1,0,083,0,1,1,1,1,0,0, 
2024,21,PUNO,02,AZANGARO,01,AZANGARO,11358,02,02,1,2,210242003,.5079023,1,,1,1,3,1,QUINUA,2111,1,0,500,0,1,1,0,1,0,0, 
2024,21,PUNO,02,AZANGARO,01,AZANGARO,11358,02,02,1,2,210242003,.5079023,1,,1,1,4,1,QUINUA,2111,1,0,500,0,1,1,0,1,0,0, 
2024,21,PUNO,02,AZANGARO,01,AZANGARO,11358,02,02,1,2,210242003,.5079023,1,,1,1,3,2,CAÑIHUA,2103,1,0,250,0,1,1,0,1,0,0, 
2024,21,PUNO,02,AZANGARO,01,AZANGARO,11358,09,09,1,2,210242003,28.99123,1,,1,1,2,1,CAÑIHUA,2103,1,0,400,0,1,1,1,1,0,0, 
2024,21,PUNO,02,AZANGARO,01,AZANGARO,11358,11,11,1,2,210242003,.8692695,1,,1,1,3,1,CAÑIHUA,2103,1,0,050,0,0,0,1,1,0,0, 
2024,21,PUNO,02,AZANGARO,01,AZANGARO,11358,12,12,1,2,210242003,7.019742,1,,1,1,3,1,QUINUA,2111,1,0,040,0,0,1,0,1,1,0, 
2024,21,PUNO,01,PUNO,15,VILQUE,11363,01,01,1,2,210143004,9.233888,1,,1,1,1,1,QUINUA,2111,1,0,500,0,0,0,1,1,1,0, 
2024,21,PUNO,01,PUNO,15,VILQUE,11364,05,05,1,2,210143002,19.95831,1,,1,1,3,1,AVENA FORRAJERA,2701,1,0,200,0,1,0,1,0,0,0, 
2024,21,PUNO,01,PUNO,11,PICHACANI,11372,01,01,1,2,210153004,1.755497,1,,1,1,1,1,CAÑIHUA,2103,1,0,500,0,0,0,1,1,0,0, 
2024,21,PUNO,01,PUNO,11,PICHACANI,11373,07,07,1,2,210142003,341.4677,1,,1,1,1,1,QUINUA,2111,1,0,620,0,0,1,0,1,1,0, 
2024,21,PUNO,01,PUNO,11,PICHACANI,11373,12,12,1,2,210142003,3.08294,1,,1,1,1,1,QUINUA,2111,1,0,050,0,0,1,0,0,1,0, 
2024,21,PUNO,01,PUNO,10,PAUCARCOLLA,11375,02,02,1,2,210142003,3.229652,1,,1,1,3,1,CEBADA GRANO,2104,1,0,010,0,1,0,0,1,0,0, 
2024,21,PUNO,01,PUNO,10,PAUCARCOLLA,11375,03,03,1,2,210142003,24.61677,1,,1,1,3,1,QUINUA,2111,1,0,350,0,0,1,1,0,0,0, 
2024,21,PUNO,01,PUNO,10,PAUCARCOLLA,11375,03,03,1,2,210142003,24.61677,1,,1,1,2,1,CEBADA GRANO,2104,1,0,030,0,0,0,1,0,0,0, 
2024,21,PUNO,01,PUNO,10,PAUCARCOLLA,11375,04,04,1,2,210142003,11.63675,1,,1,1,7,1,CAÑIHUA,2103,1,0,200,0,0,1,1,0,0,0, 
2024,21,PUNO,01,PUNO,10,PAUCARCOLLA,11375,04,04,1,2,210142003,11.63675,1,,1,1,3,1,QUINUA,2111,1,0,060,0,0,1,1,0,0,0, 
2024,21,PUNO,01,PUNO,10,PAUCARCOLLA,11375,04,04,1,2,210142003,11.63675,1,,1,1,6,1,CEBADA GRANO,2104,1,0,100,0,0,0,1,0,0,1, 
2024,21,PUNO,01,PUNO,10,PAUCARCOLLA,11375,05,05,1,2,210142003,118.3663,1,,1,1,7,1,QUINUA,2111,1,0,200,0,0,1,1,0,0,0, 
2024,21,PUNO,01,PUNO,10,PAUCARCOLLA,11375,05,05,1,2,210142003,118.3663,1,,1,1,1,1,PAPA NATIVA,2615,1,0,050,0,0,1,1,0,0,0, 
2024,21,PUNO,01,PUNO,10,PAUCARCOLLA,11375,05,05,1,2,210142003,118.3663,1,,1,1,1,2,QUINUA,2111,1,0,050,0,0,1,1,0,0,0, 
2024,21,PUNO,01,PUNO,10,PAUCARCOLLA,11375,06,06,1,2,210142003,85.58889,1,,1,1,6,1,AVENA FORRAJERA,2701,1,0,040,0,1,0,1,0,0,0, 
2024,21,PUNO,01,PUNO,10,PAUCARCOLLA,11376,01,01,1,2,210142003,31.3196,1,,1,1,1,1,QUINUA,2111,1,0,038,0,0,1,0,0,0,0, 
2024,21,PUNO,01,PUNO,10,PAUCARCOLLA,11376,01,01,1,2,210142003,31.3196,1,,1,1,1,2,HABA,2942,1,0,020,0,0,0,1,0,0,0, 
2024,21,PUNO,01,PUNO,10,PAUCARCOLLA,11376,02,02,1,2,210142003,1.656231,1,,1,1,5,1,QUINUA,2111,1,0,015,0,0,1,0,0,0,0, 
2024,21,PUNO,01,PUNO,10,PAUCARCOLLA,11376,02,02,1,2,210142003,1.656231,1,,1,1,5,2,CAÑIHUA,2103,1,0,015,0,0,1,0,0,0,0, 
2024,21,PUNO,01,PUNO,10,PAUCARCOLLA,11378,01,01,1,2,210143003,199.0206,1,,1,1,3,1,QUINUA,2111,1,0,085,0,0,1,1,0,0,0, 
2024,21,PUNO,01,PUNO,10,PAUCARCOLLA,11378,01,01,1,2,210143003,199.0206,1,,1,1,3,2,CAÑIHUA,2103,1,0,070,0,0,1,1,0,0,0, 
2024,21,PUNO,01,PUNO,10,PAUCARCOLLA,11378,02,02,1,2,210143003,111.9482,1,,1,1,3,1,QUINUA,2111,1,0,035,0,0,1,0,0,0,0, 
2024,21,PUNO,01,PUNO,09,MAÑAZO,11379,01,01,1,2,210152002,2.010417,1,,1,1,2,1,QUINUA,2111,1,0,030,0,0,1,0,0,0,0, 
2024,21,PUNO,01,PUNO,09,MAÑAZO,11379,01,01,1,2,210152002,2.010417,1,,1,1,3,1,QUINUA,2111,1,0,250,0,0,1,0,0,0,0, 
2024,21,PUNO,01,PUNO,09,MAÑAZO,11379,01,01,1,2,210152002,2.010417,1,,1,1,3,2,PAPA NATIVA,2615,1,0,250,0,0,0,1,0,0,0, 
2024,21,PUNO,01,PUNO,09,MAÑAZO,11379,02,02,1,2,210152002,2.690679,1,,1,1,2,1,QUINUA,2111,1,0,075,0,0,1,0,0,0,0, 
2024,21,PUNO,01,PUNO,08,HUATA,11383,01,01,1,2,210142002,81.07388,1,,1,1,1,1,AVENA FORRAJERA,2701,1,0,270,0,0,0,1,0,1,0, 
2024,21,PUNO,01,PUNO,08,HUATA,11383,01,01,1,2,210142002,81.07388,1,,1,1,2,1,PAPA NATIVA,2615,1,0,050,0,0,1,1,0,1,0, 
2024,21,PUNO,01,PUNO,08,HUATA,11383,02,02,1,2,210142002,4.207506,1,,1,1,1,1,AVENA FORRAJERA,2701,1,0,250,0,0,0,1,0,1,0, 
2024,21,PUNO,01,PUNO,07,COATA,11388,02,02,1,2,210141003,29.37418,1,,1,1,6,1,AVENA FORRAJERA,2701,1,0,300,0,1,1,0,0,0,0, 
2024,21,PUNO,01,PUNO,07,COATA,11388,02,02,1,2,210141003,29.37418,1,,1,1,5,1,AVENA GRANO,2102,1,0,025,0,1,1,0,0,0,0, 
2024,21,PUNO,01,PUNO,07,COATA,11388,02,02,1,2,210141003,29.37418,1,,1,1,5,2,CEBADA GRANO,2104,1,0,020,0,1,1,0,0,0,0, 
2024,21,PUNO,01,PUNO,07,COATA,11388,07,07,1,2,210141003,1.529118,1,,1,1,11,1,QUINUA,2111,1,0,006,0,0,0,1,0,1,0, 
2024,21,PUNO,01,PUNO,07,COATA,11388,07,07,1,2,210141003,1.529118,1,,1,1,12,1,PAPA NATIVA,2615,1,0,012,0,0,1,1,0,0,0, 
2024,21,PUNO,01,PUNO,06,CHUCUITO,11390,02,02,1,2,210141003,22.0438,1,,1,1,4,1,HABA FORRAJERA,2712,1,200,000,0,0,1,1,0,0,0, 
2024,21,PUNO,01,PUNO,06,CHUCUITO,11390,07,07,1,2,210141003,15.08315,1,,1,0,3,1,QUINUA,2111,1,20,000,0,0,0,1,1,0,0, 
2024,21,PUNO,01,PUNO,06,CHUCUITO,11391,05,05,1,2,210143001,6.558661,1,,1,1,5,1,HABA,2942,1,300,000,0,0,0,0,0,1,0, 
2024,21,PUNO,01,PUNO,06,CHUCUITO,11392,04,04,1,2,210142003,5.412007,1,,1,1,4,1,HABA,2942,1,200,000,0,0,0,1,0,1,0, 
2024,21,PUNO,01,PUNO,06,CHUCUITO,11392,04,04,1,2,210142003,5.412007,1,,1,1,5,1,OCA,2608,1,225,000,0,0,0,1,0,1,0, 
2024,21,PUNO,01,PUNO,05,CAPACHICA,11393,06,06,1,2,210141001,142.0703,1,,1,1,6,1,QUINUA,2111,1,0,007,0,0,1,0,0,0,0, 
2024,21,PUNO,01,PUNO,04,ATUNCOLLA,11395,03,03,1,2,210143003,32.93797,1,,1,1,1,1,PAPA NATIVA,2615,1,0,030,0,0,1,0,0,0,0, 
2024,21,PUNO,01,PUNO,04,ATUNCOLLA,11397,01,01,1,2,210143003,338.4655,1,,1,1,2,1,PAPA NATIVA,2615,1,0,100,0,0,1,1,1,0,0, 
2024,21,PUNO,01,PUNO,04,ATUNCOLLA,11398,04,04,1,2,210142003,31.7426,1,,1,1,2,1,QUINUA,2111,1,0,050,0,0,1,0,0,0,0, 
2024,21,PUNO,01,PUNO,04,ATUNCOLLA,11398,04,04,1,2,210142003,31.7426,1,,1,1,2,2,CAÑIHUA,2103,1,0,050,0,0,1,1,0,0,0, 
2024,21,PUNO,01,PUNO,04,ATUNCOLLA,11400,01,01,1,2,210142003,512.1234,1,,1,1,2,1,CAÑIHUA,2103,1,1,000,0,0,1,1,0,0,0, 
2024,21,PUNO,01,PUNO,02,ACORA,11403,01,01,1,2,210141003,12.23472,1,,1,1,3,1,QUINUA,2111,1,0,020,0,0,1,0,0,0,0, 
2024,21,PUNO,01,PUNO,02,ACORA,11403,01,01,1,2,210141003,12.23472,1,,1,1,6,1,QUINUA,2111,1,0,030,0,0,1,0,0,0,0, 
2024,21,PUNO,01,PUNO,02,ACORA,11403,01,01,1,2,210141003,12.23472,1,,1,1,5,1,QUINUA,2111,1,0,030,0,0,1,0,0,0,0, 
2024,21,PUNO,01,PUNO,02,ACORA,11403,01,01,1,2,210141003,12.23472,1,,1,1,4,1,QUINUA,2111,1,0,020,0,0,1,0,0,0,0, 
2024,21,PUNO,01,PUNO,02,ACORA,11403,01,01,1,2,210141003,12.23472,1,,1,1,2,1,QUINUA,2111,1,0,020,0,0,1,0,0,0,0, 
2024,21,PUNO,01,PUNO,02,ACORA,11403,01,01,1,2,210141003,12.23472,1,,1,1,1,1,QUINUA,2111,1,0,020,0,0,1,0,0,0,0, 
2024,21,PUNO,01,PUNO,02,ACORA,11403,01,01,1,2,210141003,12.23472,1,,1,1,7,1,QUINUA,2111,1,0,030,0,0,1,0,0,0,0, 
2024,21,PUNO,01,PUNO,02,ACORA,11403,02,02,1,2,210141003,26.5242,1,,1,1,2,1,QUINUA,2111,1,0,030,0,0,1,0,0,0,0, 
2024,21,PUNO,01,PUNO,02,ACORA,11403,02,02,1,2,210141003,26.5242,1,,1,1,1,1,QUINUA,2111,1,0,030,0,0,1,0,0,0,0, 
2024,21,PUNO,01,PUNO,02,ACORA,11403,03,03,1,2,210141003,15.56277,1,,1,1,3,1,QUINUA,2111,1,0,030,0,0,1,0,0,0,0, 
2024,21,PUNO,01,PUNO,02,ACORA,11403,03,03,1,2,210141003,15.56277,1,,1,1,2,1,QUINUA,2111,1,0,030,0,0,1,0,0,0,0, 
2024,21,PUNO,01,PUNO,02,ACORA,11403,03,03,1,2,210141003,15.56277,1,,1,1,1,1,QUINUA,2111,1,0,020,0,0,1,0,0,0,0, 
2024,21,PUNO,01,PUNO,02,ACORA,11403,04,04,1,2,210141003,11.72648,1,,1,1,3,1,QUINUA,2111,1,0,020,0,0,1,0,0,0,0, 
2024,21,PUNO,01,PUNO,02,ACORA,11403,04,04,1,2,210141003,11.72648,1,,1,1,4,1,QUINUA,2111,1,0,020,0,0,1,0,0,0,0, 
2024,21,PUNO,01,PUNO,02,ACORA,11403,04,04,1,2,210141003,11.72648,1,,1,1,1,1,QUINUA,2111,1,0,020,0,0,1,0,0,0,0, 
2024,21,PUNO,01,PUNO,02,ACORA,11403,04,04,1,2,210141003,11.72648,1,,1,1,2,1,QUINUA,2111,1,0,040,0,0,1,0,0,0,0, 
2024,21,PUNO,01,PUNO,02,ACORA,11403,05,05,1,2,210141003,5.322265,1,,1,1,3,1,QUINUA,2111,1,0,100,0,0,1,0,0,0,0, 
2024,21,PUNO,01,PUNO,02,ACORA,11403,05,05,1,2,210141003,5.322265,1,,1,1,4,1,QUINUA,2111,1,0,100,0,0,1,0,0,0,0, 
2024,21,PUNO,01,PUNO,02,ACORA,11403,05,05,1,2,210141003,5.322265,1,,1,1,1,1,QUINUA,2111,1,0,020,0,0,1,0,0,0,0, 
2024,21,PUNO,01,PUNO,02,ACORA,11403,05,05,1,2,210141003,5.322265,1,,1,1,2,1,QUINUA,2111,1,0,100,0,0,1,0,0,0,0, 
2024,21,PUNO,01,PUNO,02,ACORA,11403,06,06,1,2,210141003,.3610585,1,,1,1,9,1,QUINUA,2111,1,0,020,0,0,1,0,0,0,0, 
2024,21,PUNO,01,PUNO,02,ACORA,11403,06,06,1,2,210141003,.3610585,1,,1,1,8,1,QUINUA,2111,1,0,020,0,0,1,0,0,0,0, 
2024,21,PUNO,01,PUNO,02,ACORA,11403,06,06,1,2,210141003,.3610585,1,,1,1,5,1,QUINUA,2111,1,0,030,0,0,1,0,0,0,0, 
2024,21,PUNO,01,PUNO,02,ACORA,11403,06,06,1,2,210141003,.3610585,1,,1,1,6,1,QUINUA,2111,1,0,020,0,0,1,0,0,0,0, 
2024,21,PUNO,01,PUNO,02,ACORA,11403,06,06,1,2,210141003,.3610585,1,,1,1,3,1,QUINUA,2111,1,0,030,0,0,1,0,0,0,0, 
2024,21,PUNO,01,PUNO,02,ACORA,11403,06,06,1,2,210141003,.3610585,1,,1,1,7,1,QUINUA,2111,1,0,020,0,0,1,0,0,0,0, 
2024,21,PUNO,01,PUNO,02,ACORA,11403,06,06,1,2,210141003,.3610585,1,,1,1,4,1,QUINUA,2111,1,0,030,0,0,1,0,0,0,0, 
2024,21,PUNO,01,PUNO,02,ACORA,11403,07,07,1,2,210141003,7.032178,1,,1,1,31,1,TARHUI,2947,1,0,250,0,0,0,1,1,0,0, 
2024,21,PUNO,01,PUNO,02,ACORA,11403,07,07,1,2,210141003,7.032178,1,,1,1,1,1,QUINUA,2111,1,0,030,0,0,1,0,0,0,0, 
2024,21,PUNO,01,PUNO,02,ACORA,11403,07,07,1,2,210141003,7.032178,1,,1,1,5,1,QUINUA,2111,1,0,030,0,0,1,0,0,0,0, 
2024,21,PUNO,01,PUNO,02,ACORA,11403,07,07,1,2,210141003,7.032178,1,,1,1,3,1,QUINUA,2111,1,0,030,0,0,1,0,0,0,0, 
2024,21,PUNO,01,PUNO,02,ACORA,11403,07,07,1,2,210141003,7.032178,1,,1,1,30,1,TARHUI,2947,1,0,250,0,0,0,1,1,0,0, 
2024,21,PUNO,01,PUNO,02,ACORA,11403,07,07,1,2,210141003,7.032178,1,,1,1,9,1,QUINUA,2111,1,0,040,0,0,1,0,0,0,0, 
2024,21,PUNO,01,PUNO,02,ACORA,11403,07,07,1,2,210141003,7.032178,1,,1,1,4,1,QUINUA,2111,1,0,030,0,0,1,0,0,0,0, 
2024,21,PUNO,01,PUNO,02,ACORA,11403,07,07,1,2,210141003,7.032178,1,,1,1,8,1,QUINUA,2111,1,0,040,0,0,1,0,0,0,0, 
2024,21,PUNO,01,PUNO,02,ACORA,11403,07,07,1,2,210141003,7.032178,1,,1,1,2,1,QUINUA,2111,1,0,030,0,0,1,0,0,0,0, 
2024,21,PUNO,01,PUNO,02,ACORA,11403,07,07,1,2,210141003,7.032178,1,,1,1,6,1,QUINUA,2111,1,0,030,0,0,1,0,0,0,0, 
2024,21,PUNO,01,PUNO,02,ACORA,11403,07,07,1,2,210141003,7.032178,1,,1,1,7,1,QUINUA,2111,1,0,040,0,0,1,0,0,0,0, 
2024,21,PUNO,01,PUNO,02,ACORA,11403,08,08,1,2,210141003,19.72801,1,,1,1,20,1,PAPA BLANCA,2612,1,0,030,0,0,1,0,0,0,0, 
2024,21,PUNO,01,PUNO,02,ACORA,11403,08,08,1,2,210141003,19.72801,1,,1,1,21,1,PAPA BLANCA,2612,1,0,030,0,0,1,0,0,0,0, 
2024,21,PUNO,01,PUNO,02,ACORA,11403,08,08,1,2,210141003,19.72801,1,,1,1,6,1,QUINUA,2111,1,0,030,0,0,1,0,0,0,0, 
2024,21,PUNO,01,PUNO,02,ACORA,11403,08,08,1,2,210141003,19.72801,1,,1,1,13,1,QUINUA,2111,1,0,030,0,0,1,0,0,0,0, 
2024,21,PUNO,01,PUNO,02,ACORA,11403,08,08,1,2,210141003,19.72801,1,,1,1,19,1,PAPA BLANCA,2612,1,0,030,0,0,1,0,0,0,0, 
2024,21,PUNO,01,PUNO,02,ACORA,11403,08,08,1,2,210141003,19.72801,1,,1,1,4,1,QUINUA,2111,1,0,030,0,0,1,0,0,0,0, 
2024,21,PUNO,01,PUNO,02,ACORA,11403,08,08,1,2,210141003,19.72801,1,,1,1,15,1,QUINUA,2111,1,0,030,0,0,1,0,0,0,0, 
2024,21,PUNO,01,PUNO,02,ACORA,11403,08,08,1,2,210141003,19.72801,1,,1,1,14,1,QUINUA,2111,1,0,030,0,0,1,0,0,0,0, 
2024,21,PUNO,01,PUNO,02,ACORA,11403,08,08,1,2,210141003,19.72801,1,,1,1,7,1,QUINUA,2111,1,0,040,0,0,1,0,0,0,0, 
2024,21,PUNO,01,PUNO,02,ACORA,11403,08,08,1,2,210141003,19.72801,1,,1,1,18,1,PAPA BLANCA,2612,1,0,030,0,0,1,0,0,0,0, 
2024,21,PUNO,01,PUNO,02,ACORA,11403,08,08,1,2,210141003,19.72801,1,,1,1,12,1,QUINUA,2111,1,0,020,0,0,1,0,0,0,0, 
2024,21,PUNO,01,PUNO,02,ACORA,11403,08,08,1,2,210141003,19.72801,1,,1,1,1,1,QUINUA,2111,1,0,030,0,0,1,0,0,0,0, 
2024,21,PUNO,01,PUNO,02,ACORA,11403,08,08,1,2,210141003,19.72801,1,,1,1,16,1,PAPA BLANCA,2612,1,0,030,0,0,1,0,0,0,0, 
2024,21,PUNO,01,PUNO,02,ACORA,11403,08,08,1,2,210141003,19.72801,1,,1,1,17,1,PAPA BLANCA,2612,1,0,030,0,0,1,0,0,0,0, 
2024,21,PUNO,01,PUNO,02,ACORA,11403,08,08,1,2,210141003,19.72801,1,,1,1,9,1,QUINUA,2111,1,0,040,0,0,1,0,0,0,0, 
2024,21,PUNO,01,PUNO,02,ACORA,11403,08,08,1,2,210141003,19.72801,1,,1,1,22,1,PAPA BLANCA,2612,1,0,030,0,0,1,0,0,0,0, 
2024,21,PUNO,01,PUNO,02,ACORA,11403,08,08,1,2,210141003,19.72801,1,,1,1,8,1,QUINUA,2111,1,0,040,0,0,1,0,0,0,0, 
2024,21,PUNO,01,PUNO,02,ACORA,11403,08,08,1,2,210141003,19.72801,1,,1,1,11,1,QUINUA,2111,1,0,020,0,0,1,0,0,0,0, 
2024,21,PUNO,01,PUNO,02,ACORA,11403,08,08,1,2,210141003,19.72801,1,,1,1,10,1,QUINUA,2111,1,0,020,0,0,1,0,0,0,0, 
2024,21,PUNO,01,PUNO,02,ACORA,11403,08,08,1,2,210141003,19.72801,1,,1,1,5,1,QUINUA,2111,1,0,030,0,0,1,0,0,0,0, 
2024,21,PUNO,01,PUNO,02,ACORA,11403,08,08,1,2,210141003,19.72801,1,,1,1,2,1,QUINUA,2111,1,0,030,0,0,1,0,0,0,0, 
2024,21,PUNO,01,PUNO,02,ACORA,11403,08,08,1,2,210141003,19.72801,1,,1,1,3,1,QUINUA,2111,1,0,030,0,0,1,0,0,0,0, 
2024,21,PUNO,01,PUNO,02,ACORA,11403,09,09,1,2,210141003,25.96232,1,,1,1,1,1,QUINUA,2111,1,0,030,0,0,1,0,0,0,0, 
2024,21,PUNO,01,PUNO,02,ACORA,11403,09,09,1,2,210141003,25.96232,1,,1,1,3,1,QUINUA,2111,1,0,050,0,0,1,0,0,0,0, 
2024,21,PUNO,01,PUNO,02,ACORA,11403,09,09,1,2,210141003,25.96232,1,,1,1,5,1,QUINUA,2111,1,0,030,0,0,1,0,0,0,0, 
2024,21,PUNO,01,PUNO,02,ACORA,11403,09,09,1,2,210141003,25.96232,1,,1,1,4,1,QUINUA,2111,1,0,030,0,0,1,0,0,0,0, 
2024,21,PUNO,01,PUNO,02,ACORA,11403,09,09,1,2,210141003,25.96232,1,,1,1,2,1,QUINUA,2111,1,0,050,0,0,1,0,0,0,0, 
2024,21,PUNO,01,PUNO,02,ACORA,11403,09,09,1,2,210141003,25.96232,1,,1,1,6,1,QUINUA,2111,1,0,030,0,0,1,0,0,0,0, 
2024,21,PUNO,01,PUNO,02,ACORA,11403,10,10,1,2,210141003,7.802766,1,,1,1,5,1,QUINUA,2111,1,0,020,0,0,1,0,0,0,0, 
2024,21,PUNO,01,PUNO,02,ACORA,11403,10,10,1,2,210141003,7.802766,1,,1,1,3,1,QUINUA,2111,1,0,040,0,0,1,0,0,0,0, 
2024,21,PUNO,01,PUNO,02,ACORA,11403,10,10,1,2,210141003,7.802766,1,,1,1,4,1,QUINUA,2111,1,0,020,0,0,1,0,0,0,0, 
2024,21,PUNO,01,PUNO,02,ACORA,11403,10,10,1,2,210141003,7.802766,1,,1,1,1,1,QUINUA,2111,1,0,020,0,0,1,0,0,0,0, 
2024,21,PUNO,01,PUNO,02,ACORA,11403,10,10,1,2,210141003,7.802766,1,,1,1,2,1,QUINUA,2111,1,0,050,0,0,1,0,0,0,0, 
2024,21,PUNO,01,PUNO,02,ACORA,11404,02,02,1,2,210152001,.0223062,1,,1,1,2,1,QUINUA,2111,1,0,090,0,0,1,0,0,0,0, 
2024,21,PUNO,01,PUNO,02,ACORA,11404,02,02,1,2,210152001,.0223062,1,,1,1,37,1,CAÑIHUA,2103,1,0,030,0,0,1,0,1,0,0, 
2024,21,PUNO,01,PUNO,02,ACORA,11404,02,02,1,2,210152001,.0223062,1,,1,1,35,1,CAÑIHUA,2103,1,0,030,0,0,1,0,1,0,0, 
2024,21,PUNO,01,PUNO,02,ACORA,11404,02,02,1,2,210152001,.0223062,1,,1,1,42,1,PAPA BLANCA,2612,1,0,020,0,0,1,0,0,0,0, 
2024,21,PUNO,01,PUNO,02,ACORA,11404,02,02,1,2,210152001,.0223062,1,,1,1,41,1,PAPA NATIVA,2615,1,0,020,0,0,1,0,0,0,0, 
2024,21,PUNO,01,PUNO,02,ACORA,11404,02,02,1,2,210152001,.0223062,1,,1,1,39,1,PAPA NATIVA,2615,1,0,040,0,0,1,0,0,0,0, 
2024,21,PUNO,01,PUNO,02,ACORA,11404,02,02,1,2,210152001,.0223062,1,,1,1,38,1,CAÑIHUA,2103,1,0,030,0,0,1,0,1,0,0, 
2024,21,PUNO,01,PUNO,02,ACORA,11404,02,02,1,2,210152001,.0223062,1,,1,1,36,1,CAÑIHUA,2103,1,0,030,0,0,1,0,1,0,0, 
2024,21,PUNO,01,PUNO,02,ACORA,11404,02,02,1,2,210152001,.0223062,1,,1,1,43,1,PAPA HUAYRO,2614,1,0,020,0,0,1,0,0,0,0, 
2024,21,PUNO,01,PUNO,02,ACORA,11404,02,02,1,2,210152001,.0223062,1,,1,1,40,1,PAPA BLANCA,2612,1,0,040,0,0,1,0,0,0,0, 
2024,21,PUNO,01,PUNO,02,ACORA,11404,03,03,1,2,210152001,.0028389,1,,1,1,37,1,CAÑIHUA,2103,1,0,030,0,0,1,0,1,0,0, 
2024,21,PUNO,01,PUNO,02,ACORA,11404,03,03,1,2,210152001,.0028389,1,,1,1,36,1,CAÑIHUA,2103,1,0,030,0,0,1,0,1,0,0, 
2024,21,PUNO,01,PUNO,02,ACORA,11404,03,03,1,2,210152001,.0028389,1,,1,1,35,1,CAÑIHUA,2103,1,0,030,0,0,1,0,1,0,0, 
2024,21,PUNO,01,PUNO,02,ACORA,11404,03,03,1,2,210152001,.0028389,1,,1,1,38,1,CAÑIHUA,2103,1,0,030,0,0,1,0,1,0,0, 
2024,21,PUNO,01,PUNO,02,ACORA,11404,03,03,1,2,210152001,.0028389,1,,1,1,2,1,QUINUA,2111,1,0,090,0,0,1,0,0,0,0, 
2024,21,PUNO,01,PUNO,02,ACORA,11404,03,03,1,2,210152001,.0028389,1,,1,1,2,2,CEBADA GRANO,2104,1,0,150,0,0,0,0,1,0,0, 
2024,21,PUNO,01,PUNO,02,ACORA,11405,11,11,1,2,210141003,1.842347,1,,1,1,3,1,QUINUA,2111,1,0,005,0,0,1,0,0,0,0, 
2024,21,PUNO,01,PUNO,02,ACORA,11406,05,05,1,2,210141003,4.429575,1,,1,1,62,1,QUINUA,2111,1,0,040,0,0,1,0,0,0,0, 
2024,21,PUNO,01,PUNO,02,ACORA,11406,05,05,1,2,210141003,4.429575,1,,1,1,61,1,QUINUA,2111,1,0,040,0,0,1,0,0,0,0, 
2024,21,PUNO,01,PUNO,02,ACORA,11406,05,05,1,2,210141003,4.429575,1,,1,1,63,1,QUINUA,2111,1,0,020,0,0,1,0,0,0,0, 
2024,21,PUNO,01,PUNO,02,ACORA,11407,01,01,1,2,210152003,1.87634,1,,1,1,11,1,CEBADA GRANO,2104,1,0,100,0,0,0,0,1,0,0, 
2024,21,PUNO,01,PUNO,02,ACORA,11407,01,01,1,2,210152003,1.87634,1,,1,1,12,1,CEBADA GRANO,2104,1,0,100,0,0,0,0,1,0,0, 
2024,21,PUNO,01,PUNO,02,ACORA,11407,02,02,1,2,210152003,15.76457,1,,1,1,7,1,CEBADA GRANO,2104,1,0,040,0,0,0,0,1,0,0, 
2024,21,PUNO,01,PUNO,02,ACORA,11407,02,02,1,2,210152003,15.76457,1,,1,1,4,1,CEBADA GRANO,2104,1,0,040,0,0,0,0,1,0,0, 
2024,21,PUNO,01,PUNO,02,ACORA,11407,02,02,1,2,210152003,15.76457,1,,1,1,6,1,CEBADA GRANO,2104,1,0,040,0,0,0,0,1,0,0, 
2024,21,PUNO,01,PUNO,02,ACORA,11407,02,02,1,2,210152003,15.76457,1,,1,1,5,1,CEBADA GRANO,2104,1,0,040,0,0,0,0,1,0,0, 
2024,21,PUNO,01,PUNO,02,ACORA,11407,03,03,1,2,210152003,24.06591,1,,1,1,10,1,CEBADA GRANO,2104,1,0,020,0,0,0,0,1,0,0, 
2024,21,PUNO,01,PUNO,02,ACORA,11407,03,03,1,2,210152003,24.06591,1,,1,1,9,1,CEBADA GRANO,2104,1,0,040,0,0,0,0,1,0,0, 
2024,21,PUNO,01,PUNO,02,ACORA,11407,03,03,1,2,210152003,24.06591,1,,1,1,7,1,CEBADA GRANO,2104,1,0,050,0,0,0,0,1,0,0, 
2024,21,PUNO,01,PUNO,02,ACORA,11407,03,03,1,2,210152003,24.06591,1,,1,1,8,1,CEBADA GRANO,2104,1,0,040,0,0,0,0,1,0,0, 
2024,21,PUNO,01,PUNO,02,ACORA,11407,03,03,1,2,210152003,24.06591,1,,1,1,11,1,CEBADA GRANO,2104,1,0,020,0,0,0,0,1,0,0, 
2024,21,PUNO,01,PUNO,02,ACORA,11407,03,03,1,2,210152003,24.06591,1,,1,1,6,1,CEBADA GRANO,2104,1,0,050,0,0,0,0,1,0,0, 
2024,21,PUNO,01,PUNO,02,ACORA,11407,04,04,1,2,210152003,49.31837,1,,1,1,4,1,CEBADA GRANO,2104,1,0,040,0,0,0,0,1,0,0, 
2024,21,PUNO,01,PUNO,02,ACORA,11407,05,05,1,2,210152003,16.75469,1,,1,1,10,1,CEBADA GRANO,2104,1,0,040,0,0,0,0,1,0,0, 
2024,21,PUNO,01,PUNO,02,ACORA,11407,05,05,1,2,210152003,16.75469,1,,1,1,13,1,CEBADA GRANO,2104,1,0,040,0,0,0,0,1,0,0, 
2024,21,PUNO,01,PUNO,02,ACORA,11407,05,05,1,2,210152003,16.75469,1,,1,1,12,1,CEBADA GRANO,2104,1,0,040,0,0,0,0,1,0,0, 
2024,21,PUNO,01,PUNO,02,ACORA,11407,05,05,1,2,210152003,16.75469,1,,1,1,11,1,CEBADA GRANO,2104,1,0,040,0,0,0,0,1,0,0, 
2024,21,PUNO,01,PUNO,02,ACORA,11407,05,05,1,2,210152003,16.75469,1,,1,1,14,1,CEBADA GRANO,2104,1,0,040,0,0,0,0,1,0,0, 
2024,21,PUNO,01,PUNO,02,ACORA,11410,04,04,1,2,210141003,67.27191,1,,1,1,12,1,CEBADA FORRAJERA,2703,1,200,000,0,1,0,1,0,0,0, 
2024,21,PUNO,01,PUNO,02,ACORA,11412,01,01,1,2,210141003,25.07133,1,,1,1,2,1,QUINUA,2111,1,0,050,0,0,1,0,0,0,0, 
2024,21,PUNO,01,PUNO,02,ACORA,11412,04,04,1,2,210141003,3.650575,1,,1,1,13,1,QUINUA,2111,1,0,050,0,0,1,0,0,0,0, 
2024,21,PUNO,01,PUNO,02,ACORA,11415,01,01,1,2,210141003,5.686617,1,,1,1,3,1,HABA,2942,1,0,050,0,0,1,1,0,0,0, 
2024,21,PUNO,01,PUNO,01,PUNO,11416,02,02,1,2,210142001,78.5363,1,,1,0,9,1,QUINUA,2111,1,300,000,0,0,1,1,0,0,0, 
2024,21,PUNO,01,PUNO,01,PUNO,11416,04,04,1,2,210142001,33.89303,1,,1,1,5,1,PAPA BLANCA,2612,1,800,000,0,0,0,1,0,1,0, 
2024,20,PIURA,08,SECHURA,05,VICE,11423,08,08,1,1,200811005,64.85909,1,,1,0,1,1,ARROZ CASCARA,2101,1,1,000,0,0,1,0,0,0,1, 
2024,20,PIURA,08,SECHURA,04,CRISTO NOS VALGA,11424,02,02,1,1,200812003,2.722682,1,,1,1,3,1,ALGODON,2803,1,5,000,0,0,1,0,0,0,0, 
2024,20,PIURA,08,SECHURA,04,CRISTO NOS VALGA,11424,02,02,1,1,200812003,2.722682,1,,1,1,2,1,ALGODON,2803,1,5,000,0,0,1,0,0,0,0, 
2024,20,PIURA,08,SECHURA,04,CRISTO NOS VALGA,11424,05,05,1,1,200812003,.4912892,1,,1,1,2,1,ALGODON,2803,1,0,250,0,0,1,0,0,0,0, 
2024,20,PIURA,08,SECHURA,04,CRISTO NOS VALGA,11424,06,06,1,1,200812003,.0018482,1,,1,1,2,1,ALGODON,2803,1,0,500,0,0,1,0,0,0,0, 
2024,20,PIURA,08,SECHURA,04,CRISTO NOS VALGA,11428,03,03,1,1,200812005,9.529359,1,,1,0,4,1,MAIZ AMARILLO DURO,2107,1,0,750,0,1,0,0,0,0,0, 
2024,20,PIURA,08,SECHURA,04,CRISTO NOS VALGA,11428,07,07,1,1,200812005,8.268047,1,,1,1,3,1,ALGODON,2803,1,1,000,0,0,1,0,0,0,0, 
2024,20,PIURA,08,SECHURA,04,CRISTO NOS VALGA,11428,07,07,1,1,200812005,8.268047,1,,1,1,1,1,ALGODON,2803,1,1,000,0,0,1,0,0,0,0, 
2024,20,PIURA,08,SECHURA,04,CRISTO NOS VALGA,11428,07,07,1,1,200812005,8.268047,1,,1,1,4,1,ALGODON,2803,1,1,000,0,0,1,0,0,0,0, 
2024,20,PIURA,08,SECHURA,03,BERNAL,11432,03,03,1,1,200811004,356.0133,1,,1,0,2,1,MAIZ AMARILLO DURO,2107,1,0,500,1,0,0,0,0,0,0, 
2024,20,PIURA,08,SECHURA,03,BERNAL,11432,03,03,1,1,200811004,356.0133,1,,1,0,1,1,MAIZ AMARILLO DURO,2107,1,0,500,1,0,0,0,0,0,0, 
2024,20,PIURA,08,SECHURA,03,BERNAL,11434,12,12,1,1,200811005,26.98007,1,,1,1,3,1,FRIJOL CAUPI,2911,1,0,750,0,0,1,0,0,0,0, 
2024,20,PIURA,08,SECHURA,03,BERNAL,11434,14,14,1,1,200811005,16.90926,1,,1,0,1,1,MAIZ AMARILLO DURO,2107,1,0,450,0,0,0,0,0,0,1, 
2024,20,PIURA,04,MORROPON,09,SANTO DOMINGO,11489,01,01,1,1,200421005,120.102,1,,1,1,1,1,MAIZ AMARILLO DURO,2107,1,0,100,1,0,0,0,0,0,0, 
2024,20,PIURA,04,MORROPON,09,SANTO DOMINGO,11489,01,01,1,1,200421005,120.102,1,,1,1,2,1,TRIGO,2113,1,0,250,0,1,1,0,0,0,0, 
2024,20,PIURA,04,MORROPON,06,SALITRAL,11496,01,01,1,1,200414005,106.2819,1,,1,1,1,1,PACAE,1159,2,0,020,0,0,1,0,0,0,0, 
2024,20,PIURA,04,MORROPON,06,SALITRAL,11498,01,01,1,1,200411005,56.9176,1,,1,0,1,1,MANGO,1147,2,0,069,0,0,1,0,0,1,0, 
2024,20,PIURA,04,MORROPON,06,SALITRAL,11498,01,01,1,1,200411005,56.9176,1,,1,0,1,2,NARANJO,1156,2,0,005,0,0,1,0,0,1,0, 
2024,20,PIURA,04,MORROPON,06,SALITRAL,11498,01,01,1,1,200411005,56.9176,1,,1,0,1,3,MAMEY,1145,2,0,005,0,0,1,0,0,1,0, 
2024,20,PIURA,04,MORROPON,06,SALITRAL,11498,01,01,1,1,200411005,56.9176,1,,1,0,1,4,PACAE,1159,2,0,003,0,0,1,0,0,1,0, 
2024,20,PIURA,04,MORROPON,06,SALITRAL,11498,01,01,1,1,200411005,56.9176,1,,1,0,1,5,TAPERIBA,1183,2,0,022,0,0,1,0,0,1,0, 
2024,20,PIURA,04,MORROPON,06,SALITRAL,11498,02,02,1,1,200411005,11.01771,1,,1,0,1,1,TAPERIBA,1183,2,0,020,0,0,1,0,0,1,0, 
2024,20,PIURA,04,MORROPON,06,SALITRAL,11498,02,02,1,1,200411005,11.01771,1,,1,0,1,2,MANGO,1147,2,0,115,0,0,1,0,0,1,0, 
2024,20,PIURA,04,MORROPON,04,LA MATANZA,11500,02,02,1,1,200412004,41.47889,1,,1,0,1,1,MAIZ AMARILLO DURO,2107,1,2,250,0,0,0,0,0,1,0, 
2024,20,PIURA,04,MORROPON,04,LA MATANZA,11500,03,03,1,1,200412004,393.9527,1,,1,1,1,1,MAIZ AMARILLO DURO,2107,1,1,700,0,0,0,0,0,1,0, 
2024,20,PIURA,04,MORROPON,04,LA MATANZA,11500,04,04,1,1,200412004,67.21136,1,,1,1,1,1,FRIJOL CAUPI,2911,1,2,500,0,0,0,0,0,1,0, 
2024,20,PIURA,04,MORROPON,04,LA MATANZA,11500,04,04,1,1,200412004,67.21136,1,,1,1,1,2,MAIZ AMARILLO DURO,2107,1,1,850,0,0,0,0,0,1,0, 
2024,20,PIURA,04,MORROPON,03,CHALACO,11511,03,03,1,1,200421005,144.7506,1,,1,1,6,1,PLATANO,1171,3,0,250,0,0,0,0,0,1,0, 
2024,20,PIURA,04,MORROPON,03,CHALACO,11511,06,06,1,1,200421005,88.76212,1,,1,1,3,1,PLATANO,1171,3,0,250,0,0,0,0,0,1,0, 
2024,20,PIURA,04,MORROPON,02,BUENOS AIRES,11512,09,09,1,1,200411004,39.88493,1,,1,0,2,1,PLATANO,1171,3,1,300,0,1,0,0,0,0,0, 
2024,20,PIURA,04,MORROPON,02,BUENOS AIRES,11513,08,08,1,1,200411004,33.15877,1,,1,0,2,1,ZAPALLO,2345,1,0,500,0,0,0,0,0,1,0, 
2024,20,PIURA,04,MORROPON,01,CHULUCANAS,11516,01,01,1,1,200411004,92.04928,1,,1,1,2,1,MAIZ AMARILLO DURO,2107,1,0,250,0,0,0,0,0,1,0, 
2024,20,PIURA,04,MORROPON,01,CHULUCANAS,11516,01,01,1,1,200411004,92.04928,1,,1,1,1,1,MAIZ AMARILLO DURO,2107,1,0,500,0,0,0,0,0,1,0, 
2024,20,PIURA,04,MORROPON,01,CHULUCANAS,11516,04,04,1,1,200411004,31.73993,1,,1,1,1,1,FRIJOL CAUPI,2911,1,0,250,0,0,0,0,0,1,0, 
2024,20,PIURA,04,MORROPON,01,CHULUCANAS,11516,06,06,1,1,200411004,100.3015,1,,1,1,2,1,FRIJOL CAUPI,2911,1,0,500,0,1,1,0,0,0,0, 
2024,20,PIURA,04,MORROPON,01,CHULUCANAS,11516,08,08,1,1,200411004,3.222309,1,,1,1,1,1,ZARANDAJA,2951,1,0,300,0,0,0,0,0,0,1, 
2024,20,PIURA,04,MORROPON,01,CHULUCANAS,11522,03,03,1,1,200412005,117.5472,1,,1,1,2,1,SANDIA,2209,1,0,500,0,0,1,0,0,0,0, 
2024,20,PIURA,04,MORROPON,01,CHULUCANAS,11522,03,03,1,1,200412005,117.5472,1,,1,1,2,2,ZARANDAJA,2951,1,0,250,0,0,1,0,0,0,0, 
2024,20,PIURA,04,MORROPON,01,CHULUCANAS,11523,01,01,1,1,200411004,29.45928,1,,1,1,1,1,MAIZ AMARILLO DURO,2107,1,2,000,0,0,1,0,0,1,0, 
2024,20,PIURA,04,MORROPON,01,CHULUCANAS,11523,06,06,1,1,200411004,84.97723,1,,1,0,1,1,MAIZ AMARILLO DURO,2107,1,0,200,0,0,1,0,0,1,0, 
2024,20,PIURA,03,HUANCABAMBA,08,SONDORILLO,11528,01,01,1,2,200321004,127.9824,1,,1,1,2,1,MAIZ AMARILLO DURO,2107,1,2,500,0,0,1,0,0,1,0, 
2024,20,PIURA,03,HUANCABAMBA,08,SONDORILLO,11528,01,01,1,2,200321004,127.9824,1,,1,1,3,1,MAIZ AMARILLO DURO,2107,1,2,500,0,0,1,0,0,1,0, 
2024,20,PIURA,03,HUANCABAMBA,06,SAN MIGUEL DE EL FAIQUE,11545,02,02,1,2,200332004,599.5646,1,,1,1,1,1,OLLUCO,2609,1,0,200,0,0,1,0,0,0,1, 
2024,20,PIURA,03,HUANCABAMBA,06,SAN MIGUEL DE EL FAIQUE,11545,02,02,1,2,200332004,599.5646,1,,1,1,1,2,ARVEJA,2901,1,0,100,0,0,1,0,0,0,1, 
2024,20,PIURA,03,HUANCABAMBA,06,SAN MIGUEL DE EL FAIQUE,11545,02,02,1,2,200332004,599.5646,1,,1,1,1,3,HABA,2942,1,0,300,0,0,1,0,0,0,1, 
2024,20,PIURA,03,HUANCABAMBA,06,SAN MIGUEL DE EL FAIQUE,11545,03,03,1,2,200332004,33.42296,1,,1,1,1,1,PAPA BLANCA,2612,1,0,300,0,0,1,0,0,0,1, 
2024,20,PIURA,03,HUANCABAMBA,04,HUARMACA,11550,03,03,1,2,200321004,135.901,1,,1,0,1,1,MAIZ AMILACEO,2108,1,0,700,0,0,1,0,0,0,0, 
2024,20,PIURA,03,HUANCABAMBA,04,HUARMACA,11550,03,03,1,2,200321004,135.901,1,,1,0,1,2,PAPA AMARILLA,2611,1,0,200,0,0,1,0,0,0,0, 
2024,20,PIURA,03,HUANCABAMBA,04,HUARMACA,11550,07,07,1,2,200321004,41.91177,1,,1,1,1,1,ARVEJA,2901,1,0,250,0,0,1,0,0,0,0, 
2024,20,PIURA,03,HUANCABAMBA,04,HUARMACA,11550,07,07,1,2,200321004,41.91177,1,,1,1,1,2,FRIJOL CANARIO,2910,1,0,250,0,0,1,0,0,0,0, 
2024,20,PIURA,03,HUANCABAMBA,04,HUARMACA,11553,01,01,1,1,200313005,27.31462,1,,1,1,1,1,MAIZ AMARILLO DURO,2107,1,1,000,0,1,0,0,0,0,0, 
2024,20,PIURA,03,HUANCABAMBA,04,HUARMACA,11557,03,03,1,2,200322004,7.728105,1,,1,1,4,1,MAIZ AMILACEO,2108,1,0,500,0,0,1,0,0,1,0, 
2024,20,PIURA,03,HUANCABAMBA,04,HUARMACA,11557,03,03,1,2,200322004,7.728105,1,,1,1,4,2,HABA,2942,1,0,500,0,0,1,0,0,1,0, 
2024,20,PIURA,03,HUANCABAMBA,04,HUARMACA,11557,15,15,1,2,200322004,63.90523,1,,1,1,5,1,MAIZ AMILACEO,2108,1,0,100,0,0,1,0,0,1,0, 
2024,20,PIURA,03,HUANCABAMBA,04,HUARMACA,11557,15,15,1,2,200322004,63.90523,1,,1,1,5,2,FRIJOL PINTO,2930,1,0,025,0,0,1,0,0,1,0, 
2024,20,PIURA,03,HUANCABAMBA,04,HUARMACA,11558,05,05,1,2,200321004,9.260411,1,,1,1,2,1,CAÑA DE AZUCAR PARA CHANCACA,2809,1,0,100,0,0,0,0,0,1,0, 
2024,20,PIURA,03,HUANCABAMBA,04,HUARMACA,11558,06,06,1,2,200321004,25.91192,1,,1,1,3,1,CAÑA DE AZUCAR PARA CHANCACA,2809,1,0,050,0,0,0,0,0,1,0, 
2024,20,PIURA,03,HUANCABAMBA,03,EL CARMEN DE LA FRONTERA,11578,02,02,1,2,200334004,405.9207,1,,1,1,3,1,OCA,2608,1,0,250,0,0,1,0,0,0,0, 
2024,20,PIURA,03,HUANCABAMBA,03,EL CARMEN DE LA FRONTERA,11584,04,04,1,3,200372005,22.29649,1,,1,1,1,1,CAFE PERGAMINO,1203,2,0,795,0,0,1,0,0,1,0, 
2024,20,PIURA,03,HUANCABAMBA,02,CANCHAQUE,11585,03,03,1,1,200312004,11.25218,1,,1,1,1,1,MAIZ CHOCLO,2109,1,1,000,0,1,0,0,0,0,0, 
2024,20,PIURA,03,HUANCABAMBA,01,HUANCABAMBA,11600,03,03,1,2,200331004,2.061033,1,,1,1,3,1,ARVEJA,2901,1,0,600,0,0,1,0,0,0,0, 
2024,20,PIURA,03,HUANCABAMBA,01,HUANCABAMBA,11600,04,04,1,2,200331004,588.7175,1,,1,1,4,1,OCA,2608,1,0,250,0,0,1,0,0,0,0, 
2024,20,PIURA,03,HUANCABAMBA,01,HUANCABAMBA,11600,04,04,1,2,200331004,588.7175,1,,1,1,3,1,ARVEJA,2901,1,0,500,0,0,1,0,0,0,0, 
2024,20,PIURA,02,AYABACA,08,SAPILLICA,11611,01,01,1,2,200222005,213.7222,1,,1,1,1,1,MAIZ AMARILLO DURO,2107,1,5,000,0,0,0,0,0,0,1, 
2024,20,PIURA,02,AYABACA,08,SAPILLICA,11611,01,01,1,2,200222005,213.7222,1,,1,1,1,2,FRIJOL CAUPI,2911,1,5,000,0,0,0,0,0,0,1, 
2024,20,PIURA,02,AYABACA,08,SAPILLICA,11611,01,01,1,2,200222005,213.7222,1,,1,1,1,3,FRIJOL CANARIO,2910,1,5,000,0,0,0,0,0,0,1, 
2024,20,PIURA,02,AYABACA,08,SAPILLICA,11611,02,02,1,2,200222005,303.4154,1,,1,1,1,1,MAIZ AMARILLO DURO,2107,1,6,000,0,0,0,0,0,0,1, 
2024,20,PIURA,02,AYABACA,08,SAPILLICA,11611,02,02,1,2,200222005,303.4154,1,,1,1,1,2,FRIJOL CABALLERO,2908,1,2,000,0,0,0,0,0,0,1, 
2024,20,PIURA,02,AYABACA,08,SAPILLICA,11611,02,02,1,2,200222005,303.4154,1,,1,1,1,3,FRIJOL CANARIO,2910,1,2,000,0,0,0,0,0,0,1, 
2024,20,PIURA,02,AYABACA,08,SAPILLICA,11611,02,02,1,2,200222005,303.4154,1,,1,1,1,4,FRIJOL PANAMITO,2929,1,1,000,0,0,0,0,0,0,1, 
2024,20,PIURA,02,AYABACA,08,SAPILLICA,11612,01,01,1,1,200221005,26.24045,1,,1,1,1,1,FRIJOL PANAMITO,2929,1,0,750,0,0,0,0,0,0,1, 
2024,20,PIURA,02,AYABACA,08,SAPILLICA,11612,01,01,1,1,200221005,26.24045,1,,1,1,4,1,TRIGO,2113,1,0,250,0,0,0,0,0,0,1, 
2024,20,PIURA,02,AYABACA,08,SAPILLICA,11612,01,01,1,1,200221005,26.24045,1,,1,1,2,1,ARVEJA,2901,1,0,500,0,0,0,0,0,0,1, 
2024,20,PIURA,02,AYABACA,08,SAPILLICA,11612,01,01,1,1,200221005,26.24045,1,,1,1,4,2,ARVEJA,2901,1,0,250,0,0,0,0,0,0,1, 
2024,20,PIURA,02,AYABACA,08,SAPILLICA,11612,01,01,1,1,200221005,26.24045,1,,1,1,2,2,FRIJOL CANARIO,2910,1,0,500,0,0,0,0,0,0,1, 
2024,20,PIURA,02,AYABACA,08,SAPILLICA,11612,02,02,1,1,200221005,38.36063,1,,1,1,2,1,MAIZ AMILACEO,2108,1,0,500,0,0,0,0,0,0,1, 
2024,20,PIURA,02,AYABACA,08,SAPILLICA,11612,02,02,1,1,200221005,38.36063,1,,1,1,1,1,FRIJOL PANAMITO,2929,1,1,750,0,0,0,0,0,0,1, 
2024,20,PIURA,02,AYABACA,08,SAPILLICA,11612,02,02,1,1,200221005,38.36063,1,,1,1,2,2,FRIJOL CANARIO,2910,1,0,500,0,0,0,0,0,0,1, 
2024,20,PIURA,02,AYABACA,08,SAPILLICA,11612,03,03,1,1,200221005,69.28866,1,,1,1,1,1,FRIJOL CABALLERO,2908,1,1,000,0,0,0,0,0,0,1, 
2024,20,PIURA,02,AYABACA,08,SAPILLICA,11612,03,03,1,1,200221005,69.28866,1,,1,1,1,2,FRIJOL CANARIO,2910,1,1,000,0,0,0,0,0,0,1, 
2024,20,PIURA,02,AYABACA,08,SAPILLICA,11612,04,04,1,1,200221005,4.459969,1,,1,1,2,1,FRIJOL CABALLERO,2908,1,1,000,0,0,0,0,0,0,1, 
2024,20,PIURA,02,AYABACA,08,SAPILLICA,11612,05,05,1,1,200221005,84.84193,1,,1,1,3,1,FRIJOL CANARIO,2910,1,1,000,0,0,0,0,0,0,1, 
2024,20,PIURA,02,AYABACA,08,SAPILLICA,11612,05,05,1,1,200221005,84.84193,1,,1,1,1,1,MAIZ AMILACEO,2108,1,2,000,0,0,0,0,0,0,1, 
2024,20,PIURA,02,AYABACA,08,SAPILLICA,11612,06,06,1,1,200221005,32.11132,1,,1,1,1,1,MAIZ AMILACEO,2108,1,0,250,0,0,0,0,0,0,1, 
2024,20,PIURA,02,AYABACA,08,SAPILLICA,11612,06,06,1,1,200221005,32.11132,1,,1,1,2,1,ARVEJA,2901,1,0,500,0,0,0,0,0,0,1, 
2024,20,PIURA,02,AYABACA,08,SAPILLICA,11613,01,01,1,1,200221005,34.97386,1,,1,1,1,1,FRIJOL CANARIO,2910,1,0,500,0,0,0,0,0,0,1, 
2024,20,PIURA,02,AYABACA,08,SAPILLICA,11613,02,02,1,1,200221005,36.68392,1,,1,1,1,1,FRIJOL CANARIO,2910,1,1,250,0,0,0,0,0,0,1, 
2024,20,PIURA,02,AYABACA,08,SAPILLICA,11613,02,02,1,1,200221005,36.68392,1,,1,1,2,1,PAPA BLANCA,2612,1,0,500,0,0,1,0,0,0,0, 
2024,20,PIURA,02,AYABACA,08,SAPILLICA,11613,02,02,1,1,200221005,36.68392,1,,1,1,1,2,FRIJOL PANAMITO,2929,1,0,750,0,0,0,0,0,0,1, 
2024,20,PIURA,02,AYABACA,08,SAPILLICA,11613,02,02,1,1,200221005,36.68392,1,,1,1,1,3,FRIJOL CABALLERO,2908,1,0,500,0,0,0,0,0,0,1, 
2024,20,PIURA,02,AYABACA,08,SAPILLICA,11613,03,03,1,1,200221005,96.25114,1,,1,1,2,1,FRIJOL PANAMITO,2929,1,0,750,0,0,0,0,0,0,1, 
2024,20,PIURA,02,AYABACA,08,SAPILLICA,11613,04,04,1,1,200221005,33.48779,1,,1,1,3,1,FRIJOL CANARIO,2910,1,0,250,0,0,0,0,0,0,1, 
2024,20,PIURA,02,AYABACA,08,SAPILLICA,11613,04,04,1,1,200221005,33.48779,1,,1,1,1,1,FRIJOL PANAMITO,2929,1,0,500,0,0,0,0,0,0,1, 
2024,20,PIURA,02,AYABACA,08,SAPILLICA,11613,05,05,1,1,200221005,30.54372,1,,1,1,1,1,FRIJOL PANAMITO,2929,1,0,250,0,0,0,0,0,0,1, 
2024,20,PIURA,02,AYABACA,08,SAPILLICA,11613,05,05,1,1,200221005,30.54372,1,,1,1,1,2,FRIJOL CANARIO,2910,1,0,750,0,0,0,0,0,0,1, 
2024,20,PIURA,02,AYABACA,08,SAPILLICA,11615,03,03,1,1,200222005,434.8546,1,,1,1,1,1,MAIZ AMARILLO DURO,2107,1,1,000,0,0,0,0,0,0,1, 
2024,20,PIURA,02,AYABACA,08,SAPILLICA,11615,03,03,1,1,200222005,434.8546,1,,1,1,1,2,FRIJOL CANARIO,2910,1,1,000,0,0,0,0,0,0,1, 
2024,20,PIURA,02,AYABACA,08,SAPILLICA,11615,04,04,1,1,200222005,84.10107,1,,1,1,1,1,MAIZ AMARILLO DURO,2107,1,1,000,0,0,0,0,0,0,1, 
2024,20,PIURA,02,AYABACA,08,SAPILLICA,11615,04,04,1,1,200222005,84.10107,1,,1,1,2,1,FRIJOL PANAMITO,2929,1,0,500,0,0,0,0,0,0,1, 
2024,20,PIURA,02,AYABACA,08,SAPILLICA,11615,04,04,1,1,200222005,84.10107,1,,1,1,1,2,FRIJOL PANAMITO,2929,1,1,000,0,0,0,0,0,0,1, 
2024,20,PIURA,02,AYABACA,08,SAPILLICA,11615,05,05,1,1,200222005,15.93972,1,,1,1,1,1,FRIJOL PANAMITO,2929,1,0,500,0,0,0,0,0,0,1, 
2024,20,PIURA,02,AYABACA,08,SAPILLICA,11615,05,05,1,1,200222005,15.93972,1,,1,1,1,2,MAIZ AMARILLO DURO,2107,1,0,500,0,0,0,0,0,0,1, 
2024,20,PIURA,02,AYABACA,08,SAPILLICA,11616,01,01,1,2,200221005,12.42033,1,,1,1,2,1,FRIJOL CABALLERO,2908,1,0,750,0,0,0,1,0,0,0, 
2024,20,PIURA,02,AYABACA,08,SAPILLICA,11616,02,02,1,2,200221005,36.66591,1,,1,1,1,1,TRIGO,2113,1,2,500,0,0,1,1,0,0,0, 
2024,20,PIURA,02,AYABACA,08,SAPILLICA,11616,02,02,1,2,200221005,36.66591,1,,1,1,1,2,FRIJOL CABALLERO,2908,1,2,500,0,0,1,1,0,0,0, 
2024,20,PIURA,02,AYABACA,08,SAPILLICA,11616,03,03,1,2,200221005,18.07955,1,,1,1,1,1,FRIJOL PANAMITO,2929,1,1,750,0,0,0,1,0,0,0, 
2024,20,PIURA,02,AYABACA,08,SAPILLICA,11616,03,03,1,2,200221005,18.07955,1,,1,1,2,1,FRIJOL CABALLERO,2908,1,0,500,0,0,0,1,0,0,0, 
2024,20,PIURA,02,AYABACA,08,SAPILLICA,11616,04,04,1,2,200221005,108.1261,1,,1,1,1,1,FRIJOL CABALLERO,2908,1,1,000,0,0,0,1,0,0,0, 
2024,20,PIURA,02,AYABACA,08,SAPILLICA,11616,04,04,1,2,200221005,108.1261,1,,1,1,1,2,ARVEJA,2901,1,1,000,0,0,0,1,0,0,0, 
2024,20,PIURA,02,AYABACA,07,PAIMAS,11618,05,05,1,1,200221005,12.66799,1,,1,1,1,1,MAIZ AMARILLO DURO,2107,1,2,000,0,0,0,0,0,0,1, 
2024,20,PIURA,02,AYABACA,07,PAIMAS,11618,12,12,1,1,200221005,37.58562,1,,1,1,1,1,MAIZ AMARILLO DURO,2107,1,2,500,0,0,0,0,0,0,1, 
2024,20,PIURA,02,AYABACA,07,PAIMAS,11618,12,12,1,1,200221005,37.58562,1,,1,1,3,1,MAIZ AMARILLO DURO,2107,1,1,500,0,0,0,0,0,0,1, 
2024,20,PIURA,02,AYABACA,07,PAIMAS,11618,12,12,1,1,200221005,37.58562,1,,1,1,2,1,MAIZ AMARILLO DURO,2107,1,4,000,0,0,0,0,0,0,1, 
2024,20,PIURA,02,AYABACA,06,PACAIPAMPA,11622,01,01,1,2,200232005,239.6729,1,,1,1,2,1,OCA,2608,1,0,250,0,0,1,0,0,0,0, 
2024,20,PIURA,02,AYABACA,06,PACAIPAMPA,11631,04,04,1,2,200223005,50.26557,1,,1,1,1,1,ARVEJA,2901,1,0,150,0,0,1,0,0,0,0, 
2024,20,PIURA,02,AYABACA,05,MONTERO,11645,07,07,1,1,200221005,36.3082,1,,1,1,1,1,MAIZ AMILACEO,2108,1,10,000,0,1,0,0,0,0,0, 
2024,20,PIURA,02,AYABACA,02,FRIAS,11651,01,01,1,1,200221005,21.96358,1,,1,1,1,1,MAIZ CHOCLO,2109,1,3,500,0,0,0,0,0,0,1, 
2024,20,PIURA,02,AYABACA,02,FRIAS,11651,02,02,1,1,200221005,36.15412,1,,1,1,1,1,FRIJOL BLANCO,2907,1,0,500,0,0,0,0,0,0,1, 
2024,20,PIURA,02,AYABACA,02,FRIAS,11651,02,02,1,1,200221005,36.15412,1,,1,1,1,2,MAIZ CHOCLO,2109,1,3,000,0,0,0,0,0,0,1, 
2024,20,PIURA,02,AYABACA,02,FRIAS,11651,03,03,1,1,200221005,106.0627,1,,1,1,1,1,FRIJOL CANARIO,2910,1,2,000,0,0,0,0,0,0,1, 
2024,20,PIURA,02,AYABACA,02,FRIAS,11651,05,05,1,1,200221005,4.368145,1,,1,1,1,1,FRIJOL BLANCO,2907,1,1,000,0,0,1,0,0,0,0, 
2024,20,PIURA,02,AYABACA,02,FRIAS,11651,06,06,1,1,200221005,92.57506,1,,1,1,1,1,FRIJOL BLANCO,2907,1,3,500,0,0,0,0,0,0,1, 
2024,20,PIURA,02,AYABACA,02,FRIAS,11652,01,01,1,1,200221005,31.39719,1,,1,1,2,1,MAIZ AMILACEO,2108,1,0,500,0,0,0,0,0,0,1, 
2024,20,PIURA,02,AYABACA,02,FRIAS,11652,01,01,1,1,200221005,31.39719,1,,1,1,1,1,MAIZ AMILACEO,2108,1,1,000,0,0,0,0,0,0,1, 
2024,20,PIURA,02,AYABACA,02,FRIAS,11652,01,01,1,1,200221005,31.39719,1,,1,1,2,2,FRIJOL PANAMITO,2929,1,0,500,0,0,0,0,0,0,1, 
2024,20,PIURA,02,AYABACA,02,FRIAS,11652,01,01,1,1,200221005,31.39719,1,,1,1,1,2,FRIJOL CANARIO,2910,1,0,500,0,0,0,0,0,0,1, 
2024,20,PIURA,02,AYABACA,02,FRIAS,11652,02,02,1,1,200221005,24.26669,1,,1,0,1,1,FRIJOL PANAMITO,2929,1,4,000,0,0,0,0,0,0,1, 
2024,20,PIURA,02,AYABACA,02,FRIAS,11652,03,03,1,1,200221005,42.33425,1,,1,1,2,1,FRIJOL CANARIO,2910,1,3,000,0,0,0,0,0,0,1, 
2024,20,PIURA,02,AYABACA,02,FRIAS,11652,03,03,1,1,200221005,42.33425,1,,1,1,1,1,FRIJOL PANAMITO,2929,1,5,000,0,0,0,0,0,0,1, 
2024,20,PIURA,02,AYABACA,02,FRIAS,11652,04,04,1,1,200221005,168.5708,1,,1,1,1,1,FRIJOL PANAMITO,2929,1,7,000,0,0,0,0,0,0,1, 
2024,20,PIURA,02,AYABACA,02,FRIAS,11654,01,01,1,1,200221004,43.28171,1,,1,1,1,1,FRIJOL DE PALO,2914,1,0,100,0,1,0,0,0,0,0, 
2024,20,PIURA,02,AYABACA,02,FRIAS,11654,01,01,1,1,200221004,43.28171,1,,1,1,2,1,YUCA,2620,1,0,250,0,1,0,0,0,0,0, 
2024,20,PIURA,02,AYABACA,02,FRIAS,11654,01,01,1,1,200221004,43.28171,1,,1,1,1,2,MAIZ AMILACEO,2108,1,0,250,0,1,0,0,0,0,0, 
2024,20,PIURA,02,AYABACA,02,FRIAS,11654,02,02,1,1,200221004,91.42388,1,,1,1,1,1,MAIZ AMARILLO DURO,2107,1,0,500,0,1,0,0,0,0,0, 
2024,20,PIURA,02,AYABACA,02,FRIAS,11654,02,02,1,1,200221004,91.42388,1,,1,1,1,2,MAIZ AMILACEO,2108,1,0,750,0,1,0,0,0,0,0, 
2024,20,PIURA,02,AYABACA,02,FRIAS,11654,02,02,1,1,200221004,91.42388,1,,1,1,1,3,FRIJOL DE PALO,2914,1,0,125,0,1,0,0,0,0,0, 
2024,20,PIURA,02,AYABACA,02,FRIAS,11654,02,02,1,1,200221004,91.42388,1,,1,1,1,4,ZARANDAJA,2951,1,0,100,0,1,0,0,0,0,0, 
2024,20,PIURA,02,AYABACA,02,FRIAS,11654,03,03,1,1,200221004,68.96864,1,,1,1,1,1,MAIZ AMILACEO,2108,1,0,250,0,1,0,0,0,0,0, 
2024,20,PIURA,02,AYABACA,02,FRIAS,11654,03,03,1,1,200221004,68.96864,1,,1,1,3,1,MAIZ AMARILLO DURO,2107,1,1,000,0,1,0,0,0,0,0, 
2024,20,PIURA,02,AYABACA,02,FRIAS,11654,03,03,1,1,200221004,68.96864,1,,1,1,1,2,YUCA,2620,1,0,250,0,1,0,0,0,0,0, 
2024,20,PIURA,02,AYABACA,02,FRIAS,11654,03,03,1,1,200221004,68.96864,1,,1,1,1,3,FRIJOL DE PALO,2914,1,0,125,0,1,0,0,0,0,0, 
2024,20,PIURA,02,AYABACA,02,FRIAS,11654,04,04,1,1,200221004,29.54985,1,,1,1,2,1,MAIZ AMILACEO,2108,1,0,250,0,1,0,0,0,0,0, 
2024,20,PIURA,02,AYABACA,02,FRIAS,11654,04,04,1,1,200221004,29.54985,1,,1,1,5,1,MAIZ AMARILLO DURO,2107,1,0,200,0,1,0,0,0,0,0, 
2024,20,PIURA,02,AYABACA,02,FRIAS,11654,04,04,1,1,200221004,29.54985,1,,1,1,1,1,FRIJOL DE PALO,2914,1,0,750,0,1,0,0,0,0,0, 
2024,20,PIURA,02,AYABACA,02,FRIAS,11654,04,04,1,1,200221004,29.54985,1,,1,1,4,1,YUCA,2620,1,0,200,0,1,0,0,0,0,0, 
2024,20,PIURA,02,AYABACA,02,FRIAS,11654,05,05,1,1,200221004,19.02907,1,,1,1,1,1,MAIZ AMARILLO DURO,2107,1,1,000,0,1,0,0,0,0,0, 
2024,20,PIURA,02,AYABACA,02,FRIAS,11654,05,05,1,1,200221004,19.02907,1,,1,1,4,1,MAIZ AMARILLO DURO,2107,1,0,500,0,1,0,0,0,0,0, 
2024,20,PIURA,02,AYABACA,02,FRIAS,11654,06,06,1,1,200221004,80.21051,1,,1,1,2,1,MAIZ AMILACEO,2108,1,1,500,0,1,0,0,0,0,0, 
2024,20,PIURA,02,AYABACA,02,FRIAS,11654,06,06,1,1,200221004,80.21051,1,,1,1,2,2,FRIJOL CABALLERO,2908,1,0,500,0,1,0,0,0,0,0, 
2024,20,PIURA,02,AYABACA,02,FRIAS,11654,07,07,1,1,200221004,25.12725,1,,1,1,2,1,MAIZ AMARILLO DURO,2107,1,2,000,0,1,0,0,0,0,0, 
2024,20,PIURA,02,AYABACA,02,FRIAS,11654,07,07,1,1,200221004,25.12725,1,,1,1,4,1,MAIZ AMARILLO DURO,2107,1,1,000,0,1,0,0,0,0,0, 
2024,20,PIURA,02,AYABACA,02,FRIAS,11654,09,09,1,1,200221004,44.78214,1,,1,1,2,1,MAIZ AMILACEO,2108,1,1,000,0,1,0,0,0,0,0, 
2024,20,PIURA,02,AYABACA,02,FRIAS,11654,09,09,1,1,200221004,44.78214,1,,1,1,3,1,MAIZ AMILACEO,2108,1,0,500,0,1,0,0,0,0,0, 
2024,20,PIURA,02,AYABACA,02,FRIAS,11654,09,09,1,1,200221004,44.78214,1,,1,1,3,2,ZARANDAJA,2951,1,0,250,0,1,0,0,0,0,0, 
2024,20,PIURA,02,AYABACA,02,FRIAS,11654,10,10,1,1,200221004,.5558946,1,,1,1,3,1,MAIZ AMILACEO,2108,1,1,000,0,1,0,0,0,0,0, 
2024,20,PIURA,02,AYABACA,02,FRIAS,11654,10,10,1,1,200221004,.5558946,1,,1,1,2,1,MAIZ AMILACEO,2108,1,2,000,0,1,0,0,0,0,0, 
2024,20,PIURA,02,AYABACA,02,FRIAS,11654,10,10,1,1,200221004,.5558946,1,,1,1,1,1,MAIZ AMILACEO,2108,1,0,250,0,1,0,0,0,0,0, 
2024,20,PIURA,02,AYABACA,02,FRIAS,11654,10,10,1,1,200221004,.5558946,1,,1,1,4,1,MAIZ AMILACEO,2108,1,2,000,0,1,0,0,0,0,0, 
2024,20,PIURA,02,AYABACA,02,FRIAS,11654,10,10,1,1,200221004,.5558946,1,,1,1,3,2,ZARANDAJA,2951,1,0,500,0,1,0,0,0,0,0, 
2024,20,PIURA,02,AYABACA,02,FRIAS,11654,12,12,1,1,200221004,38.64444,1,,1,1,1,1,MAIZ AMILACEO,2108,1,0,500,0,1,0,0,0,0,0, 
2024,20,PIURA,02,AYABACA,02,FRIAS,11654,12,12,1,1,200221004,38.64444,1,,1,1,3,1,MAIZ AMARILLO DURO,2107,1,0,500,0,1,0,0,0,0,0, 
2024,20,PIURA,02,AYABACA,02,FRIAS,11654,12,12,1,1,200221004,38.64444,1,,1,1,1,2,MAIZ AMARILLO DURO,2107,1,0,500,0,1,0,0,0,0,0, 
2024,20,PIURA,02,AYABACA,02,FRIAS,11654,12,12,1,1,200221004,38.64444,1,,1,1,1,3,FRIJOL DE PALO,2914,1,0,250,0,1,0,0,0,0,0, 
2024,20,PIURA,02,AYABACA,02,FRIAS,11654,13,13,1,1,200221004,20.61037,1,,1,0,1,1,MAIZ AMILACEO,2108,1,0,400,0,1,0,0,0,0,0, 
2024,20,PIURA,02,AYABACA,02,FRIAS,11654,13,13,1,1,200221004,20.61037,1,,1,0,2,1,MAIZ AMILACEO,2108,1,2,000,0,1,0,0,0,0,0, 
2024,20,PIURA,02,AYABACA,02,FRIAS,11654,13,13,1,1,200221004,20.61037,1,,1,0,2,2,ZARANDAJA,2951,1,1,000,0,1,0,0,0,0,0, 
2024,20,PIURA,02,AYABACA,02,FRIAS,11654,14,14,1,1,200221004,12.98462,1,,1,1,4,1,MAIZ AMILACEO,2108,1,1,000,0,1,0,0,0,0,0, 
2024,20,PIURA,02,AYABACA,02,FRIAS,11654,15,15,1,1,200221004,12.88179,1,,1,1,1,1,MAIZ AMILACEO,2108,1,0,125,0,1,0,0,0,0,0, 
2024,20,PIURA,02,AYABACA,02,FRIAS,11654,15,15,1,1,200221004,12.88179,1,,1,1,2,1,MAIZ AMILACEO,2108,1,1,000,0,1,0,0,0,0,0, 
2024,20,PIURA,02,AYABACA,02,FRIAS,11654,15,15,1,1,200221004,12.88179,1,,1,1,3,1,MAIZ AMILACEO,2108,1,0,500,0,1,0,0,0,0,0, 
2024,20,PIURA,02,AYABACA,02,FRIAS,11654,16,16,1,1,200221004,3.049465,1,,1,1,2,1,MAIZ AMILACEO,2108,1,3,000,0,1,0,0,0,0,0, 
2024,20,PIURA,02,AYABACA,02,FRIAS,11654,16,16,1,1,200221004,3.049465,1,,1,1,1,1,MAIZ AMARILLO DURO,2107,1,2,500,0,1,0,0,0,0,0, 
2024,20,PIURA,02,AYABACA,02,FRIAS,11654,16,16,1,1,200221004,3.049465,1,,1,1,4,1,FRIJOL BLANCO,2907,1,0,500,0,1,0,0,0,0,0, 
2024,20,PIURA,02,AYABACA,02,FRIAS,11656,01,01,1,1,200221005,3.047284,1,,1,1,1,1,MAIZ AMILACEO,2108,1,1,000,0,0,0,0,0,0,1, 
2024,20,PIURA,02,AYABACA,02,FRIAS,11656,01,01,1,1,200221005,3.047284,1,,1,1,1,2,FRIJOL CABALLERO,2908,1,1,750,0,0,0,0,0,0,1, 
2024,20,PIURA,02,AYABACA,02,FRIAS,11656,02,02,1,1,200221005,25.35065,1,,1,1,1,1,MAIZ AMILACEO,2108,1,0,500,0,0,0,0,0,0,1, 
2024,20,PIURA,02,AYABACA,02,FRIAS,11656,02,02,1,1,200221005,25.35065,1,,1,1,1,2,FRIJOL BLANCO,2907,1,0,600,0,0,0,0,0,0,1, 
2024,20,PIURA,02,AYABACA,02,FRIAS,11656,03,03,1,1,200221005,17.64818,1,,1,1,2,1,MAIZ AMILACEO,2108,1,1,000,0,0,0,0,0,0,1, 
2024,20,PIURA,02,AYABACA,02,FRIAS,11656,03,03,1,1,200221005,17.64818,1,,1,1,1,1,FRIJOL CABALLERO,2908,1,1,000,0,0,0,0,0,0,1, 
2024,20,PIURA,02,AYABACA,02,FRIAS,11656,05,05,1,1,200221005,62.27644,1,,1,0,1,1,FRIJOL CANARIO,2910,1,1,500,0,0,0,0,0,0,1, 
2024,20,PIURA,02,AYABACA,02,FRIAS,11656,06,06,1,1,200221005,48.28149,1,,1,1,1,1,FRIJOL CABALLERO,2908,1,3,000,0,0,0,0,0,0,1, 
2024,20,PIURA,02,AYABACA,02,FRIAS,11656,07,07,1,1,200221005,32.50058,1,,1,1,1,1,FRIJOL CABALLERO,2908,1,2,500,0,0,0,0,0,0,1, 
2024,20,PIURA,02,AYABACA,02,FRIAS,11656,08,08,1,1,200221005,38.91714,1,,1,1,2,1,MAIZ AMILACEO,2108,1,3,000,0,0,0,0,0,0,1, 
2024,20,PIURA,02,AYABACA,02,FRIAS,11656,08,08,1,1,200221005,38.91714,1,,1,1,1,1,FRIJOL CABALLERO,2908,1,0,700,0,0,0,0,0,0,1, 
2024,20,PIURA,02,AYABACA,02,FRIAS,11656,08,08,1,1,200221005,38.91714,1,,1,1,1,2,ARVEJA,2901,1,0,500,0,0,0,0,0,0,1, 
2024,20,PIURA,02,AYABACA,02,FRIAS,11659,01,01,1,1,200223004,111.5627,1,,1,1,2,1,MAIZ AMILACEO,2108,1,0,750,0,1,1,0,0,0,0, 
2024,20,PIURA,02,AYABACA,02,FRIAS,11659,01,01,1,1,200223004,111.5627,1,,1,1,1,1,MAIZ AMILACEO,2108,1,1,500,0,1,1,0,0,0,0, 
2024,20,PIURA,02,AYABACA,02,FRIAS,11659,01,01,1,1,200223004,111.5627,1,,1,1,2,2,ZARANDAJA,2951,1,0,500,0,1,1,0,0,0,0, 
2024,20,PIURA,02,AYABACA,02,FRIAS,11659,02,02,1,1,200223004,371.4411,1,,1,1,1,1,MAIZ AMILACEO,2108,1,1,500,0,1,0,0,0,0,0, 
2024,20,PIURA,02,AYABACA,02,FRIAS,11659,03,03,1,1,200223004,342.8289,1,,1,1,1,1,MAIZ AMARILLO DURO,2107,1,1,000,0,0,0,0,0,1,0, 
2024,20,PIURA,02,AYABACA,02,FRIAS,11659,03,03,1,1,200223004,342.8289,1,,1,1,2,1,MAIZ AMILACEO,2108,1,1,400,0,1,0,0,0,0,0, 
2024,20,PIURA,02,AYABACA,02,FRIAS,11659,03,03,1,1,200223004,342.8289,1,,1,1,1,2,ZARANDAJA,2951,1,0,500,0,0,0,0,0,1,0, 
2024,20,PIURA,02,AYABACA,02,FRIAS,11659,04,04,1,1,200223004,80.34815,1,,1,1,2,1,MAIZ AMARILLO DURO,2107,1,1,000,0,1,0,0,0,0,0, 
2024,20,PIURA,02,AYABACA,02,FRIAS,11659,04,04,1,1,200223004,80.34815,1,,1,1,1,1,MAIZ AMILACEO,2108,1,0,900,0,1,0,0,0,0,0, 
2024,20,PIURA,02,AYABACA,02,FRIAS,11659,05,05,1,1,200223004,629.9087,1,,1,0,1,1,FRIJOL CABALLERO,2908,1,5,000,0,1,1,0,0,0,0, 
2024,20,PIURA,02,AYABACA,02,FRIAS,11661,01,01,1,1,200221005,70.08344,1,,1,1,1,1,FRIJOL BLANCO,2907,1,0,500,0,1,0,0,0,0,0, 
2024,20,PIURA,02,AYABACA,02,FRIAS,11661,04,04,1,1,200221005,62.16545,1,,1,1,1,1,FRIJOL CANARIO,2910,1,2,000,0,1,0,0,0,0,0, 
2024,20,PIURA,02,AYABACA,02,FRIAS,11663,01,01,1,1,200221005,29.28255,1,,1,1,1,1,MAIZ AMILACEO,2108,1,0,100,0,0,0,0,0,0,1, 
2024,20,PIURA,02,AYABACA,02,FRIAS,11663,01,01,1,1,200221005,29.28255,1,,1,1,1,2,TRIGO,2113,1,0,500,0,0,0,0,0,0,1, 
2024,20,PIURA,02,AYABACA,02,FRIAS,11663,02,02,1,1,200221005,12.66302,1,,1,1,1,1,MAIZ AMILACEO,2108,1,4,000,0,0,0,0,0,0,1, 
2024,20,PIURA,02,AYABACA,02,FRIAS,11663,03,03,1,1,200221005,5.58356,1,,1,1,1,1,MAIZ AMILACEO,2108,1,0,250,0,0,0,0,0,0,1, 
2024,20,PIURA,02,AYABACA,02,FRIAS,11663,06,06,1,1,200221005,25.1025,1,,1,1,2,1,ARVEJA,2901,1,1,000,0,0,0,0,0,0,1, 
2024,20,PIURA,02,AYABACA,02,FRIAS,11663,06,06,1,1,200221005,25.1025,1,,1,1,1,1,MAIZ AMILACEO,2108,1,2,000,0,0,0,0,0,0,1, 
2024,20,PIURA,02,AYABACA,02,FRIAS,11663,07,07,1,1,200221005,87.93571,1,,1,0,1,1,MAIZ AMILACEO,2108,1,4,000,0,0,0,0,0,0,1, 
2024,20,PIURA,02,AYABACA,02,FRIAS,11663,09,09,1,1,200221005,27.67825,1,,1,0,1,1,MAIZ AMILACEO,2108,1,0,500,0,0,0,0,0,0,1, 
2024,20,PIURA,02,AYABACA,01,AYABACA,11668,01,01,1,1,200221005,62.79597,1,,1,1,4,1,MAIZ AMARILLO DURO,2107,1,0,250,0,0,1,0,0,0,0, 
2024,20,PIURA,02,AYABACA,01,AYABACA,11670,11,11,1,1,200222005,14.19685,1,,1,1,2,1,ARVEJA,2901,1,0,250,0,0,1,0,0,0,0, 
2024,20,PIURA,02,AYABACA,01,AYABACA,11675,03,03,1,1,200221005,29.09585,1,,1,1,1,1,OLLUCO,2609,1,0,100,0,0,1,0,0,0,0, 
2024,20,PIURA,02,AYABACA,01,AYABACA,11676,01,01,1,1,200222004,154.1023,1,,1,1,1,1,PAPA BLANCA,2612,1,0,500,0,0,1,0,0,0,0, 
2024,20,PIURA,02,AYABACA,01,AYABACA,11678,04,04,1,1,200221005,4.918458,1,,1,1,2,1,MAIZ AMILACEO,2108,1,0,500,0,0,1,0,0,0,0, 
2024,20,PIURA,02,AYABACA,01,AYABACA,11689,01,01,1,1,200223005,216.8557,1,,1,1,2,1,ARVEJA,2901,1,0,250,0,1,0,0,0,0,0, 
2024,20,PIURA,01,PIURA,14,TAMBO GRANDE,11696,01,01,1,1,200111005,19.50545,1,,1,0,1,1,ARROZ CASCARA,2101,1,0,645,0,0,1,0,0,0,0, 
2024,20,PIURA,01,PIURA,14,TAMBO GRANDE,11700,01,01,1,1,200123004,5.500908,1,,1,1,1,1,MAIZ AMILACEO,2108,1,3,500,0,1,0,0,0,0,0, 
2024,20,PIURA,01,PIURA,14,TAMBO GRANDE,11701,01,01,1,1,200111004,14.95007,1,,1,1,1,1,MAIZ CHOCLO,2109,1,0,275,0,0,1,0,0,0,0, 
2024,20,PIURA,01,PIURA,14,TAMBO GRANDE,11701,02,02,1,1,200111004,2.470366,1,,1,1,1,1,MAIZ CHOCLO,2109,1,0,200,0,0,1,0,0,0,0, 
2024,20,PIURA,01,PIURA,14,TAMBO GRANDE,11705,04,04,1,1,200111004,123.2005,1,,1,1,1,1,MANGO,1147,2,0,500,0,1,0,0,0,0,0, 
2024,20,PIURA,01,PIURA,14,TAMBO GRANDE,11705,04,04,1,1,200111004,123.2005,1,,1,1,1,2,LIMON ACIDO,1140,3,0,500,0,1,0,0,0,0,0, 
2024,20,PIURA,01,PIURA,14,TAMBO GRANDE,11706,01,01,1,1,200123005,.1591549,1,,1,1,3,1,FRIJOL BLANCO,2907,1,0,500,0,1,0,0,0,0,0, 
2024,20,PIURA,01,PIURA,14,TAMBO GRANDE,11712,01,01,1,1,200111004,116.1399,1,,1,1,1,1,MANGO,1147,2,0,500,0,0,1,0,0,0,0, 
2024,20,PIURA,01,PIURA,14,TAMBO GRANDE,11712,04,04,1,1,200111004,24.44154,1,,1,1,1,1,MANGO,1147,2,0,190,0,0,0,0,0,0,1, 
2024,20,PIURA,01,PIURA,14,TAMBO GRANDE,11712,05,05,1,1,200111004,36.42187,1,,1,0,2,1,MANGO,1147,2,1,000,0,0,1,0,0,0,0, 
2024,20,PIURA,01,PIURA,14,TAMBO GRANDE,11719,07,07,1,1,200113004,8.517967,1,,1,1,2,1,MANGO,1147,2,0,500,0,0,0,0,0,1,0, 
2024,20,PIURA,01,PIURA,14,TAMBO GRANDE,11719,07,07,1,1,200113004,8.517967,1,,1,1,3,1,MANGO,1147,2,0,500,0,0,0,0,0,1,0, 
2024,20,PIURA,01,PIURA,11,LAS LOMAS,11724,02,02,1,1,200113005,95.62275,1,,1,0,1,1,MAIZ AMARILLO DURO,2107,1,1,500,0,1,0,0,0,0,0, 
2024,20,PIURA,01,PIURA,11,LAS LOMAS,11725,02,02,1,1,200111005,5.893157,1,,1,0,1,1,MANGO,1147,2,1,000,0,0,0,0,0,0,1, 
2024,20,PIURA,01,PIURA,11,LAS LOMAS,11725,07,07,1,1,200111005,76.93298,1,,1,1,1,1,MANGO,1147,2,3,000,0,0,0,0,0,0,1, 
2024,20,PIURA,01,PIURA,10,LA UNION,11737,01,01,1,1,200111005,80.6396,1,,1,1,1,1,MAIZ AMARILLO DURO,2107,1,0,150,0,1,1,0,0,0,0, 
2024,20,PIURA,01,PIURA,10,LA UNION,11737,02,02,1,1,200111005,.9573447,1,,1,1,1,1,ARROZ CASCARA,2101,1,0,150,0,0,1,0,0,0,0, 
2024,20,PIURA,01,PIURA,10,LA UNION,11737,03,03,1,1,200111005,23.14679,1,,1,1,3,1,ALGODON,2803,1,1,000,0,0,1,0,0,0,0, 
2024,20,PIURA,01,PIURA,10,LA UNION,11737,08,08,1,1,200111005,64.40839,1,,1,1,2,1,MAIZ AMARILLO DURO,2107,1,0,060,0,1,0,0,0,0,0, 
2024,20,PIURA,01,PIURA,09,LA ARENA,11738,01,01,1,1,200111005,42.6637,1,,1,1,2,1,ALGODON,2803,1,0,400,0,0,0,0,0,0,1, 
2024,20,PIURA,01,PIURA,09,LA ARENA,11738,01,01,1,1,200111005,42.6637,1,,1,1,4,1,ALGODON,2803,1,0,480,0,0,0,0,0,0,1, 
2024,20,PIURA,01,PIURA,09,LA ARENA,11738,01,01,1,1,200111005,42.6637,1,,1,1,1,1,ALGODON,2803,1,0,600,0,0,0,0,0,0,1, 
2024,20,PIURA,01,PIURA,09,LA ARENA,11738,02,02,1,1,200111005,25.18705,1,,1,0,1,1,MAIZ AMARILLO DURO,2107,1,0,280,0,0,0,0,0,0,1, 
2024,20,PIURA,01,PIURA,09,LA ARENA,11738,03,03,1,1,200111005,118.8272,1,,1,1,1,1,MAIZ AMARILLO DURO,2107,1,1,250,0,0,0,0,0,0,1, 
2024,20,PIURA,01,PIURA,07,CURA MORI,11739,03,03,1,1,200112003,19.42413,1,,1,1,11,1,ALGODON,2803,1,0,070,0,0,1,0,0,0,0, 
2024,20,PIURA,01,PIURA,07,CURA MORI,11739,03,03,1,1,200112003,19.42413,1,,1,1,3,1,ALGODON,2803,1,0,500,0,0,1,0,0,0,0, 
2024,20,PIURA,01,PIURA,07,CURA MORI,11739,03,03,1,1,200112003,19.42413,1,,1,1,2,1,ALGODON,2803,1,0,500,0,1,1,0,0,0,0, 
2024,20,PIURA,01,PIURA,07,CURA MORI,11739,03,03,1,1,200112003,19.42413,1,,1,1,1,1,ALGODON,2803,1,0,230,0,1,1,0,0,0,0, 
2024,20,PIURA,01,PIURA,07,CURA MORI,11739,03,03,1,1,200112003,19.42413,1,,1,1,6,1,ALGODON,2803,1,0,200,0,0,1,0,0,0,0, 
2024,20,PIURA,01,PIURA,07,CURA MORI,11739,07,07,1,1,200112003,686.8726,1,,1,0,4,1,ALGODON,2803,1,0,250,0,1,1,0,0,0,0, 
2024,20,PIURA,01,PIURA,07,CURA MORI,11739,07,07,1,1,200112003,686.8726,1,,1,0,3,1,ALGODON,2803,1,0,250,0,1,1,0,0,0,0, 
2024,20,PIURA,01,PIURA,07,CURA MORI,11739,07,07,1,1,200112003,686.8726,1,,1,0,1,1,ALGODON,2803,1,0,210,0,1,1,0,0,0,0, 
2024,20,PIURA,01,PIURA,07,CURA MORI,11740,01,01,1,1,200111003,324.928,1,,1,1,1,1,ALGODON,2803,1,0,260,0,1,0,0,0,0,0, 
2024,20,PIURA,01,PIURA,05,CATACAOS,11742,04,04,1,1,200111004,64.31203,1,,1,1,1,1,MAIZ AMARILLO DURO,2107,1,2,210,0,1,0,0,0,0,0, 
2024,20,PIURA,01,PIURA,05,CATACAOS,11742,06,06,1,1,200111004,19.58435,1,,1,0,2,1,ALGODON,2803,1,1,500,0,0,1,0,0,0,0, 
2024,20,PIURA,01,PIURA,05,CATACAOS,11742,06,06,1,1,200111004,19.58435,1,,1,0,6,1,ALGODON,2803,1,0,750,0,0,1,0,0,0,0, 
2024,20,PIURA,01,PIURA,05,CATACAOS,11742,06,06,1,1,200111004,19.58435,1,,1,0,4,1,ALGODON,2803,1,1,070,0,0,1,0,0,0,0, 
2024,20,PIURA,01,PIURA,05,CATACAOS,11742,06,06,1,1,200111004,19.58435,1,,1,0,3,1,ALGODON,2803,1,2,000,0,0,1,0,0,0,0, 
2024,20,PIURA,01,PIURA,05,CATACAOS,11742,06,06,1,1,200111004,19.58435,1,,1,0,1,1,ALGODON,2803,1,2,000,0,0,1,0,0,0,0, 
2024,20,PIURA,01,PIURA,05,CATACAOS,11742,06,06,1,1,200111004,19.58435,1,,1,0,5,1,ALGODON,2803,1,1,060,0,0,1,0,0,0,0, 
2024,20,PIURA,01,PIURA,01,PIURA,11750,01,01,1,1,200111004,85.03158,1,,1,0,1,1,MARACUYA,2205,1,1,473,0,0,1,0,0,0,0, 
2024,19,PASCO,03,OXAPAMPA,08,CONSTITUCIÓN,11760,04,04,1,3,190391006,3.354357,1,,1,1,1,1,MAIZ AMARILLO DURO,2107,1,0,500,0,0,0,0,0,0,1, 
2024,19,PASCO,03,OXAPAMPA,08,CONSTITUCIÓN,11761,03,03,1,3,190392006,.4044921,1,,1,1,2,1,MAIZ AMARILLO DURO,2107,1,0,002,0,0,0,0,0,0,1, 
2024,19,PASCO,03,OXAPAMPA,08,CONSTITUCIÓN,11769,02,02,1,3,190391006,1.47789,1,,1,1,1,1,CACAO,1202,3,0,500,0,0,1,0,0,0,0, 
2024,19,PASCO,03,OXAPAMPA,07,VILLA RICA,11785,01,01,1,3,190371003,31.53403,1,,1,1,1,1,CAFE PERGAMINO,1203,2,0,241,0,1,0,0,0,0,0, 
2024,19,PASCO,03,OXAPAMPA,07,VILLA RICA,11786,01,01,1,3,190373006,6.035778,1,,1,1,1,1,CAFE PERGAMINO,1203,2,5,000,0,0,1,0,0,0,0, 
2024,19,PASCO,03,OXAPAMPA,07,VILLA RICA,11786,01,01,1,3,190373006,6.035778,1,,1,1,1,2,MANDARINA,1146,2,3,000,0,0,1,0,0,0,0, 
2024,19,PASCO,03,OXAPAMPA,07,VILLA RICA,11786,02,02,1,3,190373006,14.64315,1,,1,1,1,1,CAFE PERGAMINO,1203,2,2,000,0,0,1,0,0,0,0, 
2024,19,PASCO,03,OXAPAMPA,07,VILLA RICA,11786,03,03,1,3,190373006,11.12939,1,,1,0,1,1,CAFE PERGAMINO,1203,2,1,000,0,0,1,0,0,0,0, 
2024,19,PASCO,03,OXAPAMPA,07,VILLA RICA,11786,04,04,1,3,190373006,.563158,1,,1,1,1,1,CAFE PERGAMINO,1203,2,1,500,0,0,1,0,0,0,0, 
2024,19,PASCO,03,OXAPAMPA,07,VILLA RICA,11796,04,04,1,3,190372006,16.88088,1,,1,1,1,1,CAFE PERGAMINO,1203,2,1,000,0,0,1,0,0,0,0, 
2024,19,PASCO,03,OXAPAMPA,07,VILLA RICA,11796,05,05,1,3,190372006,1.499589,1,,1,1,1,1,CAFE PERGAMINO,1203,2,2,000,0,0,1,0,0,0,0, 
2024,19,PASCO,03,OXAPAMPA,07,VILLA RICA,11798,08,08,1,3,190371006,2.141524,1,,1,1,1,1,CAIGUA,2313,1,2,000,0,0,1,0,0,0,0, 
2024,19,PASCO,03,OXAPAMPA,05,POZUZO,11822,01,01,1,3,190372005,15.69312,1,,1,1,1,1,NARANJO,1156,2,1,000,0,0,1,0,0,1,0, 
2024,19,PASCO,03,OXAPAMPA,04,PALCAZU,11839,03,03,1,3,190381006,4.688793,1,,1,1,2,1,YUCA,2620,1,13,000,1,1,0,0,0,0,0, 
2024,19,PASCO,03,OXAPAMPA,04,PALCAZU,11860,02,02,1,3,190392004,1.594801,1,,1,1,2,1,ARROZ CASCARA,2101,1,1,000,0,0,1,0,0,0,0, 
2024,19,PASCO,03,OXAPAMPA,04,PALCAZU,11860,02,02,1,3,190392004,1.594801,1,,1,1,2,2,MAIZ AMARILLO DURO,2107,1,1,500,0,0,0,0,0,0,1, 
2024,19,PASCO,03,OXAPAMPA,04,PALCAZU,11864,01,01,1,3,190391005,10.95866,1,,1,1,2,1,ARROZ CASCARA,2101,1,0,500,0,0,0,0,0,0,1, 
2024,19,PASCO,03,OXAPAMPA,04,PALCAZU,11868,02,02,1,3,190383005,1.324819,1,,1,1,1,1,PITUCA,2616,1,0,050,0,0,0,0,0,0,1, 
2024,19,PASCO,03,OXAPAMPA,04,PALCAZU,11869,02,02,1,3,190391005,3.308765,1,,1,1,2,1,YUCA,2620,1,1,000,0,0,0,0,0,0,1, 
2024,19,PASCO,03,OXAPAMPA,04,PALCAZU,11872,05,05,1,3,190373006,7.2251,1,,1,1,1,1,MAIZ AMARILLO DURO,2107,1,1,000,0,0,1,0,0,0,0, 
2024,19,PASCO,03,OXAPAMPA,04,PALCAZU,11874,02,02,1,3,190391005,22.70691,1,,1,0,1,1,MAIZ AMARILLO DURO,2107,1,2,500,0,0,0,0,0,0,1, 
2024,19,PASCO,03,OXAPAMPA,04,PALCAZU,11878,02,02,1,3,190383006,16.37351,1,,1,1,1,1,CAFE PERGAMINO,1203,2,0,250,0,0,1,0,0,0,0, 
2024,19,PASCO,03,OXAPAMPA,04,PALCAZU,11879,03,03,1,3,190392006,13.32098,1,,1,1,1,1,ARROZ CASCARA,2101,1,0,200,0,1,0,0,0,0,0, 
2024,19,PASCO,03,OXAPAMPA,03,HUANCABAMBA,11883,01,01,1,3,190371004,54.66629,1,,1,1,1,1,CAFE PERGAMINO,1203,2,2,000,0,0,1,0,0,0,0, 
2024,19,PASCO,03,OXAPAMPA,03,HUANCABAMBA,11883,01,01,1,3,190371004,54.66629,1,,1,1,1,2,MAIZ AMARILLO DURO,2107,1,0,500,0,0,1,0,0,0,0, 
2024,19,PASCO,03,OXAPAMPA,03,HUANCABAMBA,11883,02,02,1,3,190371004,4.796593,1,,1,1,1,1,MAIZ AMARILLO DURO,2107,1,2,000,0,0,1,0,0,0,0, 
2024,19,PASCO,03,OXAPAMPA,03,HUANCABAMBA,11886,01,01,1,3,190372006,31.22097,1,,1,1,1,1,CAFE PERGAMINO,1203,2,4,000,0,0,1,0,0,0,0, 
2024,19,PASCO,03,OXAPAMPA,03,HUANCABAMBA,11886,01,01,1,3,190372006,31.22097,1,,1,1,1,2,ROCOTO,2338,1,2,000,0,0,0,0,0,0,1, 
2024,19,PASCO,03,OXAPAMPA,03,HUANCABAMBA,11886,02,02,1,3,190372006,.0199761,1,,1,1,1,1,ROCOTO,2338,1,1,000,0,0,1,0,0,0,0, 
2024,19,PASCO,03,OXAPAMPA,03,HUANCABAMBA,11886,02,02,1,3,190372006,.0199761,1,,1,1,1,2,GRANADILLA,2203,1,1,000,0,0,1,0,0,1,0, 
2024,19,PASCO,03,OXAPAMPA,03,HUANCABAMBA,11896,01,01,1,2,190371004,75.5867,1,,1,1,1,1,PALTO,1162,2,0,500,1,0,0,0,0,0,0, 
2024,19,PASCO,03,OXAPAMPA,02,CHONTABAMBA,11903,03,03,1,2,190333006,18.07123,1,,1,1,1,1,PECANO,1165,2,1,000,0,0,1,0,0,0,0, 
2024,19,PASCO,03,OXAPAMPA,02,CHONTABAMBA,11904,05,05,1,3,190371004,3.988359,1,,1,0,1,1,ZAPALLO,2345,1,2,460,0,0,1,0,0,0,0, 
2024,19,PASCO,02,DANIEL ALCIDES CARRION,08,VILCABAMBA,11915,03,03,1,2,190231002,10.73242,1,,1,1,6,1,PAPA AMARILLA,2611,1,0,050,0,0,1,0,0,0,0, 
2024,19,PASCO,02,DANIEL ALCIDES CARRION,07,TAPUC,11916,04,04,1,2,190244003,166.9724,1,,1,1,5,1,CEBADA GRANO,2104,1,0,050,0,0,1,0,0,0,0, 
2024,19,PASCO,02,DANIEL ALCIDES CARRION,05,SAN PEDRO DE PILLAO,11926,01,01,1,2,190243002,.6081164,1,,1,1,2,1,PAPA NATIVA,2615,1,0,163,0,0,1,1,1,1,0, 
2024,19,PASCO,02,DANIEL ALCIDES CARRION,05,SAN PEDRO DE PILLAO,11926,06,06,1,2,190243002,.4937056,1,,1,1,3,1,PAPA NATIVA,2615,1,0,200,0,0,1,1,1,1,0, 
2024,19,PASCO,02,DANIEL ALCIDES CARRION,04,PAUCAR,11928,02,02,1,2,190232003,5.962307,1,,1,1,6,1,PAPA BLANCA,2612,1,0,025,0,0,1,0,0,0,0, 
2024,19,PASCO,02,DANIEL ALCIDES CARRION,04,PAUCAR,11928,02,02,1,2,190232003,5.962307,1,,1,1,3,1,PAPA BLANCA,2612,1,0,100,0,0,1,0,0,0,0, 
2024,19,PASCO,02,DANIEL ALCIDES CARRION,04,PAUCAR,11928,04,04,1,2,190232003,16.80662,1,,1,1,3,1,PAPA BLANCA,2612,1,0,150,0,0,1,0,0,0,0, 
2024,19,PASCO,02,DANIEL ALCIDES CARRION,04,PAUCAR,11929,02,02,1,2,190231004,.8289846,1,,1,1,2,1,MAIZ AMILACEO,2108,1,0,600,0,0,1,0,0,0,0, 
2024,19,PASCO,02,DANIEL ALCIDES CARRION,04,PAUCAR,11929,02,02,1,2,190231004,.8289846,1,,1,1,3,1,PAPA BLANCA,2612,1,0,350,0,0,0,0,1,0,0, 
2024,19,PASCO,02,DANIEL ALCIDES CARRION,04,PAUCAR,11929,03,03,1,2,190231004,2.715637,1,,1,1,8,1,MAIZ AMILACEO,2108,1,0,100,0,0,1,0,0,0,0, 
2024,19,PASCO,02,DANIEL ALCIDES CARRION,04,PAUCAR,11929,06,06,1,2,190231004,23.26559,1,,1,1,5,1,PAPA BLANCA,2612,1,0,100,0,0,1,0,1,0,0, 
2024,19,PASCO,02,DANIEL ALCIDES CARRION,04,PAUCAR,11930,01,01,1,2,190232004,.2197632,1,,1,1,10,1,PAPA BLANCA,2612,1,0,100,0,0,0,1,0,0,0, 
2024,19,PASCO,02,DANIEL ALCIDES CARRION,04,PAUCAR,11930,01,01,1,2,190232004,.2197632,1,,1,1,11,1,PAPA COLOR,2613,1,0,025,0,0,1,0,0,0,0, 
2024,19,PASCO,02,DANIEL ALCIDES CARRION,04,PAUCAR,11930,01,01,1,2,190232004,.2197632,1,,1,1,9,1,MAIZ AMILACEO,2108,1,0,050,0,0,1,0,0,0,0, 
2024,19,PASCO,02,DANIEL ALCIDES CARRION,04,PAUCAR,11930,02,02,1,2,190232004,1.487257,1,,1,1,6,1,MAIZ AMILACEO,2108,1,0,100,0,0,1,0,0,0,0, 
2024,19,PASCO,02,DANIEL ALCIDES CARRION,04,PAUCAR,11930,03,03,1,2,190232004,1.66175,1,,1,1,13,1,ARVEJA,2901,1,0,100,0,0,1,0,0,0,0, 
2024,19,PASCO,02,DANIEL ALCIDES CARRION,04,PAUCAR,11931,07,07,1,2,190231003,5.294551,1,,1,0,1,1,MAIZ AMILACEO,2108,1,0,087,0,0,1,0,0,0,0, 
2024,19,PASCO,02,DANIEL ALCIDES CARRION,04,PAUCAR,11931,07,07,1,2,190231003,5.294551,1,,1,0,2,1,TRIGO,2113,1,0,100,0,0,1,0,0,0,0, 
2024,19,PASCO,02,DANIEL ALCIDES CARRION,02,CHACAYAN,11933,08,08,1,2,190232002,1.407917,1,,1,1,3,1,PAPA BLANCA,2612,1,0,150,0,0,1,1,0,0,0, 
2024,19,PASCO,02,DANIEL ALCIDES CARRION,02,CHACAYAN,11933,08,08,1,2,190232002,1.407917,1,,1,1,3,2,PAPA AMARILLA,2611,1,0,100,0,0,1,1,0,0,0, 
2024,19,PASCO,02,DANIEL ALCIDES CARRION,02,CHACAYAN,11936,02,02,1,2,190251003,.8356478,1,,1,1,10,1,OCA,2608,1,0,015,0,0,1,1,0,0,0, 
2024,19,PASCO,02,DANIEL ALCIDES CARRION,02,CHACAYAN,11936,02,02,1,2,190251003,.8356478,1,,1,1,10,2,OLLUCO,2609,1,0,010,0,0,1,1,0,0,0, 
2024,19,PASCO,02,DANIEL ALCIDES CARRION,02,CHACAYAN,11936,03,03,1,2,190251003,4.489942,1,,1,1,5,1,OCA,2608,1,0,025,0,0,1,1,0,0,0, 
2024,19,PASCO,02,DANIEL ALCIDES CARRION,02,CHACAYAN,11936,03,03,1,2,190251003,4.489942,1,,1,1,5,2,OLLUCO,2609,1,0,025,0,0,1,1,0,0,0, 
2024,19,PASCO,02,DANIEL ALCIDES CARRION,02,CHACAYAN,11936,04,04,1,2,190251003,3.501671,1,,1,1,10,1,OCA,2608,1,0,025,0,0,1,1,0,0,0, 
2024,19,PASCO,02,DANIEL ALCIDES CARRION,02,CHACAYAN,11936,04,04,1,2,190251003,3.501671,1,,1,1,6,1,PAPA BLANCA,2612,1,0,150,0,0,1,1,0,0,0, 
2024,19,PASCO,02,DANIEL ALCIDES CARRION,02,CHACAYAN,11936,04,04,1,2,190251003,3.501671,1,,1,1,10,2,OLLUCO,2609,1,0,025,0,0,1,1,0,0,0, 
2024,19,PASCO,02,DANIEL ALCIDES CARRION,01,YANAHUANCA,11941,01,01,1,2,190254005,270.691,1,,1,1,7,1,PAPA BLANCA,2612,1,0,150,0,0,1,0,0,0,0, 
2024,19,PASCO,02,DANIEL ALCIDES CARRION,01,YANAHUANCA,11943,01,01,1,2,190251002,.0790701,1,,1,1,4,1,PAPA BLANCA,2612,1,0,050,0,0,1,0,0,0,0, 
2024,19,PASCO,02,DANIEL ALCIDES CARRION,01,YANAHUANCA,11943,01,01,1,2,190251002,.0790701,1,,1,1,3,1,PAPA AMARILLA,2611,1,0,100,0,0,1,0,0,0,0, 
2024,19,PASCO,02,DANIEL ALCIDES CARRION,01,YANAHUANCA,11943,01,01,1,2,190251002,.0790701,1,,1,1,2,1,PAPA BLANCA,2612,1,0,050,0,0,1,0,0,0,0, 
2024,19,PASCO,02,DANIEL ALCIDES CARRION,01,YANAHUANCA,11949,04,04,1,2,190231002,10.21542,1,,1,1,3,1,MAIZ AMILACEO,2108,1,0,200,0,0,0,1,1,0,0, 
2024,19,PASCO,01,PASCO,10,TICLACAYAN,11956,06,06,1,2,190142004,50.70013,1,,1,1,3,1,PAPA COLOR,2613,1,0,100,0,0,1,0,1,0,0, 
2024,19,PASCO,01,PASCO,08,SAN FRANCISCO DE ASIS DE YARUSYACAN,11963,02,02,1,2,190154003,1190.922,1,,1,1,2,1,PAPA AMARILLA,2611,1,0,100,0,0,1,1,0,0,0, 
2024,19,PASCO,01,PASCO,08,SAN FRANCISCO DE ASIS DE YARUSYACAN,11964,02,02,1,2,190143004,234.1665,1,,1,1,2,1,PAPA HUAYRO,2614,1,0,200,0,0,1,1,1,0,0, 
2024,19,PASCO,01,PASCO,08,SAN FRANCISCO DE ASIS DE YARUSYACAN,11965,01,01,1,2,190141002,22.4033,1,,1,1,3,1,PAPA BLANCA,2612,1,0,250,0,0,1,0,0,0,0, 
2024,19,PASCO,01,PASCO,08,SAN FRANCISCO DE ASIS DE YARUSYACAN,11965,01,01,1,2,190141002,22.4033,1,,1,1,3,2,HABA,2942,1,0,050,0,0,1,0,0,0,0, 
2024,19,PASCO,01,PASCO,08,SAN FRANCISCO DE ASIS DE YARUSYACAN,11965,01,01,1,2,190141002,22.4033,1,,1,1,3,3,MAIZ AMILACEO,2108,1,0,050,0,0,1,0,0,0,0, 
2024,19,PASCO,01,PASCO,07,PAUCARTAMBO,11969,01,01,1,2,190131004,11.04873,1,,1,1,8,1,MAIZ AMILACEO,2108,1,0,100,0,0,1,0,0,0,0, 
2024,19,PASCO,01,PASCO,07,PAUCARTAMBO,11969,02,02,1,2,190131004,20.04315,1,,1,1,4,1,MAIZ AMILACEO,2108,1,0,150,0,0,1,0,0,0,0, 
2024,19,PASCO,01,PASCO,07,PAUCARTAMBO,11969,02,02,1,2,190131004,20.04315,1,,1,1,8,1,MAIZ AMILACEO,2108,1,0,100,0,0,1,0,0,0,0, 
2024,19,PASCO,01,PASCO,07,PAUCARTAMBO,11969,02,02,1,2,190131004,20.04315,1,,1,1,7,1,MAIZ AMILACEO,2108,1,0,230,0,0,1,0,0,0,0, 
2024,19,PASCO,01,PASCO,07,PAUCARTAMBO,11969,04,04,1,2,190131004,71.37979,1,,1,1,3,1,MAIZ AMILACEO,2108,1,1,000,0,0,1,0,0,0,0, 
2024,19,PASCO,01,PASCO,07,PAUCARTAMBO,11969,04,04,1,2,190131004,71.37979,1,,1,1,4,1,MAIZ AMILACEO,2108,1,0,500,0,0,1,0,0,0,0, 
2024,19,PASCO,01,PASCO,07,PAUCARTAMBO,11969,06,06,1,2,190131004,10.05931,1,,1,1,7,1,MAIZ AMILACEO,2108,1,0,230,0,0,1,0,0,0,0, 
2024,19,PASCO,01,PASCO,07,PAUCARTAMBO,11969,06,06,1,2,190131004,10.05931,1,,1,1,5,1,MAIZ AMILACEO,2108,1,0,100,0,0,1,0,0,0,0, 
2024,19,PASCO,01,PASCO,07,PAUCARTAMBO,11969,07,07,1,2,190131004,57.92872,1,,1,1,6,1,MAIZ AMILACEO,2108,1,0,230,0,0,1,0,0,0,0, 
2024,19,PASCO,01,PASCO,07,PAUCARTAMBO,11969,07,07,1,2,190131004,57.92872,1,,1,1,5,1,MAIZ AMILACEO,2108,1,0,110,0,0,1,0,0,0,0, 
2024,19,PASCO,01,PASCO,07,PAUCARTAMBO,11969,08,08,1,2,190131004,3.834589,1,,1,1,3,1,MAIZ AMILACEO,2108,1,0,560,0,0,1,0,0,0,0, 
2024,19,PASCO,01,PASCO,07,PAUCARTAMBO,11969,08,08,1,2,190131004,3.834589,1,,1,1,5,1,MAIZ AMILACEO,2108,1,0,100,0,0,1,1,0,0,0, 
2024,19,PASCO,01,PASCO,07,PAUCARTAMBO,11969,09,09,1,2,190131004,19.78162,1,,1,1,5,1,MAIZ AMILACEO,2108,1,0,230,0,0,1,0,0,0,0, 
2024,19,PASCO,01,PASCO,07,PAUCARTAMBO,11970,03,03,1,2,190131003,107.6668,1,,1,1,1,1,MAIZ AMILACEO,2108,1,0,150,0,0,1,0,0,0,0, 
2024,19,PASCO,01,PASCO,07,PAUCARTAMBO,11973,05,05,1,2,190133006,6.501465,1,,1,1,1,1,PAPA AMARILLA,2611,1,1,000,0,0,1,0,0,0,0, 
2024,19,PASCO,01,PASCO,07,PAUCARTAMBO,11982,02,02,1,2,190131003,25.20883,1,,1,1,2,1,MAIZ CHOCLO,2109,1,0,240,0,0,1,0,0,0,0, 
2024,19,PASCO,01,PASCO,07,PAUCARTAMBO,11982,02,02,1,2,190131003,25.20883,1,,1,1,6,1,MAIZ AMILACEO,2108,1,0,170,0,0,1,0,0,0,0, 
2024,19,PASCO,01,PASCO,07,PAUCARTAMBO,11982,02,02,1,2,190131003,25.20883,1,,1,1,3,1,MAIZ CHOCLO,2109,1,0,450,0,0,1,0,0,0,0, 
2024,19,PASCO,01,PASCO,07,PAUCARTAMBO,11982,04,04,1,2,190131003,291.9951,1,,1,1,3,1,ARVEJA,2901,1,0,150,0,0,1,0,0,0,0, 
2024,19,PASCO,01,PASCO,07,PAUCARTAMBO,11982,05,05,1,2,190131003,3.698269,1,,1,1,3,1,MAIZ AMILACEO,2108,1,0,110,0,0,1,0,0,0,0, 
2024,19,PASCO,01,PASCO,07,PAUCARTAMBO,11982,05,05,1,2,190131003,3.698269,1,,1,1,5,1,MAIZ AMILACEO,2108,1,0,110,0,0,1,0,0,0,0, 
2024,19,PASCO,01,PASCO,03,HUARIACA,11997,02,02,1,2,190131002,1.165184,1,,1,1,1,1,MAIZ AMILACEO,2108,1,0,200,0,0,0,1,0,0,0, 
2024,19,PASCO,01,PASCO,02,HUACHON,12005,05,05,1,2,190171004,3.117134,1,,1,1,1,1,ZAPALLO,2345,1,0,250,0,0,1,0,0,0,0, 
2024,19,PASCO,01,PASCO,02,HUACHON,12009,01,01,1,2,190171005,13.67748,1,,1,1,1,1,ROCOTO,2338,1,0,140,0,0,0,0,0,1,1, 
2024,19,PASCO,01,PASCO,02,HUACHON,12009,01,01,1,2,190171005,13.67748,1,,1,1,3,1,GRANADILLA,2203,1,0,250,0,0,0,0,0,1,0, 
2024,19,PASCO,01,PASCO,02,HUACHON,12009,01,01,1,2,190171005,13.67748,1,,1,1,3,2,ROCOTO,2338,1,0,250,0,0,0,0,0,1,0, 
2024,18,MOQUEGUA,03,ILO,02,EL ALGARROBAL,12012,01,01,1,1,180313003,1.034734,1,,1,1,1,1,GUAYABO,1134,2,0,025,0,0,1,0,0,0,0, 
2024,18,MOQUEGUA,03,ILO,02,EL ALGARROBAL,12012,01,01,1,1,180313003,1.034734,1,,1,1,1,2,PERAL,1166,2,0,400,0,0,1,0,0,0,0, 
2024,18,MOQUEGUA,03,ILO,02,EL ALGARROBAL,12013,07,07,1,1,180311004,1.396431,1,,1,0,1,1,MORERA,1154,2,0,010,0,0,0,0,0,1,0, 
2024,18,MOQUEGUA,03,ILO,02,EL ALGARROBAL,12013,07,07,1,1,180311004,1.396431,1,,1,0,1,2,GUAYABO,1134,2,0,002,0,0,0,0,0,1,0, 
2024,18,MOQUEGUA,03,ILO,02,EL ALGARROBAL,12013,07,07,1,1,180311004,1.396431,1,,1,0,1,3,PACAE,1159,2,0,005,0,0,0,0,0,1,0, 
2024,18,MOQUEGUA,03,ILO,02,EL ALGARROBAL,12013,07,07,1,1,180311004,1.396431,1,,1,0,1,4,HIGUERA,1136,2,0,007,0,0,0,0,0,1,0, 
2024,18,MOQUEGUA,03,ILO,02,EL ALGARROBAL,12014,01,01,1,1,180312003,2.207388,1,,1,1,1,1,MANZANO,1149,2,0,050,1,1,0,0,0,0,0, 
2024,18,MOQUEGUA,03,ILO,02,EL ALGARROBAL,12014,01,01,1,1,180312003,2.207388,1,,1,1,1,2,GRANADO,1132,2,0,030,1,1,0,0,0,0,0, 
2024,18,MOQUEGUA,03,ILO,02,EL ALGARROBAL,12014,01,01,1,1,180312003,2.207388,1,,1,1,1,3,LUCUMO,1143,3,0,020,1,1,0,0,0,0,0, 
2024,18,MOQUEGUA,03,ILO,02,EL ALGARROBAL,12015,01,01,1,1,180313005,1.510873,1,,1,1,1,1,PALTO,1162,2,0,025,0,0,0,0,0,0,1, 
2024,18,MOQUEGUA,03,ILO,02,EL ALGARROBAL,12015,01,01,1,1,180313005,1.510873,1,,1,1,1,2,OLIVO,1218,2,0,350,0,0,0,0,0,0,1, 
2024,18,MOQUEGUA,03,ILO,02,EL ALGARROBAL,12015,01,01,1,1,180313005,1.510873,1,,1,1,1,3,MANZANO,1149,2,0,001,0,0,0,0,0,0,1, 
2024,18,MOQUEGUA,03,ILO,02,EL ALGARROBAL,12015,01,01,1,1,180313005,1.510873,1,,1,1,1,4,NARANJO,1156,2,0,040,0,0,0,0,0,0,1, 
2024,18,MOQUEGUA,03,ILO,02,EL ALGARROBAL,12015,01,01,1,1,180313005,1.510873,1,,1,1,1,5,HIGUERA,1136,2,0,005,0,0,0,0,0,0,1, 
2024,18,MOQUEGUA,03,ILO,02,EL ALGARROBAL,12015,01,01,1,1,180313005,1.510873,1,,1,1,1,6,PLATANO,1171,3,0,005,0,0,0,0,0,0,1, 
2024,18,MOQUEGUA,03,ILO,02,EL ALGARROBAL,12015,03,03,1,1,180313005,.0262359,1,,1,1,1,1,MEMBRILLERO,1153,2,0,001,0,0,0,0,0,0,1, 
2024,18,MOQUEGUA,03,ILO,02,EL ALGARROBAL,12015,03,03,1,1,180313005,.0262359,1,,1,1,1,2,VID,1192,2,0,015,0,0,0,0,0,0,1, 
2024,18,MOQUEGUA,03,ILO,02,EL ALGARROBAL,12015,03,03,1,1,180313005,.0262359,1,,1,1,1,3,LIMON ACIDO,1140,3,0,016,0,0,1,0,0,0,1, 
2024,18,MOQUEGUA,03,ILO,02,EL ALGARROBAL,12015,03,03,1,1,180313005,.0262359,1,,1,1,1,4,PALTO,1162,2,0,015,0,0,0,0,0,0,1, 
2024,18,MOQUEGUA,03,ILO,02,EL ALGARROBAL,12015,03,03,1,1,180313005,.0262359,1,,1,1,1,5,PECANO,1165,2,0,001,0,0,0,0,0,0,1, 
2024,18,MOQUEGUA,03,ILO,02,EL ALGARROBAL,12015,03,03,1,1,180313005,.0262359,1,,1,1,1,6,HIGUERA,1136,2,0,030,0,0,0,0,0,0,1, 
2024,18,MOQUEGUA,03,ILO,02,EL ALGARROBAL,12015,04,04,1,1,180313005,1.608112,1,,1,0,1,1,CHIRIMOYO,1121,2,0,005,0,0,0,0,0,0,1, 
2024,18,MOQUEGUA,03,ILO,02,EL ALGARROBAL,12015,04,04,1,1,180313005,1.608112,1,,1,0,1,2,MANGO,1147,2,0,010,0,0,0,0,0,0,1, 
2024,18,MOQUEGUA,03,ILO,02,EL ALGARROBAL,12015,04,04,1,1,180313005,1.608112,1,,1,0,1,3,PAPAYA,1163,2,0,005,0,0,0,0,0,0,1, 
2024,18,MOQUEGUA,03,ILO,02,EL ALGARROBAL,12015,05,05,1,1,180313005,.5520464,1,,1,0,1,1,PACAE,1159,2,0,050,0,0,1,0,0,0,1, 
2024,18,MOQUEGUA,03,ILO,02,EL ALGARROBAL,12015,05,05,1,1,180313005,.5520464,1,,1,0,1,2,PALMERA DATILERA,1161,2,0,085,0,0,1,0,0,0,1, 
2024,18,MOQUEGUA,03,ILO,02,EL ALGARROBAL,12015,05,05,1,1,180313005,.5520464,1,,1,0,1,3,OLIVO,1218,2,0,028,0,0,1,0,0,0,1, 
2024,18,MOQUEGUA,03,ILO,02,EL ALGARROBAL,12015,05,05,1,1,180313005,.5520464,1,,1,0,1,4,GUAYABO,1134,2,0,020,0,0,1,0,0,0,1, 
2024,18,MOQUEGUA,03,ILO,02,EL ALGARROBAL,12015,05,05,1,1,180313005,.5520464,1,,1,0,1,5,HIGUERA,1136,2,0,003,0,0,1,0,0,0,1, 
2024,18,MOQUEGUA,03,ILO,02,EL ALGARROBAL,12015,51,51,1,1,180313005,1.817071,1,,1,0,1,1,OLIVO,1218,2,0,430,0,0,1,0,0,0,1, 
2024,18,MOQUEGUA,03,ILO,02,EL ALGARROBAL,12015,51,51,1,1,180313005,1.817071,1,,1,0,1,2,PALTO,1162,2,0,005,0,0,1,0,0,0,1, 
2024,18,MOQUEGUA,03,ILO,02,EL ALGARROBAL,12015,51,51,1,1,180313005,1.817071,1,,1,0,1,3,MANGO,1147,2,0,020,0,0,1,0,0,0,1, 
2024,18,MOQUEGUA,03,ILO,02,EL ALGARROBAL,12018,01,01,1,1,180312005,15.38463,1,,1,0,1,1,PACAE,1159,2,0,080,0,0,0,0,0,1,0, 
2024,18,MOQUEGUA,03,ILO,02,EL ALGARROBAL,12018,01,01,1,1,180312005,15.38463,1,,1,0,1,2,GRANADO,1132,2,0,002,0,0,0,0,0,1,0, 
2024,18,MOQUEGUA,03,ILO,02,EL ALGARROBAL,12018,01,01,1,1,180312005,15.38463,1,,1,0,1,3,GUAYABO,1134,2,0,058,0,0,0,0,0,1,0, 
2024,18,MOQUEGUA,03,ILO,02,EL ALGARROBAL,12018,01,01,1,1,180312005,15.38463,1,,1,0,1,4,OLIVO,1218,2,4,977,0,0,0,0,0,1,0, 
2024,18,MOQUEGUA,03,ILO,02,EL ALGARROBAL,12018,01,01,1,1,180312005,15.38463,1,,1,0,1,5,MANGO,1147,2,0,050,0,0,0,0,0,1,0, 
2024,18,MOQUEGUA,03,ILO,02,EL ALGARROBAL,12018,01,01,1,1,180312005,15.38463,1,,1,0,1,6,HIGUERA,1136,2,0,540,0,0,0,0,0,1,0, 
2024,18,MOQUEGUA,03,ILO,02,EL ALGARROBAL,12018,03,03,1,1,180312005,3.750035,1,,1,1,1,1,OLIVO,1218,2,1,500,0,0,0,0,0,1,0, 
2024,18,MOQUEGUA,03,ILO,02,EL ALGARROBAL,12018,03,03,1,1,180312005,3.750035,1,,1,1,1,2,NARANJO,1156,2,0,001,0,0,0,0,0,1,0, 
2024,18,MOQUEGUA,03,ILO,02,EL ALGARROBAL,12018,03,03,1,1,180312005,3.750035,1,,1,1,1,3,ALFALFA,1401,3,0,500,0,0,0,0,0,1,0, 
2024,18,MOQUEGUA,03,ILO,02,EL ALGARROBAL,12018,04,04,1,1,180312005,3.855859,1,,1,1,1,1,PACAE,1159,2,0,045,0,0,1,0,0,0,0, 
2024,18,MOQUEGUA,03,ILO,02,EL ALGARROBAL,12018,04,04,1,1,180312005,3.855859,1,,1,1,1,2,MANGO,1147,2,0,018,0,0,0,0,0,1,0, 
2024,18,MOQUEGUA,03,ILO,02,EL ALGARROBAL,12018,04,04,1,1,180312005,3.855859,1,,1,1,1,3,HIGUERA,1136,2,0,006,0,0,0,0,0,1,0, 
2024,18,MOQUEGUA,03,ILO,02,EL ALGARROBAL,12018,04,04,1,1,180312005,3.855859,1,,1,1,1,4,NARANJO,1156,2,0,006,0,0,0,0,0,1,0, 
2024,18,MOQUEGUA,03,ILO,02,EL ALGARROBAL,12018,04,04,1,1,180312005,3.855859,1,,1,1,1,5,MELOCOTONERO,1152,2,0,015,0,0,0,0,0,1,0, 
2024,18,MOQUEGUA,03,ILO,02,EL ALGARROBAL,12018,04,04,1,1,180312005,3.855859,1,,1,1,1,6,OLIVO,1218,2,0,030,0,0,0,0,0,1,0, 
2024,18,MOQUEGUA,03,ILO,02,EL ALGARROBAL,12018,06,06,1,1,180312005,.8558608,1,,1,0,1,1,OLIVO,1218,2,0,004,0,0,0,0,0,1,0, 
2024,18,MOQUEGUA,02,GENERAL SANCHEZ CERRO,11,YUNGA,12020,01,01,1,2,180241002,40.98755,1,,1,1,1,1,ALFALFA,1401,3,200,000,0,0,0,1,0,0,0, 
2024,18,MOQUEGUA,02,GENERAL SANCHEZ CERRO,11,YUNGA,12020,02,02,1,2,180241002,36.41899,1,,1,1,6,1,HABA,2942,1,300,000,0,0,1,1,0,0,0, 
2024,18,MOQUEGUA,02,GENERAL SANCHEZ CERRO,11,YUNGA,12020,03,03,1,2,180241002,41.57148,1,,1,1,4,1,ALFALFA,1401,3,4,000,0,0,1,1,0,1,0, 
2024,18,MOQUEGUA,02,GENERAL SANCHEZ CERRO,11,YUNGA,12020,03,03,1,2,180241002,41.57148,1,,1,1,2,1,HABA,2942,1,150,000,0,0,1,1,0,0,0, 
2024,18,MOQUEGUA,02,GENERAL SANCHEZ CERRO,11,YUNGA,12020,03,03,1,2,180241002,41.57148,1,,1,1,2,2,MAIZ CHOCLO,2109,1,150,000,0,0,1,1,0,0,0, 
2024,18,MOQUEGUA,02,GENERAL SANCHEZ CERRO,10,UBINAS,12022,01,01,1,2,180241002,234.1319,1,,1,1,4,1,PAPA NATIVA,2615,1,0,150,0,0,1,1,0,0,0, 
2024,18,MOQUEGUA,02,GENERAL SANCHEZ CERRO,10,UBINAS,12028,01,01,1,2,180231002,5.557895,1,,1,1,7,1,HABA,2942,1,0,500,0,0,1,1,0,0,0, 
2024,18,MOQUEGUA,02,GENERAL SANCHEZ CERRO,10,UBINAS,12029,01,01,1,2,180241002,5.63402,1,,1,1,4,1,PAPA BLANCA,2612,1,24,000,0,0,1,0,0,0,0, 
2024,18,MOQUEGUA,02,GENERAL SANCHEZ CERRO,10,UBINAS,12029,01,01,1,2,180241002,5.63402,1,,1,1,5,1,MAIZ AMILACEO,2108,1,24,000,0,0,1,0,0,0,0, 
2024,18,MOQUEGUA,02,GENERAL SANCHEZ CERRO,10,UBINAS,12030,02,02,1,2,180241002,3.528361,1,,1,1,3,1,HABA,2942,1,1000,000,0,0,1,0,0,0,0, 
2024,18,MOQUEGUA,02,GENERAL SANCHEZ CERRO,10,UBINAS,12030,02,02,1,2,180241002,3.528361,1,,1,1,2,1,MAIZ AMILACEO,2108,1,1000,000,0,0,1,0,0,0,0, 
2024,18,MOQUEGUA,02,GENERAL SANCHEZ CERRO,10,UBINAS,12031,02,02,1,2,180231002,.0192701,1,,1,1,1,1,HABA,2942,1,0,050,0,0,1,0,0,0,0, 
2024,18,MOQUEGUA,02,GENERAL SANCHEZ CERRO,10,UBINAS,12031,03,03,1,2,180231002,2.880739,1,,1,1,1,1,MAIZ AMILACEO,2108,1,0,150,0,0,1,1,0,0,0, 
2024,18,MOQUEGUA,02,GENERAL SANCHEZ CERRO,10,UBINAS,12035,02,02,1,2,180231002,27.7776,1,,1,1,4,1,MAIZ AMILACEO,2108,1,500,000,0,0,0,1,0,0,0, 
2024,18,MOQUEGUA,02,GENERAL SANCHEZ CERRO,10,UBINAS,12035,05,05,1,2,180231002,3.695789,1,,1,1,4,1,MAIZ AMILACEO,2108,1,600,000,0,0,1,1,0,0,0, 
2024,18,MOQUEGUA,02,GENERAL SANCHEZ CERRO,10,UBINAS,12035,05,05,1,2,180231002,3.695789,1,,1,1,5,1,HABA,2942,1,300,000,0,0,1,1,0,0,0, 
2024,18,MOQUEGUA,02,GENERAL SANCHEZ CERRO,10,UBINAS,12037,03,03,1,2,180241002,19.31413,1,,1,1,6,1,PAPA NATIVA,2615,1,0,125,0,0,1,1,0,0,0, 
2024,18,MOQUEGUA,02,GENERAL SANCHEZ CERRO,10,UBINAS,12037,03,03,1,2,180241002,19.31413,1,,1,1,4,1,MAIZ AMILACEO,2108,1,0,250,0,0,1,1,0,0,0, 
2024,18,MOQUEGUA,02,GENERAL SANCHEZ CERRO,10,UBINAS,12037,03,03,1,2,180241002,19.31413,1,,1,1,5,1,MAIZ AMILACEO,2108,1,0,125,0,0,1,1,0,0,0, 
2024,18,MOQUEGUA,02,GENERAL SANCHEZ CERRO,10,UBINAS,12038,02,02,1,2,180241003,1.153254,1,,1,1,2,1,MAIZ AMILACEO,2108,1,0,250,0,0,0,1,0,0,0, 
2024,18,MOQUEGUA,02,GENERAL SANCHEZ CERRO,10,UBINAS,12038,03,03,1,2,180241003,.2971202,1,,1,1,6,1,PAPA BLANCA,2612,1,0,250,0,0,0,1,0,0,0, 
2024,18,MOQUEGUA,02,GENERAL SANCHEZ CERRO,10,UBINAS,12040,05,05,1,2,180231002,1.885954,1,,1,1,2,1,MELOCOTONERO,1152,2,200,000,0,1,1,0,0,0,0, 
2024,18,MOQUEGUA,02,GENERAL SANCHEZ CERRO,10,UBINAS,12040,06,06,1,2,180231002,6.079534,1,,1,1,1,1,TUNA FRUTA,1186,2,36,000,0,0,1,0,0,0,0, 
2024,18,MOQUEGUA,02,GENERAL SANCHEZ CERRO,10,UBINAS,12040,07,07,1,2,180231002,3.088756,1,,1,1,1,1,TUNA FRUTA,1186,2,88,000,0,0,1,0,0,0,0, 
2024,18,MOQUEGUA,02,GENERAL SANCHEZ CERRO,10,UBINAS,12040,07,07,1,2,180231002,3.088756,1,,1,1,5,1,PAPA BLANCA,2612,1,100,000,0,0,1,0,0,0,0, 
2024,18,MOQUEGUA,02,GENERAL SANCHEZ CERRO,10,UBINAS,12040,07,07,1,2,180231002,3.088756,1,,1,1,5,2,HABA,2942,1,100,000,0,0,1,0,0,0,0, 
2024,18,MOQUEGUA,02,GENERAL SANCHEZ CERRO,08,PUQUINA,12048,01,01,1,2,180231002,14.98765,1,,1,0,3,1,PAPA BLANCA,2612,1,0,500,0,0,1,0,0,0,0, 
2024,18,MOQUEGUA,02,GENERAL SANCHEZ CERRO,08,PUQUINA,12050,01,01,1,2,180231003,14.9812,1,,1,1,1,1,HABA,2942,1,1,000,0,0,1,1,0,0,0, 
2024,18,MOQUEGUA,02,GENERAL SANCHEZ CERRO,08,PUQUINA,12062,02,02,1,2,180231003,7.539668,1,,1,1,1,1,MAIZ AMILACEO,2108,1,0,250,0,0,1,0,0,0,0, 
2024,18,MOQUEGUA,02,GENERAL SANCHEZ CERRO,08,PUQUINA,12063,04,04,1,2,180231002,.0018757,1,,1,1,1,1,AVENA FORRAJERA,2701,1,0,349,0,0,1,1,0,0,0, 
2024,18,MOQUEGUA,02,GENERAL SANCHEZ CERRO,06,LLOQUE,12070,02,02,1,2,180231002,.7497982,1,,1,1,14,1,MELOCOTONERO,1152,2,100,000,0,0,1,0,0,0,0, 
2024,18,MOQUEGUA,02,GENERAL SANCHEZ CERRO,06,LLOQUE,12070,05,05,1,2,180231002,1.58612,1,,1,1,2,1,MAIZ AMILACEO,2108,1,150,000,1,0,0,0,0,0,0, 
2024,18,MOQUEGUA,02,GENERAL SANCHEZ CERRO,06,LLOQUE,12070,05,05,1,2,180231002,1.58612,1,,1,1,4,1,MAIZ AMILACEO,2108,1,400,000,0,0,1,0,0,0,0, 
2024,18,MOQUEGUA,02,GENERAL SANCHEZ CERRO,06,LLOQUE,12070,05,05,1,2,180231002,1.58612,1,,1,1,2,2,TUNA FRUTA,1186,2,50,000,1,0,0,0,0,0,0, 
2024,18,MOQUEGUA,02,GENERAL SANCHEZ CERRO,06,LLOQUE,12070,09,09,1,2,180231002,1.555783,1,,1,1,1,1,MELOCOTONERO,1152,2,30,000,1,0,0,0,0,0,0, 
2024,18,MOQUEGUA,02,GENERAL SANCHEZ CERRO,06,LLOQUE,12070,09,09,1,2,180231002,1.555783,1,,1,1,1,2,ALFALFA,1401,3,150,000,1,0,0,0,0,0,0, 
2024,18,MOQUEGUA,02,GENERAL SANCHEZ CERRO,06,LLOQUE,12070,10,10,1,2,180231002,2.129647,1,,1,1,1,1,TUNA FRUTA,1186,2,120,000,1,1,0,0,0,0,0, 
2024,18,MOQUEGUA,02,GENERAL SANCHEZ CERRO,06,LLOQUE,12070,13,13,1,2,180231002,9.082912,1,,1,1,12,1,MAIZ AMILACEO,2108,1,100,000,1,0,0,0,0,0,0, 
2024,18,MOQUEGUA,02,GENERAL SANCHEZ CERRO,05,LA CAPILLA,12072,09,09,1,2,180231002,5.657669,1,,1,1,1,1,MAIZ AMILACEO,2108,1,0,250,0,0,1,0,0,1,0, 
2024,18,MOQUEGUA,02,GENERAL SANCHEZ CERRO,05,LA CAPILLA,12074,02,02,1,2,180234004,244.9172,1,,1,0,1,1,PAPA BLANCA,2612,1,0,090,0,0,0,1,0,0,0, 
2024,18,MOQUEGUA,02,GENERAL SANCHEZ CERRO,05,LA CAPILLA,12078,01,01,1,2,180232004,3.206003,1,,1,1,1,1,PAPA BLANCA,2612,1,0,150,0,0,1,0,0,0,0, 
2024,18,MOQUEGUA,02,GENERAL SANCHEZ CERRO,05,LA CAPILLA,12078,01,01,1,2,180232004,3.206003,1,,1,1,1,2,MAIZ AMILACEO,2108,1,0,150,0,0,1,0,0,0,0, 
2024,18,MOQUEGUA,02,GENERAL SANCHEZ CERRO,05,LA CAPILLA,12078,04,04,1,2,180232004,11.69114,1,,1,0,1,1,MAIZ AMILACEO,2108,1,0,150,0,0,0,1,0,1,0, 
2024,18,MOQUEGUA,02,GENERAL SANCHEZ CERRO,04,ICHUÑA,12081,02,02,1,2,180242002,70.83986,1,,1,1,3,1,QUINUA,2111,1,450,000,0,0,0,1,0,0,0, 
2024,18,MOQUEGUA,02,GENERAL SANCHEZ CERRO,04,ICHUÑA,12083,01,01,1,2,180241002,28.2707,1,,1,1,1,1,HABA,2942,1,0,050,0,0,0,1,1,0,0, 
2024,18,MOQUEGUA,02,GENERAL SANCHEZ CERRO,04,ICHUÑA,12083,05,05,1,2,180241002,26.50003,1,,1,1,3,1,HABA,2942,1,0,020,0,0,1,0,1,0,0, 
2024,18,MOQUEGUA,02,GENERAL SANCHEZ CERRO,04,ICHUÑA,12083,07,07,1,2,180241002,8.369487,1,,1,1,3,1,MAIZ AMILACEO,2108,1,0,035,0,0,0,1,1,1,0, 
2024,18,MOQUEGUA,02,GENERAL SANCHEZ CERRO,04,ICHUÑA,12084,06,06,1,2,180241002,8.2278,1,,1,1,3,1,MAIZ AMILACEO,2108,1,200,000,0,0,1,0,0,0,0, 
2024,18,MOQUEGUA,02,GENERAL SANCHEZ CERRO,04,ICHUÑA,12086,08,08,1,2,180242002,8.163127,1,,1,1,5,1,CEBADA FORRAJERA,2703,1,0,030,0,0,0,0,1,0,0, 
2024,18,MOQUEGUA,02,GENERAL SANCHEZ CERRO,03,COALAQUE,12089,03,03,1,2,180221003,4.038025,1,,1,1,2,1,PAPA BLANCA,2612,1,0,030,1,0,0,0,0,0,0, 
2024,18,MOQUEGUA,02,GENERAL SANCHEZ CERRO,03,COALAQUE,12095,05,05,1,2,180231002,18.25604,1,,1,1,4,1,MAIZ AMILACEO,2108,1,300,000,0,0,1,0,0,0,0, 
2024,18,MOQUEGUA,02,GENERAL SANCHEZ CERRO,02,CHOJATA,12096,03,03,1,2,180231002,3.893323,1,,1,1,30,1,HABA,2942,1,0,020,0,0,1,1,0,0,0, 
2024,18,MOQUEGUA,02,GENERAL SANCHEZ CERRO,02,CHOJATA,12096,03,03,1,2,180231002,3.893323,1,,1,1,32,1,PAPA COLOR,2613,1,0,070,0,0,1,1,0,0,0, 
2024,18,MOQUEGUA,02,GENERAL SANCHEZ CERRO,02,CHOJATA,12096,04,04,1,2,180231002,32.36277,1,,1,1,4,1,HABA,2942,1,0,010,0,0,1,1,0,0,0, 
2024,18,MOQUEGUA,02,GENERAL SANCHEZ CERRO,02,CHOJATA,12097,12,12,1,2,180231002,9.358754,1,,1,1,2,1,HABA,2942,1,100,000,0,0,1,1,1,0,0, 
2024,18,MOQUEGUA,01,MARISCAL NIETO,06,TORATA,12111,04,04,1,2,180131003,15.27025,1,,1,1,1,1,MELOCOTONERO,1152,2,0,015,0,0,1,0,0,1,0, 
2024,18,MOQUEGUA,01,MARISCAL NIETO,06,TORATA,12111,04,04,1,2,180131003,15.27025,1,,1,1,1,2,DAMASCO,1130,2,0,015,0,0,1,0,0,0,0, 
2024,18,MOQUEGUA,01,MARISCAL NIETO,06,TORATA,12111,05,05,1,2,180131003,10.57291,1,,1,0,2,1,MELOCOTONERO,1152,2,0,150,0,0,1,0,0,0,0, 
2024,18,MOQUEGUA,01,MARISCAL NIETO,06,TORATA,12111,05,05,1,2,180131003,10.57291,1,,1,0,2,2,PALTO,1162,2,0,050,0,0,1,0,0,0,0, 
2024,18,MOQUEGUA,01,MARISCAL NIETO,06,TORATA,12116,03,03,1,2,180123004,1.384727,1,,1,1,1,1,GUAYABO,1134,2,0,021,0,0,1,0,0,0,0, 
2024,18,MOQUEGUA,01,MARISCAL NIETO,06,TORATA,12116,03,03,1,2,180123004,1.384727,1,,1,1,1,2,PACAE,1159,2,0,081,0,0,1,0,0,0,0, 
2024,18,MOQUEGUA,01,MARISCAL NIETO,06,TORATA,12116,03,03,1,2,180123004,1.384727,1,,1,1,1,3,HIGUERA,1136,2,0,010,0,0,1,0,0,0,0, 
2024,18,MOQUEGUA,01,MARISCAL NIETO,06,TORATA,12116,03,03,1,2,180123004,1.384727,1,,1,1,1,4,MORERA,1154,2,0,001,0,0,1,0,0,0,0, 
2024,18,MOQUEGUA,01,MARISCAL NIETO,06,TORATA,12116,03,03,1,2,180123004,1.384727,1,,1,1,1,5,MELOCOTONERO,1152,2,0,002,0,0,1,0,0,0,0, 
2024,18,MOQUEGUA,01,MARISCAL NIETO,06,TORATA,12116,10,10,1,2,180123004,.5537016,1,,1,0,1,1,MANZANO,1149,2,0,025,0,0,0,0,0,1,0, 
2024,18,MOQUEGUA,01,MARISCAL NIETO,06,TORATA,12116,10,10,1,2,180123004,.5537016,1,,1,0,3,1,PACAE,1159,2,0,035,0,0,1,0,0,1,0, 
2024,18,MOQUEGUA,01,MARISCAL NIETO,06,TORATA,12116,10,10,1,2,180123004,.5537016,1,,1,0,1,2,GRANADO,1132,2,0,001,0,0,0,0,0,1,0, 
2024,18,MOQUEGUA,01,MARISCAL NIETO,06,TORATA,12116,10,10,1,2,180123004,.5537016,1,,1,0,3,2,MANZANO,1149,2,0,010,0,0,1,0,0,1,0, 
2024,18,MOQUEGUA,01,MARISCAL NIETO,06,TORATA,12116,10,10,1,2,180123004,.5537016,1,,1,0,1,3,HIGUERA,1136,2,0,005,0,0,0,0,0,1,0, 
2024,18,MOQUEGUA,01,MARISCAL NIETO,06,TORATA,12116,10,10,1,2,180123004,.5537016,1,,1,0,3,3,NISPERO,1157,2,0,010,0,0,0,0,0,1,0, 
2024,18,MOQUEGUA,01,MARISCAL NIETO,06,TORATA,12116,10,10,1,2,180123004,.5537016,1,,1,0,3,4,PALTO,1162,2,0,002,0,0,0,0,0,1,0, 
2024,18,MOQUEGUA,01,MARISCAL NIETO,06,TORATA,12116,10,10,1,2,180123004,.5537016,1,,1,0,1,4,ROMERO,1310,3,0,010,0,0,1,0,0,1,0, 
2024,18,MOQUEGUA,01,MARISCAL NIETO,06,TORATA,12116,11,11,1,2,180123004,1.796616,1,,1,1,1,1,HIGUERA,1136,2,0,010,0,0,1,0,0,1,0, 
2024,18,MOQUEGUA,01,MARISCAL NIETO,06,TORATA,12116,11,11,1,2,180123004,1.796616,1,,1,1,1,2,GUAYABO,1134,2,0,003,0,0,1,0,0,0,0, 
2024,18,MOQUEGUA,01,MARISCAL NIETO,06,TORATA,12116,11,11,1,2,180123004,1.796616,1,,1,1,1,3,PACAE,1159,2,0,015,0,0,1,0,0,0,0, 
2024,18,MOQUEGUA,01,MARISCAL NIETO,06,TORATA,12116,11,11,1,2,180123004,1.796616,1,,1,1,1,4,MANZANO,1149,2,0,002,0,0,0,0,0,1,0, 
2024,18,MOQUEGUA,01,MARISCAL NIETO,06,TORATA,12116,11,11,1,2,180123004,1.796616,1,,1,1,1,5,GRANADO,1132,2,0,001,0,0,1,0,0,1,0, 
2024,18,MOQUEGUA,01,MARISCAL NIETO,06,TORATA,12119,05,05,1,2,180124005,151.3631,1,,1,0,2,1,PERAL,1166,2,0,050,0,0,0,0,1,0,0, 
2024,18,MOQUEGUA,01,MARISCAL NIETO,06,TORATA,12119,07,07,1,2,180124005,9.424966,1,,1,0,1,1,MELOCOTONERO,1152,2,0,010,1,0,1,0,0,0,0, 
2024,18,MOQUEGUA,01,MARISCAL NIETO,06,TORATA,12119,07,07,1,2,180124005,9.424966,1,,1,0,1,2,PERAL,1166,2,0,010,1,0,1,0,0,0,0, 
2024,18,MOQUEGUA,01,MARISCAL NIETO,06,TORATA,12119,07,07,1,2,180124005,9.424966,1,,1,0,1,3,TUNA FRUTA,1186,2,0,005,1,0,1,0,0,0,0, 
2024,18,MOQUEGUA,01,MARISCAL NIETO,06,TORATA,12121,01,01,1,2,180133004,1.740821,1,,1,1,1,1,ARVEJON,2902,1,0,060,0,0,1,1,0,0,0, 
2024,18,MOQUEGUA,01,MARISCAL NIETO,06,TORATA,12125,01,01,1,2,180123003,.4004008,1,,1,1,1,1,PACAE,1159,2,0,150,0,0,1,0,0,0,0, 
2024,18,MOQUEGUA,01,MARISCAL NIETO,06,TORATA,12125,01,01,1,2,180123003,.4004008,1,,1,1,1,2,GUAYABO,1134,2,0,001,0,0,1,0,0,0,0, 
2024,18,MOQUEGUA,01,MARISCAL NIETO,06,TORATA,12125,02,02,1,2,180123003,75.49213,1,,1,1,5,1,PACAE,1159,2,0,015,0,0,1,0,0,0,0, 
2024,18,MOQUEGUA,01,MARISCAL NIETO,06,TORATA,12125,02,02,1,2,180123003,75.49213,1,,1,1,2,1,PACAE,1159,2,0,030,0,0,1,0,0,0,0, 
2024,18,MOQUEGUA,01,MARISCAL NIETO,06,TORATA,12125,02,02,1,2,180123003,75.49213,1,,1,1,3,1,GUAYABO,1134,2,0,005,0,0,1,0,0,0,0, 
2024,18,MOQUEGUA,01,MARISCAL NIETO,06,TORATA,12125,02,02,1,2,180123003,75.49213,1,,1,1,3,2,HIGUERA,1136,2,0,005,0,0,1,0,0,0,0, 
2024,18,MOQUEGUA,01,MARISCAL NIETO,06,TORATA,12125,03,03,1,2,180123003,45.27869,1,,1,1,1,1,PACAE,1159,2,0,050,0,0,1,0,0,0,0, 
2024,18,MOQUEGUA,01,MARISCAL NIETO,06,TORATA,12125,03,03,1,2,180123003,45.27869,1,,1,1,1,2,TUNA FRUTA,1186,2,0,100,0,0,1,0,0,0,0, 
2024,18,MOQUEGUA,01,MARISCAL NIETO,06,TORATA,12125,03,03,1,2,180123003,45.27869,1,,1,1,1,3,HIGUERA,1136,2,0,005,0,0,1,0,0,0,0, 
2024,18,MOQUEGUA,01,MARISCAL NIETO,06,TORATA,12125,03,03,1,2,180123003,45.27869,1,,1,1,1,4,GUAYABO,1134,2,0,005,0,0,1,0,0,0,0, 
2024,18,MOQUEGUA,01,MARISCAL NIETO,06,TORATA,12125,04,04,1,2,180123003,19.13274,1,,1,0,1,1,MANZANO,1149,2,0,020,0,0,1,0,0,1,0, 
2024,18,MOQUEGUA,01,MARISCAL NIETO,06,TORATA,12125,04,04,1,2,180123003,19.13274,1,,1,0,1,2,GUAYABO,1134,2,0,001,0,0,1,0,0,1,0, 
2024,18,MOQUEGUA,01,MARISCAL NIETO,06,TORATA,12125,04,04,1,2,180123003,19.13274,1,,1,0,1,3,HIGUERA,1136,2,0,010,0,0,1,0,0,1,0, 
2024,18,MOQUEGUA,01,MARISCAL NIETO,06,TORATA,12128,01,01,1,2,180134005,6.774776,1,,1,0,1,1,TUNA FRUTA,1186,2,0,080,0,0,1,0,0,0,0, 
2024,18,MOQUEGUA,01,MARISCAL NIETO,06,TORATA,12131,01,01,1,2,180122003,3.360375,1,,1,1,1,1,PACAE,1159,2,0,003,0,0,1,0,0,0,0, 
2024,18,MOQUEGUA,01,MARISCAL NIETO,06,TORATA,12131,01,01,1,2,180122003,3.360375,1,,1,1,2,1,TUNA FRUTA,1186,2,0,023,0,0,1,0,0,0,0, 
2024,18,MOQUEGUA,01,MARISCAL NIETO,06,TORATA,12131,01,01,1,2,180122003,3.360375,1,,1,1,2,2,PACAE,1159,2,0,007,0,0,1,0,0,0,0, 
2024,18,MOQUEGUA,01,MARISCAL NIETO,06,TORATA,12131,01,01,1,2,180122003,3.360375,1,,1,1,2,3,MANZANO,1149,2,0,001,0,0,1,0,0,0,0, 
2024,18,MOQUEGUA,01,MARISCAL NIETO,06,TORATA,12131,03,03,1,2,180122003,2.835906,1,,1,1,1,1,HIGUERA,1136,2,0,001,0,0,1,0,0,0,0, 
2024,18,MOQUEGUA,01,MARISCAL NIETO,06,TORATA,12131,03,03,1,2,180122003,2.835906,1,,1,1,1,2,TUNA FRUTA,1186,2,0,010,0,0,1,0,0,0,0, 
2024,18,MOQUEGUA,01,MARISCAL NIETO,06,TORATA,12131,05,05,1,2,180122003,6.995035,1,,1,1,1,1,TUNA FRUTA,1186,2,0,090,0,0,1,0,0,0,0, 
2024,18,MOQUEGUA,01,MARISCAL NIETO,06,TORATA,12131,05,05,1,2,180122003,6.995035,1,,1,1,1,2,PACAE,1159,2,0,005,0,0,1,0,0,0,0, 
2024,18,MOQUEGUA,01,MARISCAL NIETO,06,TORATA,12131,07,07,1,2,180122003,.5590144,1,,1,1,3,1,PALTO,1162,2,0,100,0,0,1,0,0,0,0, 
2024,18,MOQUEGUA,01,MARISCAL NIETO,06,TORATA,12134,03,03,1,2,180131002,.3196292,1,,1,1,1,1,MEMBRILLERO,1153,2,0,030,0,0,1,0,0,0,0, 
2024,18,MOQUEGUA,01,MARISCAL NIETO,06,TORATA,12136,04,04,1,2,180134006,160.9843,1,,1,0,2,1,PAPA BLANCA,2612,1,0,040,0,0,1,0,0,0,0, 
2024,18,MOQUEGUA,01,MARISCAL NIETO,06,TORATA,12137,01,01,1,2,180121003,7.551043,1,,1,1,1,1,PACAE,1159,2,0,005,0,0,1,0,0,0,0, 
2024,18,MOQUEGUA,01,MARISCAL NIETO,06,TORATA,12138,02,02,1,2,180134003,194.0785,1,,1,1,1,1,TUNA FRUTA,1186,2,0,024,0,0,1,0,0,1,0, 
2024,18,MOQUEGUA,01,MARISCAL NIETO,06,TORATA,12138,03,03,1,2,180134003,28.18635,1,,1,0,1,1,TUNA FRUTA,1186,2,0,002,0,0,1,0,0,0,0, 
2024,18,MOQUEGUA,01,MARISCAL NIETO,05,SAN CRISTOBAL,12139,02,02,1,2,180131002,1.580567,1,,1,1,1,1,TUNA FRUTA,1186,2,0,007,0,0,0,0,0,0,1, 
2024,18,MOQUEGUA,01,MARISCAL NIETO,04,SAMEGUA,12151,03,03,1,1,180122004,9.083621,1,,1,0,1,1,TUNA FRUTA,1186,2,0,010,0,0,1,0,0,0,0, 
2024,18,MOQUEGUA,01,MARISCAL NIETO,04,SAMEGUA,12151,03,03,1,1,180122004,9.083621,1,,1,0,2,1,TUNA FRUTA,1186,2,0,001,0,0,1,0,0,0,0, 
2024,18,MOQUEGUA,01,MARISCAL NIETO,04,SAMEGUA,12151,06,06,1,1,180122004,9.640059,1,,1,1,5,1,LIMON ACIDO,1140,3,0,001,0,0,1,0,0,0,0, 
2024,18,MOQUEGUA,01,MARISCAL NIETO,04,SAMEGUA,12151,06,06,1,1,180122004,9.640059,1,,1,1,4,1,LIMON ACIDO,1140,3,0,002,0,0,1,0,0,0,0, 
2024,18,MOQUEGUA,01,MARISCAL NIETO,04,SAMEGUA,12151,07,07,1,1,180122004,6.562981,1,,1,1,1,1,HIGUERA,1136,2,0,002,0,0,0,0,0,0,1, 
2024,18,MOQUEGUA,01,MARISCAL NIETO,04,SAMEGUA,12151,07,07,1,1,180122004,6.562981,1,,1,1,1,2,GUAYABO,1134,2,0,001,0,0,1,0,0,0,0, 
2024,18,MOQUEGUA,01,MARISCAL NIETO,04,SAMEGUA,12151,09,09,1,1,180122004,51.89289,1,,1,0,2,1,GUAYABO,1134,2,0,012,0,0,1,0,0,0,0, 
2024,18,MOQUEGUA,01,MARISCAL NIETO,04,SAMEGUA,12151,09,09,1,1,180122004,51.89289,1,,1,0,1,1,GUAYABO,1134,2,0,012,0,0,1,0,0,0,0, 
2024,18,MOQUEGUA,01,MARISCAL NIETO,04,SAMEGUA,12151,09,09,1,1,180122004,51.89289,1,,1,0,1,2,NISPERO,1157,2,0,005,0,0,1,0,0,0,0, 
2024,18,MOQUEGUA,01,MARISCAL NIETO,04,SAMEGUA,12151,12,12,1,1,180122004,1.088604,1,,1,0,1,1,TUNA FRUTA,1186,2,0,010,0,0,0,0,0,1,0, 
2024,18,MOQUEGUA,01,MARISCAL NIETO,04,SAMEGUA,12151,12,12,1,1,180122004,1.088604,1,,1,0,1,2,HIGUERA,1136,2,0,005,0,0,0,0,0,1,0, 
2024,18,MOQUEGUA,01,MARISCAL NIETO,04,SAMEGUA,12151,12,12,1,1,180122004,1.088604,1,,1,0,1,3,LUCUMO,1143,3,0,020,0,0,0,0,0,1,0, 
2024,18,MOQUEGUA,01,MARISCAL NIETO,04,SAMEGUA,12151,13,13,1,1,180122004,4.544518,1,,1,1,1,1,GUAYABO,1134,2,0,001,0,0,1,0,0,0,0, 
2024,18,MOQUEGUA,01,MARISCAL NIETO,04,SAMEGUA,12151,13,13,1,1,180122004,4.544518,1,,1,1,1,2,TUNA FRUTA,1186,2,0,025,0,0,0,0,0,1,0, 
2024,18,MOQUEGUA,01,MARISCAL NIETO,04,SAMEGUA,12151,14,14,1,1,180122004,8.952545,1,,1,1,3,1,GUAYABO,1134,2,150,000,0,0,1,0,0,0,0, 
2024,18,MOQUEGUA,01,MARISCAL NIETO,04,SAMEGUA,12151,14,14,1,1,180122004,8.952545,1,,1,1,3,2,MEMBRILLERO,1153,2,30,000,0,0,1,0,0,0,0, 
2024,18,MOQUEGUA,01,MARISCAL NIETO,04,SAMEGUA,12151,14,14,1,1,180122004,8.952545,1,,1,1,3,3,PACAE,1159,2,150,000,0,0,1,0,0,0,0, 
2024,18,MOQUEGUA,01,MARISCAL NIETO,04,SAMEGUA,12151,15,15,1,1,180122004,17.64223,1,,1,1,1,1,LIMA,1139,2,0,010,0,0,1,0,0,0,0, 
2024,18,MOQUEGUA,01,MARISCAL NIETO,04,SAMEGUA,12151,15,15,1,1,180122004,17.64223,1,,1,1,2,1,GUAYABO,1134,2,0,030,0,0,1,0,0,0,0, 
2024,18,MOQUEGUA,01,MARISCAL NIETO,04,SAMEGUA,12151,15,15,1,1,180122004,17.64223,1,,1,1,1,2,LIMON ACIDO,1140,3,0,020,0,0,0,0,0,1,0, 
2024,18,MOQUEGUA,01,MARISCAL NIETO,04,SAMEGUA,12151,15,15,1,1,180122004,17.64223,1,,1,1,1,3,GUAYABO,1134,2,0,010,0,0,1,0,0,0,0, 
2024,18,MOQUEGUA,01,MARISCAL NIETO,03,CUCHUMBAYA,12156,07,07,1,2,180131002,1.10577,1,,1,1,1,1,TUNA FRUTA,1186,2,0,002,0,0,1,0,0,0,0, 
2024,18,MOQUEGUA,01,MARISCAL NIETO,02,CARUMAS,12167,03,03,1,2,180131002,.8388528,1,,1,1,5,1,MAIZ AMARILLO DURO,2107,1,0,045,0,0,1,1,0,0,0, 
2024,18,MOQUEGUA,01,MARISCAL NIETO,02,CARUMAS,12167,07,07,1,2,180131002,7.457778,1,,1,1,5,1,MAIZ CHOCLO,2109,1,0,150,0,0,1,1,0,0,0, 
2024,18,MOQUEGUA,01,MARISCAL NIETO,02,CARUMAS,12167,07,07,1,2,180131002,7.457778,1,,1,1,11,1,HABA,2942,1,0,100,0,0,1,1,0,0,0, 
2024,18,MOQUEGUA,01,MARISCAL NIETO,02,CARUMAS,12167,08,08,1,2,180131002,3.652678,1,,1,1,1,1,MAIZ AMILACEO,2108,1,0,060,0,0,1,1,0,0,0, 
2024,18,MOQUEGUA,01,MARISCAL NIETO,02,CARUMAS,12170,03,03,1,2,180144003,135.824,1,,1,1,1,1,OREGANO,1219,3,0,800,0,0,0,0,0,0,1, 
2024,18,MOQUEGUA,01,MARISCAL NIETO,02,CARUMAS,12170,03,03,1,2,180144003,135.824,1,,1,1,3,1,OREGANO,1219,3,1,000,0,0,0,0,0,0,1, 
2024,18,MOQUEGUA,01,MARISCAL NIETO,02,CARUMAS,12172,03,03,1,2,180131002,3.574944,1,,1,1,7,1,TRIGO,2113,1,0,350,0,0,1,1,0,0,0, 
2024,18,MOQUEGUA,01,MARISCAL NIETO,02,CARUMAS,12172,03,03,1,2,180131002,3.574944,1,,1,1,6,1,CEBADA FORRAJERA,2703,1,0,340,0,0,1,1,0,0,0, 
2024,18,MOQUEGUA,01,MARISCAL NIETO,02,CARUMAS,12172,03,03,1,2,180131002,3.574944,1,,1,1,5,1,MAIZ CHOCLO,2109,1,0,430,0,0,1,1,0,0,1, 
2024,18,MOQUEGUA,01,MARISCAL NIETO,02,CARUMAS,12172,06,06,1,2,180131002,37.28813,1,,1,1,10,1,MAIZ CHOCLO,2109,1,0,330,0,0,1,0,0,0,1, 
2024,18,MOQUEGUA,01,MARISCAL NIETO,02,CARUMAS,12172,09,09,1,2,180131002,.0231262,1,,1,1,1,1,MAIZ AMARILLO DURO,2107,1,0,120,0,0,1,1,0,0,0, 
2024,18,MOQUEGUA,01,MARISCAL NIETO,02,CARUMAS,12174,01,01,1,2,180142004,.4901499,1,,1,1,1,1,OREGANO,1219,3,0,717,0,0,1,0,0,0,0, 
2024,18,MOQUEGUA,01,MARISCAL NIETO,02,CARUMAS,12174,03,03,1,2,180142004,1.079668,1,,1,0,1,1,OREGANO,1219,3,0,065,0,0,1,0,0,0,0, 
2024,18,MOQUEGUA,01,MARISCAL NIETO,02,CARUMAS,12176,03,03,1,2,180141004,3.165209,1,,1,1,3,1,MAIZ AMILACEO,2108,1,0,500,0,0,1,0,1,0,0, 
2024,18,MOQUEGUA,01,MARISCAL NIETO,02,CARUMAS,12176,04,04,1,2,180141004,.4813882,1,,1,1,1,1,OREGANO,1219,3,0,700,0,0,0,0,0,0,1, 
2024,18,MOQUEGUA,01,MARISCAL NIETO,02,CARUMAS,12176,05,05,1,2,180141004,2.483715,1,,1,1,3,1,MAIZ AMILACEO,2108,1,0,250,0,0,1,1,0,0,0, 
2024,18,MOQUEGUA,01,MARISCAL NIETO,02,CARUMAS,12176,06,06,1,2,180141004,.3988187,1,,1,1,5,1,OREGANO,1219,3,0,250,0,0,0,0,0,0,1, 
2024,18,MOQUEGUA,01,MARISCAL NIETO,02,CARUMAS,12176,08,08,1,2,180141004,.3507388,1,,1,1,1,1,ALFALFA,1401,3,1,500,0,0,1,0,0,0,0, 
2024,18,MOQUEGUA,01,MARISCAL NIETO,02,CARUMAS,12183,01,01,1,2,180131003,21.20099,1,,1,1,1,1,MAIZ AMILACEO,2108,1,0,030,0,0,1,1,0,0,0, 
2024,18,MOQUEGUA,01,MARISCAL NIETO,02,CARUMAS,12184,01,01,1,2,180141002,68.49277,1,,1,0,2,1,PAPA BLANCA,2612,1,0,500,0,0,1,1,0,0,0, 
2024,18,MOQUEGUA,01,MARISCAL NIETO,01,MOQUEGUA,12186,05,05,1,1,180121003,6.178626,1,,1,0,1,1,VAINITA,2948,1,0,481,0,0,1,0,0,0,0, 
2024,18,MOQUEGUA,01,MARISCAL NIETO,01,MOQUEGUA,12189,06,06,1,1,180121003,.2279918,1,,1,1,1,1,PACAE,1159,2,0,003,0,0,1,0,0,0,0, 
2024,18,MOQUEGUA,01,MARISCAL NIETO,01,MOQUEGUA,12189,07,07,1,1,180121003,2.376641,1,,1,1,1,1,PACAE,1159,2,0,004,0,0,1,0,0,0,0, 
2024,18,MOQUEGUA,01,MARISCAL NIETO,01,MOQUEGUA,12189,08,08,1,1,180121003,4.503085,1,,1,0,1,1,PAPA BLANCA,2612,1,0,270,0,0,0,0,0,1,0, 
2024,18,MOQUEGUA,01,MARISCAL NIETO,01,MOQUEGUA,12189,08,08,1,1,180121003,4.503085,1,,1,0,3,1,CEBOLLA,2315,1,0,250,0,0,0,0,0,1,0, 
2024,18,MOQUEGUA,01,MARISCAL NIETO,01,MOQUEGUA,12189,08,08,1,1,180121003,4.503085,1,,1,0,2,1,CEBOLLA,2315,1,0,400,0,0,0,0,0,1,0, 
2024,18,MOQUEGUA,01,MARISCAL NIETO,01,MOQUEGUA,12192,15,15,1,1,180121004,.3842524,1,,1,1,1,1,MAIZ CHALA,2706,1,0,200,1,0,0,0,0,0,0, 
2024,18,MOQUEGUA,01,MARISCAL NIETO,01,MOQUEGUA,12196,11,11,1,1,180121004,.6059915,1,,1,0,1,1,MELOCOTONERO,1152,2,0,012,0,0,1,0,0,0,0, 
2024,18,MOQUEGUA,01,MARISCAL NIETO,01,MOQUEGUA,12198,08,08,1,1,180124002,726.0662,1,,1,0,1,1,GUAYABO,1134,2,0,030,0,0,1,0,0,0,0, 
2024,18,MOQUEGUA,01,MARISCAL NIETO,01,MOQUEGUA,12198,08,08,1,1,180124002,726.0662,1,,1,0,1,2,HIGUERA,1136,2,0,018,0,0,1,0,0,0,0, 
2024,18,MOQUEGUA,01,MARISCAL NIETO,01,MOQUEGUA,12198,08,08,1,1,180124002,726.0662,1,,1,0,1,3,NARANJO,1156,2,0,009,0,0,1,0,0,0,0, 
2024,18,MOQUEGUA,01,MARISCAL NIETO,01,MOQUEGUA,12198,08,08,1,1,180124002,726.0662,1,,1,0,1,4,CHIRIMOYO,1121,2,0,015,0,0,1,0,0,0,0, 
2024,18,MOQUEGUA,01,MARISCAL NIETO,01,MOQUEGUA,12199,04,04,1,1,180121004,12.40779,1,,1,1,3,1,HIGUERA,1136,2,0,300,0,0,0,0,0,0,1, 
2024,18,MOQUEGUA,01,MARISCAL NIETO,01,MOQUEGUA,12199,10,10,1,1,180121004,.476697,1,,1,1,2,1,PAPA AMARILLA,2611,1,0,500,0,0,0,0,0,0,1, 
2024,18,MOQUEGUA,01,MARISCAL NIETO,01,MOQUEGUA,12200,08,08,1,1,180121003,.6081606,1,,1,1,1,1,CHIRIMOYO,1121,2,0,025,0,0,1,0,0,0,1, 
2024,18,MOQUEGUA,01,MARISCAL NIETO,01,MOQUEGUA,12200,08,08,1,1,180121003,.6081606,1,,1,1,1,2,GUAYABO,1134,2,0,025,0,0,1,0,0,0,1, 
2024,18,MOQUEGUA,01,MARISCAL NIETO,01,MOQUEGUA,12200,08,08,1,1,180121003,.6081606,1,,1,1,1,3,PACAE,1159,2,0,041,0,0,1,0,0,0,0, 
2024,18,MOQUEGUA,01,MARISCAL NIETO,01,MOQUEGUA,12200,08,08,1,1,180121003,.6081606,1,,1,1,1,4,MANGO,1147,2,0,004,0,0,1,0,0,0,1, 
2024,18,MOQUEGUA,01,MARISCAL NIETO,01,MOQUEGUA,12200,08,08,1,1,180121003,.6081606,1,,1,1,1,5,NISPERO,1157,2,0,015,0,0,1,0,0,0,0, 
2024,18,MOQUEGUA,01,MARISCAL NIETO,01,MOQUEGUA,12205,01,01,1,1,180121003,8.359419,1,,1,1,1,1,LAUREL,1307,2,0,001,0,0,1,0,0,0,0, 
2024,18,MOQUEGUA,01,MARISCAL NIETO,01,MOQUEGUA,12205,04,04,1,1,180121003,3.154325,1,,1,0,1,1,PALTO,1162,2,0,008,0,0,1,0,0,0,0, 
2024,18,MOQUEGUA,01,MARISCAL NIETO,01,MOQUEGUA,12205,08,08,1,1,180121003,.013709,1,,1,0,1,1,PACAE,1159,2,0,003,0,0,1,0,0,0,0, 
2024,18,MOQUEGUA,01,MARISCAL NIETO,01,MOQUEGUA,12205,08,08,1,1,180121003,.013709,1,,1,0,1,2,CHIRIMOYO,1121,2,0,003,0,0,1,0,0,0,0, 
2024,18,MOQUEGUA,01,MARISCAL NIETO,01,MOQUEGUA,12205,09,09,1,1,180121003,13.99664,1,,1,1,2,1,HIGUERA,1136,2,0,005,0,0,1,0,0,0,0, 
2024,18,MOQUEGUA,01,MARISCAL NIETO,01,MOQUEGUA,12205,09,09,1,1,180121003,13.99664,1,,1,1,2,2,PACAE,1159,2,0,007,0,0,1,0,0,0,0, 
2024,18,MOQUEGUA,01,MARISCAL NIETO,01,MOQUEGUA,12205,10,10,1,1,180121003,.8226528,1,,1,0,1,1,PACAE,1159,2,0,005,0,0,1,0,0,0,0, 
2024,18,MOQUEGUA,01,MARISCAL NIETO,01,MOQUEGUA,12205,10,10,1,1,180121003,.8226528,1,,1,0,1,2,HIGUERA,1136,2,0,010,0,0,1,0,0,0,0, 
2024,18,MOQUEGUA,01,MARISCAL NIETO,01,MOQUEGUA,12206,01,01,1,1,180123002,18.23973,1,,1,1,5,1,GUAYABO,1134,2,0,030,0,0,1,0,0,0,0, 
2024,18,MOQUEGUA,01,MARISCAL NIETO,01,MOQUEGUA,12206,01,01,1,1,180123002,18.23973,1,,1,1,5,2,MELOCOTONERO,1152,2,0,030,0,0,1,0,0,0,0, 
2024,18,MOQUEGUA,01,MARISCAL NIETO,01,MOQUEGUA,12206,01,01,1,1,180123002,18.23973,1,,1,1,5,3,LUCUMO,1143,3,0,020,0,0,1,0,0,0,0, 
2024,18,MOQUEGUA,01,MARISCAL NIETO,01,MOQUEGUA,12206,01,01,1,1,180123002,18.23973,1,,1,1,5,4,GRANADO,1132,2,0,050,0,0,1,0,0,0,0, 
2024,18,MOQUEGUA,01,MARISCAL NIETO,01,MOQUEGUA,12208,02,02,1,1,180121003,3.22233,1,,1,1,1,1,HIGUERA,1136,2,0,003,0,0,1,0,0,0,0, 
2024,18,MOQUEGUA,01,MARISCAL NIETO,01,MOQUEGUA,12208,03,03,1,1,180121003,.582413,1,,1,1,1,1,PACAE,1159,2,0,010,0,0,1,0,0,0,0, 
2024,17,MADRE DE DIOS,01,TAMBOPATA,03,LAS PIEDRAS,12250,03,03,1,3,170191005,.6320722,1,,1,1,1,1,CACAO,1202,3,2,000,0,0,0,0,0,0,1, 
2024,17,MADRE DE DIOS,01,TAMBOPATA,03,LAS PIEDRAS,12259,01,01,1,3,170191005,.3321944,1,,1,1,1,1,PIÑA,2208,1,0,346,0,0,0,0,0,1,0, 
2024,17,MADRE DE DIOS,01,TAMBOPATA,03,LAS PIEDRAS,12266,02,02,1,3,170191005,2.491125,1,,1,1,1,1,PAPAYA,1163,2,9,000,0,0,1,0,0,0,1, 
2024,16,LORETO,02,ALTO AMAZONAS,02,BALSAPUERTO,12365,01,01,1,3,160293004,9.115074,1,,1,1,1,1,CACAO,1202,3,0,350,0,0,1,0,0,1,0, 
2024,16,LORETO,02,ALTO AMAZONAS,01,YURIMAGUAS,12383,01,01,1,3,160293004,16.29591,1,,1,1,2,1,ARROZ CASCARA,2101,1,2,000,0,1,0,0,0,0,0, 
2024,16,LORETO,02,ALTO AMAZONAS,01,YURIMAGUAS,12383,01,01,1,3,160293004,16.29591,1,,1,1,1,1,ARROZ CASCARA,2101,1,3,000,0,1,0,0,0,0,0, 
2024,16,LORETO,02,ALTO AMAZONAS,01,YURIMAGUAS,12414,01,01,1,3,160291004,34.22388,1,,1,1,1,1,PLATANO,1171,3,0,400,0,0,0,0,0,1,0, 
2024,16,LORETO,02,ALTO AMAZONAS,01,YURIMAGUAS,12427,02,02,1,3,160292004,10.16698,1,,1,1,2,1,MAIZ AMARILLO DURO,2107,1,2,000,0,1,0,0,0,0,0, 
2024,16,LORETO,02,ALTO AMAZONAS,01,YURIMAGUAS,12435,02,02,1,3,160291004,11.39305,1,,1,0,1,1,PLATANO,1171,3,1,000,0,1,0,0,0,0,0, 
2024,15,LIMA,10,YAUYOS,32,VIÑAC,12531,03,03,1,2,151041003,26.40219,1,,1,1,5,1,ARVEJA,2901,1,0,020,0,0,0,1,0,0,0, 
2024,15,LIMA,10,YAUYOS,32,VIÑAC,12531,03,03,1,2,151041003,26.40219,1,,1,1,3,1,ARVEJA,2901,1,0,005,0,0,1,1,0,0,0, 
2024,15,LIMA,10,YAUYOS,32,VIÑAC,12531,04,04,1,2,151041003,4.111356,1,,1,1,1,1,PAPA NATIVA,2615,1,0,012,0,0,0,1,0,0,0, 
2024,15,LIMA,10,YAUYOS,32,VIÑAC,12531,10,10,1,2,151041003,3.089418,1,,1,1,8,1,CEBADA GRANO,2104,1,0,050,0,0,1,0,0,0,0, 
2024,15,LIMA,10,YAUYOS,32,VIÑAC,12533,05,05,1,2,151031003,9.004479,1,,1,1,2,1,ARVEJA,2901,1,0,010,0,0,1,0,0,0,0, 
2024,15,LIMA,10,YAUYOS,31,TUPE,12536,02,02,1,2,151032004,2.569894,1,,1,1,6,1,GUINDO,1135,2,0,010,0,0,1,0,0,0,1, 
2024,15,LIMA,10,YAUYOS,31,TUPE,12536,03,03,1,2,151032004,.4646403,1,,1,1,8,1,HABA,2942,1,0,015,0,0,1,0,0,0,1, 
2024,15,LIMA,10,YAUYOS,31,TUPE,12536,03,03,1,2,151032004,.4646403,1,,1,1,8,2,MAIZ CHOCLO,2109,1,0,015,0,0,1,0,0,0,1, 
2024,15,LIMA,10,YAUYOS,16,HUANTAN,12549,01,01,1,2,151034003,127.3239,1,,1,1,2,1,MAIZ CHOCLO,2109,1,0,300,0,0,1,0,0,0,0, 
2024,15,LIMA,10,YAUYOS,16,HUANTAN,12553,06,06,1,2,151031003,1.971,1,,1,1,1,1,TUNA FRUTA,1186,2,0,001,0,0,1,0,0,0,0, 
2024,15,LIMA,10,YAUYOS,16,HUANTAN,12553,06,06,1,2,151031003,1.971,1,,1,1,1,2,GUINDO,1135,2,0,001,0,0,1,0,0,0,0, 
2024,15,LIMA,10,YAUYOS,15,HUANGASCAR,12554,05,05,1,2,151032003,44.05909,1,,1,1,1,1,CALABAZA,2314,1,0,200,0,0,0,0,0,0,1, 
2024,15,LIMA,10,YAUYOS,11,COLONIA,12558,07,07,1,2,151021004,12.63607,1,,1,0,3,1,CAQUI,1197,2,1,000,0,0,0,0,0,1,0, 
2024,15,LIMA,10,YAUYOS,05,AZANGARO,12564,01,01,1,2,151043004,.134038,1,,1,1,1,1,PAPA NATIVA,2615,1,0,200,0,0,1,1,0,0,0, 
2024,15,LIMA,10,YAUYOS,05,AZANGARO,12564,04,04,1,2,151043004,.1527314,1,,1,1,1,1,HABA,2942,1,0,870,0,0,1,1,0,0,0, 
2024,15,LIMA,10,YAUYOS,03,ALLAUCA,12567,15,15,1,2,151021003,3.509907,1,,1,0,3,1,PALTO,1162,2,0,200,0,0,0,0,0,0,1, 
2024,15,LIMA,10,YAUYOS,03,ALLAUCA,12570,01,01,1,1,151023003,36.16974,1,,1,0,1,1,MANZANO,1149,2,0,466,1,0,1,0,0,0,0, 
2024,15,LIMA,10,YAUYOS,03,ALLAUCA,12570,04,04,1,1,151023003,25.87087,1,,1,0,1,1,MANZANO,1149,2,0,600,1,1,0,0,0,0,0, 
2024,15,LIMA,10,YAUYOS,03,ALLAUCA,12570,08,08,1,1,151023003,23.14724,1,,1,1,2,1,MANZANO,1149,2,0,500,1,1,0,0,0,0,0, 
2024,15,LIMA,10,YAUYOS,03,ALLAUCA,12570,08,08,1,1,151023003,23.14724,1,,1,1,1,1,MANZANO,1149,2,0,400,1,1,0,0,0,0,0, 
2024,15,LIMA,10,YAUYOS,03,ALLAUCA,12570,08,08,1,1,151023003,23.14724,1,,1,1,3,1,PALTO,1162,2,0,100,1,1,0,0,0,0,0, 
2024,15,LIMA,10,YAUYOS,03,ALLAUCA,12570,08,08,1,1,151023003,23.14724,1,,1,1,2,2,PALTO,1162,2,0,500,1,1,0,0,0,0,0, 
2024,15,LIMA,09,OYON,06,PACHANGARA,12580,01,01,1,2,150942003,19.56842,1,,1,0,1,1,PAPA NATIVA,2615,1,0,047,0,0,1,1,0,0,0, 
2024,15,LIMA,09,OYON,06,PACHANGARA,12580,02,02,1,2,150942003,17.65165,1,,1,0,1,1,PAPA NATIVA,2615,1,0,056,0,0,1,1,0,0,0, 
2024,15,LIMA,09,OYON,06,PACHANGARA,12580,03,03,1,2,150942003,8.343679,1,,1,1,1,1,PAPA NATIVA,2615,1,0,025,0,0,1,1,0,0,0, 
2024,15,LIMA,09,OYON,06,PACHANGARA,12580,04,04,1,2,150942003,25.35038,1,,1,0,1,1,PAPA NATIVA,2615,1,0,067,0,0,1,1,0,0,0, 
2024,15,LIMA,09,OYON,06,PACHANGARA,12580,05,05,1,2,150942003,14.97977,1,,1,1,1,1,PAPA NATIVA,2615,1,0,079,0,0,1,1,0,0,0, 
2024,15,LIMA,09,OYON,01,OYON,12615,04,04,1,2,150952003,9.137259,1,,1,1,1,1,PAPA NATIVA,2615,1,0,010,0,0,1,1,0,0,0, 
2024,15,LIMA,09,OYON,01,OYON,12615,08,08,1,2,150952003,1.573358,1,,1,1,1,1,PAPA NATIVA,2615,1,0,009,0,0,1,0,0,0,0, 
2024,15,LIMA,09,OYON,01,OYON,12615,10,10,1,2,150952003,1.348919,1,,1,1,1,1,PAPA NATIVA,2615,1,0,030,0,0,1,0,0,0,0, 
2024,15,LIMA,08,HUAURA,12,VEGUETA,12625,01,01,1,1,150811003,.3843396,1,,1,0,3,1,PAPA BLANCA,2612,1,2,500,0,0,1,0,0,0,0, 
2024,15,LIMA,08,HUAURA,11,SAYAN,12645,02,02,1,1,150812003,203.6611,1,,1,1,1,1,MAIZ CHOCLO,2109,1,1,850,0,0,1,0,0,0,0, 
2024,15,LIMA,08,HUAURA,11,SAYAN,12645,02,02,1,1,150812003,203.6611,1,,1,1,2,1,MAIZ CHOCLO,2109,1,1,000,0,0,1,0,0,0,0, 
2024,15,LIMA,08,HUAURA,07,LEONCIO PRADO,12667,09,09,1,2,150831003,8.292572,1,,1,1,6,1,PAPA BLANCA,2612,1,0,200,0,0,1,0,0,0,0, 
2024,15,LIMA,08,HUAURA,07,LEONCIO PRADO,12667,10,10,1,2,150831003,5.809547,1,,1,0,2,1,PAPA BLANCA,2612,1,0,320,0,0,1,1,0,0,0, 
2024,15,LIMA,08,HUAURA,07,LEONCIO PRADO,12667,11,11,1,2,150831003,4.101129,1,,1,1,4,1,PAPA BLANCA,2612,1,0,200,0,0,1,1,0,0,0, 
2024,15,LIMA,08,HUAURA,06,HUAURA,12677,01,01,1,1,150812002,7.945339,1,,1,1,1,1,PALTO,1162,2,0,500,0,0,1,0,0,0,0, 
2024,15,LIMA,08,HUAURA,06,HUAURA,12677,01,01,1,1,150812002,7.945339,1,,1,1,1,2,GRANADO,1132,2,0,500,0,0,1,0,0,0,0, 
2024,15,LIMA,08,HUAURA,06,HUAURA,12677,01,01,1,1,150812002,7.945339,1,,1,1,1,3,CHIRIMOYO,1121,2,0,500,0,0,1,0,0,0,0, 
2024,15,LIMA,08,HUAURA,06,HUAURA,12677,01,01,1,1,150812002,7.945339,1,,1,1,1,4,PACAE,1159,2,0,500,0,0,1,0,0,0,0, 
2024,15,LIMA,08,HUAURA,06,HUAURA,12677,01,01,1,1,150812002,7.945339,1,,1,1,1,5,MANGO,1147,2,0,500,0,0,1,0,0,0,0, 
2024,15,LIMA,08,HUAURA,06,HUAURA,12677,01,01,1,1,150812002,7.945339,1,,1,1,1,6,MAIZ CHALA,2706,1,0,500,1,0,0,0,0,0,0, 
2024,15,LIMA,08,HUAURA,06,HUAURA,12677,01,01,1,1,150812002,7.945339,1,,1,1,1,7,NISPERO,1157,2,0,500,0,0,1,0,0,0,0, 
2024,15,LIMA,08,HUAURA,06,HUAURA,12677,01,01,1,1,150812002,7.945339,1,,1,1,1,8,LUCUMO,1143,3,0,500,1,0,0,0,0,0,0, 
2024,15,LIMA,08,HUAURA,06,HUAURA,12677,01,01,1,1,150812002,7.945339,1,,1,1,1,9,CIRUELA AGRIA,1125,2,0,500,1,0,0,0,0,0,0, 
2024,15,LIMA,08,HUAURA,06,HUAURA,12677,01,01,1,1,150812002,7.945339,1,,1,1,1,10,CIRUELA DEL FRAILE,1126,2,0,500,1,0,0,0,0,0,0, 
2024,15,LIMA,08,HUAURA,06,HUAURA,12682,01,01,1,1,150811002,9.93528,1,,1,0,2,1,CAÑA DE AZUCAR PARA AZUCAR,2808,1,4,000,0,0,0,0,0,0,1, 
2024,15,LIMA,08,HUAURA,06,HUAURA,12682,01,01,1,1,150811002,9.93528,1,,1,0,1,1,CAÑA DE AZUCAR PARA AZUCAR,2808,1,2,000,0,0,0,0,0,0,1, 
2024,15,LIMA,08,HUAURA,04,CHECRAS,12687,01,01,1,2,150844002,104.0348,1,,1,1,1,1,PAPA NATIVA,2615,1,0,025,0,0,1,1,0,0,0, 
2024,15,LIMA,08,HUAURA,04,CHECRAS,12687,02,02,1,2,150844002,1805.424,1,,1,0,1,1,PAPA NATIVA,2615,1,0,061,0,0,1,0,0,0,0, 
2024,15,LIMA,08,HUAURA,04,CHECRAS,12688,01,01,1,2,150832003,42.96085,1,,1,0,2,1,PAPA BLANCA,2612,1,0,250,0,0,1,0,0,0,0, 
2024,15,LIMA,08,HUAURA,04,CHECRAS,12688,02,02,1,2,150832003,37.10174,1,,1,0,2,1,PAPA BLANCA,2612,1,0,300,0,0,1,0,0,0,0, 
2024,15,LIMA,08,HUAURA,02,AMBAR,12697,03,03,1,2,150833003,38.76839,1,,1,1,2,1,PAPA BLANCA,2612,1,0,300,0,0,1,0,0,1,0, 
2024,15,LIMA,08,HUAURA,01,HUACHO,12704,01,01,1,1,150811003,70.96808,1,,1,1,1,1,MAIZ CHOCLO,2109,1,2,800,0,0,1,0,0,0,0, 
2024,15,LIMA,08,HUAURA,01,HUACHO,12711,05,05,1,1,150811005,27.11201,1,,1,0,1,1,MAIZ CHOCLO,2109,1,2,000,0,0,1,0,0,0,1, 
2024,15,LIMA,08,HUAURA,01,HUACHO,12712,02,02,1,1,150811003,75.26565,1,,1,0,1,1,TARA,1225,2,3,720,0,0,0,0,0,1,0, 
2024,15,LIMA,07,HUAROCHIRI,32,SURCO,12715,01,01,1,2,150722003,57.46985,1,,1,0,1,1,MANZANO,1149,2,1,200,1,0,0,0,0,0,0, 
2024,15,LIMA,07,HUAROCHIRI,32,SURCO,12715,03,03,1,2,150722003,68.2046,1,,1,1,2,1,CIRUELA DEL FRAILE,1126,2,0,300,1,0,0,0,0,0,0, 
2024,15,LIMA,07,HUAROCHIRI,32,SURCO,12715,07,07,1,2,150722003,32.44974,1,,1,0,1,1,MANZANO,1149,2,0,100,1,0,0,0,0,0,0, 
2024,15,LIMA,07,HUAROCHIRI,31,SANTO DOMINGO DE LOS OLLEROS,12718,02,02,1,2,150723003,3.602184,1,,1,0,1,1,TUNA FRUTA,1186,2,0,300,0,0,1,0,0,0,0, 
2024,15,LIMA,07,HUAROCHIRI,31,SANTO DOMINGO DE LOS OLLEROS,12720,02,02,1,1,150722002,3.168839,1,,1,1,2,1,CHIRIMOYO,1121,2,0,010,0,0,1,0,0,0,0, 
2024,15,LIMA,07,HUAROCHIRI,31,SANTO DOMINGO DE LOS OLLEROS,12720,02,02,1,1,150722002,3.168839,1,,1,1,1,1,CHIRIMOYO,1121,2,0,003,0,0,1,0,0,0,0, 
2024,15,LIMA,07,HUAROCHIRI,31,SANTO DOMINGO DE LOS OLLEROS,12720,02,02,1,1,150722002,3.168839,1,,1,1,2,2,MANDARINA,1146,2,0,010,0,0,1,0,0,0,0, 
2024,15,LIMA,07,HUAROCHIRI,31,SANTO DOMINGO DE LOS OLLEROS,12720,02,02,1,1,150722002,3.168839,1,,1,1,1,2,PALTO,1162,2,0,050,0,0,1,0,0,0,0, 
2024,15,LIMA,07,HUAROCHIRI,28,SANTA EULALIA,12723,01,01,1,1,150721003,19.69978,1,,1,1,3,1,COL,2319,1,2,500,0,0,1,0,0,0,0, 
2024,15,LIMA,07,HUAROCHIRI,28,SANTA EULALIA,12723,01,01,1,1,150721003,19.69978,1,,1,1,1,1,APIO,2306,1,1,000,0,0,1,0,0,0,0, 
2024,15,LIMA,07,HUAROCHIRI,28,SANTA EULALIA,12723,03,03,1,1,150721003,10.21203,1,,1,0,1,1,ACELGA,2301,1,0,170,0,0,1,0,0,0,0, 
2024,15,LIMA,07,HUAROCHIRI,28,SANTA EULALIA,12723,03,03,1,1,150721003,10.21203,1,,1,0,1,2,CULANTRO,2321,1,0,170,0,0,1,0,0,0,0, 
2024,15,LIMA,07,HUAROCHIRI,26,SANGALLAYA,12725,01,01,1,2,150732003,13.43398,1,,1,0,2,1,ARVEJA,2901,1,0,030,0,0,1,0,0,0,0, 
2024,15,LIMA,07,HUAROCHIRI,23,SAN MATEO DE OTAO,12728,01,01,1,2,150731003,5.444577,1,,1,0,1,1,MANZANO,1149,2,0,030,0,0,0,1,0,0,0, 
2024,15,LIMA,07,HUAROCHIRI,23,SAN MATEO DE OTAO,12728,01,01,1,2,150731003,5.444577,1,,1,0,2,1,MANZANO,1149,2,0,030,0,0,0,1,0,0,0, 
2024,15,LIMA,07,HUAROCHIRI,23,SAN MATEO DE OTAO,12728,02,02,1,2,150731003,23.6732,1,,1,0,1,1,MANZANO,1149,2,0,055,0,0,0,1,0,0,0, 
2024,15,LIMA,07,HUAROCHIRI,23,SAN MATEO DE OTAO,12728,03,03,1,2,150731003,47.76519,1,,1,0,1,1,MELOCOTONERO,1152,2,0,052,0,0,0,1,0,0,0, 
2024,15,LIMA,07,HUAROCHIRI,23,SAN MATEO DE OTAO,12728,04,04,1,2,150731003,50.35384,1,,1,0,1,1,MELOCOTONERO,1152,2,0,030,0,0,0,1,0,0,0, 
2024,15,LIMA,07,HUAROCHIRI,22,SAN MATEO,12733,04,04,1,2,150743004,.8484674,1,,1,1,6,1,PAPA BLANCA,2612,1,0,100,0,0,1,0,0,0,0, 
2024,15,LIMA,07,HUAROCHIRI,13,MARIATANA,12747,01,01,1,2,150743002,36.42807,1,,1,1,4,1,TUNA FRUTA,1186,2,0,300,0,0,1,0,0,0,0, 
2024,15,LIMA,07,HUAROCHIRI,10,LAHUAYTAMBO,12748,01,01,1,2,150733004,6.278015,1,,1,1,5,1,MEMBRILLERO,1153,2,0,050,0,0,0,0,0,0,1, 
2024,15,LIMA,07,HUAROCHIRI,10,LAHUAYTAMBO,12748,08,08,1,2,150733004,137.4369,1,,1,1,6,1,MEMBRILLERO,1153,2,0,030,0,0,0,0,0,0,1, 
2024,15,LIMA,06,HUARAL,12,VEINTISIETE DE NOVIEMBRE,12761,01,01,1,2,150632003,44.65067,1,,1,0,1,1,MANZANO,1149,2,0,100,0,0,1,0,0,0,0, 
2024,15,LIMA,06,HUARAL,12,VEINTISIETE DE NOVIEMBRE,12765,03,03,1,2,150621003,5.829377,1,,1,1,2,1,MELOCOTONERO,1152,2,0,315,0,0,0,0,0,0,1, 
2024,15,LIMA,06,HUARAL,12,VEINTISIETE DE NOVIEMBRE,12765,03,03,1,2,150621003,5.829377,1,,1,1,2,2,MANZANO,1149,2,0,060,0,0,0,0,0,0,1, 
2024,15,LIMA,06,HUARAL,12,VEINTISIETE DE NOVIEMBRE,12765,03,03,1,2,150621003,5.829377,1,,1,1,2,3,PALTO,1162,2,0,024,0,0,0,0,0,0,1, 
2024,15,LIMA,06,HUARAL,11,SUMBILCA,12768,02,02,1,2,150632003,15.097,1,,1,1,3,1,MAIZ AMILACEO,2108,1,0,100,0,0,1,0,0,0,0, 
2024,15,LIMA,06,HUARAL,11,SUMBILCA,12770,03,03,1,2,150634004,52.35102,1,,1,1,3,1,MAIZ AMILACEO,2108,1,0,150,0,0,1,0,0,0,0, 
2024,15,LIMA,06,HUARAL,11,SUMBILCA,12770,04,04,1,2,150634004,218.1368,1,,1,1,4,1,MAIZ AMILACEO,2108,1,0,200,0,0,1,0,0,0,0, 
2024,15,LIMA,06,HUARAL,11,SUMBILCA,12770,04,04,1,2,150634004,218.1368,1,,1,1,4,2,HABA,2942,1,0,100,0,0,1,0,0,0,0, 
2024,15,LIMA,06,HUARAL,11,SUMBILCA,12771,02,02,1,2,150633002,20.70932,1,,1,1,3,1,MAIZ AMILACEO,2108,1,0,100,0,0,1,0,0,0,0, 
2024,15,LIMA,06,HUARAL,11,SUMBILCA,12774,01,01,1,2,150644003,70.06596,1,,1,1,3,1,HABA,2942,1,0,150,0,0,1,0,0,0,0, 
2024,15,LIMA,06,HUARAL,09,SAN MIGUEL DE ACOS,12777,01,01,1,1,150621003,26.39401,1,,1,0,1,1,PEPINO FRUTA,2207,1,0,171,0,0,1,0,0,0,0, 
2024,15,LIMA,06,HUARAL,05,CHANCAY,12799,04,04,1,1,150611003,11.22095,1,,1,1,1,1,PLATANO,1171,3,0,003,0,0,0,0,0,0,1, 
2024,15,LIMA,06,HUARAL,04,AUCALLAMA,12812,01,01,1,1,150612003,50.56069,1,,1,1,1,1,MELOCOTONERO,1152,2,2,593,0,0,1,0,0,0,0, 
2024,15,LIMA,06,HUARAL,04,AUCALLAMA,12812,01,01,1,1,150612003,50.56069,1,,1,1,1,2,MANDARINA,1146,2,0,476,0,0,1,0,0,0,0, 
2024,15,LIMA,06,HUARAL,01,HUARAL,12839,06,06,1,1,150611003,.240309,1,,1,1,2,1,MANGO,1147,2,0,500,0,0,1,0,0,0,0, 
2024,15,LIMA,06,HUARAL,01,HUARAL,12846,05,05,1,1,150611004,.0018439,1,,1,0,1,1,MANGO,1147,2,2,400,1,0,0,0,0,0,0, 
2024,15,LIMA,05,CAÑETE,12,QUILMANA,12864,01,01,1,1,150511003,6.945124,1,,1,0,2,1,VAINITA,2948,1,1,500,0,1,0,0,0,0,0, 
2024,15,LIMA,05,CAÑETE,12,QUILMANA,12864,01,01,1,1,150511003,6.945124,1,,1,0,3,1,VAINITA,2948,1,1,300,0,1,0,0,0,0,0, 
2024,15,LIMA,05,CAÑETE,10,NUEVO IMPERIAL,12871,02,02,1,1,150513003,30.98144,1,,1,0,4,1,MELOCOTONERO,1152,2,0,750,1,1,0,0,0,0,0, 
2024,15,LIMA,05,CAÑETE,10,NUEVO IMPERIAL,12871,02,02,1,1,150513003,30.98144,1,,1,0,5,1,VID,1192,2,4,000,1,1,0,0,0,0,0, 
2024,15,LIMA,05,CAÑETE,10,NUEVO IMPERIAL,12872,03,03,1,1,150511003,2.295918,1,,1,0,3,1,PEPINO FRUTA,2207,1,2,000,0,0,0,0,0,0,1, 
2024,15,LIMA,05,CAÑETE,09,MALA,12875,03,03,1,1,150511003,27.8646,1,,1,0,1,1,SANDIA,2209,1,1,600,0,0,0,0,0,0,1, 
2024,15,LIMA,05,CAÑETE,08,LUNAHUANA,12880,15,15,1,1,150511002,23.31065,1,,1,1,2,1,VID,1192,2,0,050,0,0,0,0,0,0,1, 
2024,15,LIMA,05,CAÑETE,07,IMPERIAL,12886,05,05,1,1,150511003,22.60103,1,,1,0,1,1,FRIJOL BLANCO,2907,1,1,500,0,0,1,0,0,0,0, 
2024,15,LIMA,05,CAÑETE,07,IMPERIAL,12886,06,06,1,1,150511003,12.51704,1,,1,1,1,1,CAMOTE,2603,1,1,000,0,0,1,0,0,0,0, 
2024,15,LIMA,05,CAÑETE,06,COAYLLO,12889,06,06,1,1,150511004,38.00205,1,,1,0,1,1,MANZANO,1149,2,0,020,0,0,1,0,0,0,0, 
2024,15,LIMA,05,CAÑETE,06,COAYLLO,12889,06,06,1,1,150511004,38.00205,1,,1,0,2,1,MANZANO,1149,2,0,080,0,0,1,0,0,0,0, 
2024,15,LIMA,05,CAÑETE,06,COAYLLO,12889,06,06,1,1,150511004,38.00205,1,,1,0,1,2,MANGO,1147,2,0,080,0,0,1,0,0,0,0, 
2024,15,LIMA,05,CAÑETE,06,COAYLLO,12889,08,08,1,1,150511004,18.64181,1,,1,0,3,1,NISPERO,1157,2,0,110,0,0,1,0,0,0,0, 
2024,15,LIMA,05,CAÑETE,06,COAYLLO,12889,08,08,1,1,150511004,18.64181,1,,1,0,3,2,LUCUMO,1143,3,0,040,0,0,1,0,0,0,0, 
2024,15,LIMA,05,CAÑETE,06,COAYLLO,12889,13,13,1,1,150511004,9.579086,1,,1,0,1,1,NISPERO,1157,2,0,190,0,0,1,0,0,0,0, 
2024,15,LIMA,05,CAÑETE,06,COAYLLO,12889,13,13,1,1,150511004,9.579086,1,,1,0,1,2,NARANJO,1156,2,0,005,0,0,1,0,0,0,0, 
2024,15,LIMA,05,CAÑETE,06,COAYLLO,12892,03,03,1,1,150512004,10.49344,1,,1,1,1,1,PACAE,1159,2,0,010,0,0,1,0,0,0,0, 
2024,15,LIMA,05,CAÑETE,04,CERRO AZUL,12898,03,03,1,1,150511002,115.6624,1,,1,0,1,1,CAMOTE,2603,1,0,334,0,0,1,0,0,0,0, 
2024,15,LIMA,05,CAÑETE,04,CERRO AZUL,12901,01,01,1,1,150512002,4.614703,1,,1,0,3,1,GIRASOL PARA SEMILLA,1212,1,0,750,1,0,0,0,0,0,0, 
2024,15,LIMA,05,CAÑETE,04,CERRO AZUL,12901,01,01,1,1,150512002,4.614703,1,,1,0,2,1,YUCA,2620,1,0,750,1,0,0,0,0,0,0, 
2024,15,LIMA,05,CAÑETE,04,CERRO AZUL,12901,01,01,1,1,150512002,4.614703,1,,1,0,1,1,YUCA,2620,1,4,000,1,0,0,0,0,0,0, 
2024,15,LIMA,05,CAÑETE,04,CERRO AZUL,12901,02,02,1,1,150512002,4.963317,1,,1,0,3,1,YUCA,2620,1,0,250,1,0,0,0,0,0,0, 
2024,15,LIMA,05,CAÑETE,03,CALANGO,12905,03,03,1,1,150512002,2.62424,1,,1,0,1,1,PACAE,1159,2,0,005,0,0,1,0,0,0,0, 
2024,15,LIMA,05,CAÑETE,03,CALANGO,12905,04,04,1,1,150512002,1.257109,1,,1,0,3,1,MANZANO,1149,2,0,100,0,0,0,0,0,0,1, 
2024,15,LIMA,05,CAÑETE,03,CALANGO,12905,06,06,1,1,150512002,12.65882,1,,1,1,2,1,MANZANO,1149,2,0,300,0,0,0,0,0,0,1, 
2024,15,LIMA,05,CAÑETE,02,ASIA,12910,01,01,1,1,150511003,3.940171,1,,1,1,1,1,MELOCOTONERO,1152,2,0,224,0,0,0,0,0,0,1, 
2024,15,LIMA,05,CAÑETE,02,ASIA,12910,02,02,1,1,150511003,6.166769,1,,1,1,1,1,MELOCOTONERO,1152,2,0,380,1,0,0,0,0,0,0, 
2024,15,LIMA,05,CAÑETE,02,ASIA,12910,06,06,1,1,150511003,21.09469,1,,1,0,1,1,FRIJOL BLANCO,2907,1,0,400,0,0,1,0,0,0,0, 
2024,15,LIMA,05,CAÑETE,02,ASIA,12910,06,06,1,1,150511003,21.09469,1,,1,0,1,2,CAIGUA,2313,1,0,400,0,0,1,0,0,0,0, 
2024,15,LIMA,05,CAÑETE,02,ASIA,12911,09,09,1,1,150511003,4.695642,1,,1,0,1,1,MELOCOTONERO,1152,2,0,128,0,0,0,0,0,0,1, 
2024,15,LIMA,05,CAÑETE,02,ASIA,12911,10,10,1,1,150511003,1.026712,1,,1,1,4,1,MELOCOTONERO,1152,2,1,000,1,0,0,0,0,0,0, 
2024,15,LIMA,05,CAÑETE,02,ASIA,12911,10,10,1,1,150511003,1.026712,1,,1,1,3,1,MELOCOTONERO,1152,2,0,700,1,0,0,0,0,0,0, 
2024,15,LIMA,05,CAÑETE,02,ASIA,12911,12,12,1,1,150511003,28.98596,1,,1,1,2,1,MELOCOTONERO,1152,2,0,130,1,0,0,0,0,0,0, 
2024,15,LIMA,05,CAÑETE,02,ASIA,12911,13,13,1,1,150511003,5.67275,1,,1,0,1,1,MELOCOTONERO,1152,2,0,190,0,0,0,0,0,0,1, 
2024,15,LIMA,05,CAÑETE,02,ASIA,12911,14,14,1,1,150511003,.4445114,1,,1,0,1,1,NISPERO,1157,2,0,430,0,0,0,0,0,0,1, 
2024,15,LIMA,05,CAÑETE,01,SAN VICENTE DE CAÑETE,12917,07,07,1,1,150511003,30.22466,1,,1,1,1,1,VID,1192,2,0,015,1,1,0,0,0,0,0, 
2024,15,LIMA,05,CAÑETE,01,SAN VICENTE DE CAÑETE,12924,01,01,1,1,150511003,10.52024,1,,1,0,1,1,PEPINO FRUTA,2207,1,0,500,0,0,1,0,0,0,0, 
2024,15,LIMA,05,CAÑETE,01,SAN VICENTE DE CAÑETE,12924,05,05,1,1,150511003,13.01067,1,,1,1,1,1,PAPA COLOR,2613,1,1,000,0,0,1,0,0,0,0, 
2024,15,LIMA,04,CANTA,07,SANTA ROSA DE QUIVES,12934,02,02,1,1,150411003,2.898522,1,,1,0,1,1,PEREJIL,2334,1,1,000,0,0,1,0,0,0,1, 
2024,15,LIMA,04,CANTA,03,HUAMANTANGA,12951,05,05,1,2,150431003,13.54907,1,,1,1,2,1,PALTO,1162,2,0,250,0,0,1,1,0,0,0, 
2024,15,LIMA,04,CANTA,01,CANTA,12960,02,02,1,2,150431003,12.75894,1,,1,1,3,1,MAIZ CHOCLO,2109,1,0,900,0,0,1,0,0,0,0, 
2024,15,LIMA,03,CAJATAMBO,03,GORGOR,12981,03,03,1,2,150341004,6.533324,1,,1,1,2,1,PAPA NATIVA,2615,1,1,500,0,0,1,0,0,0,0, 
2024,15,LIMA,03,CAJATAMBO,03,GORGOR,12981,03,03,1,2,150341004,6.533324,1,,1,1,1,1,PAPA NATIVA,2615,1,0,560,0,0,1,0,0,0,0, 
2024,15,LIMA,03,CAJATAMBO,03,GORGOR,12981,09,09,1,2,150341004,1.016681,1,,1,1,2,1,PAPA NATIVA,2615,1,0,005,0,0,1,0,0,0,0, 
2024,15,LIMA,03,CAJATAMBO,03,GORGOR,12987,01,01,1,2,150352002,.1105599,1,,1,1,2,1,PAPA NATIVA,2615,1,0,225,0,0,1,0,0,0,0, 
2024,15,LIMA,03,CAJATAMBO,03,GORGOR,12987,01,01,1,2,150352002,.1105599,1,,1,1,1,1,PAPA NATIVA,2615,1,0,460,0,0,1,0,0,0,0, 
2024,15,LIMA,03,CAJATAMBO,02,COPA,12996,02,02,1,2,150332003,19.13725,1,,1,0,3,1,TRIGO,2113,1,0,050,0,0,1,0,0,0,0, 
2024,15,LIMA,01,LIMA,23,PACHACAMAC,13064,02,02,1,1,150111003,179.0388,1,,1,0,1,1,PALTO,1162,2,2,800,1,0,0,0,0,0,0, 
2024,15,LIMA,01,LIMA,23,PACHACAMAC,13067,05,05,1,1,150111002,289.1765,1,,1,0,1,1,PACAE,1159,2,0,100,0,0,1,0,0,0,0, 
2024,15,LIMA,01,LIMA,23,PACHACAMAC,13067,05,05,1,1,150111002,289.1765,1,,1,0,1,2,GRANADO,1132,2,0,100,0,0,1,0,0,0,0, 
2024,15,LIMA,01,LIMA,23,PACHACAMAC,13067,05,05,1,1,150111002,289.1765,1,,1,0,1,3,TUNA FRUTA,1186,2,0,200,0,0,1,0,0,0,0, 
2024,15,LIMA,01,LIMA,19,LURIN,13071,03,03,1,1,150111003,7.959348,1,,1,1,1,1,MAIZ AMARILLO DURO,2107,1,2,800,0,0,0,0,0,0,1, 
2024,15,LIMA,01,LIMA,19,LURIN,13073,06,06,1,1,150111003,7.823588,1,,1,0,1,1,CRISANTEMO O POMPON,4220,1,0,360,0,0,1,0,0,0,0, 
2024,15,LIMA,01,LIMA,09,CIENEGUILLA,13079,02,02,1,1,150111003,.4381936,1,,1,1,1,1,PECANO,1165,2,0,001,0,0,1,0,0,0,1, 
2024,15,LIMA,01,LIMA,09,CIENEGUILLA,13079,02,02,1,1,150111003,.4381936,1,,1,1,1,2,GUANABANO,1133,2,0,001,0,0,1,0,0,0,1, 
2024,15,LIMA,01,LIMA,09,CIENEGUILLA,13079,02,02,1,1,150111003,.4381936,1,,1,1,1,3,LUCUMO,1143,3,0,001,0,0,1,0,0,0,1, 
2024,15,LIMA,01,LIMA,09,CIENEGUILLA,13080,01,01,1,1,150121003,1.814491,1,,1,0,1,1,GUANABANO,1133,2,0,300,0,0,1,0,0,0,0, 
2024,15,LIMA,01,LIMA,06,CARABAYLLO,13081,02,02,1,1,150113002,.0751597,1,,1,1,1,1,MAIZ CHOCLO,2109,1,0,500,0,0,1,0,0,0,0, 
2024,14,LAMBAYEQUE,03,LAMBAYEQUE,10,SALAS,13087,01,01,1,1,140322003,860.8954,1,,1,1,1,1,MAIZ AMARILLO DURO,2107,1,0,167,0,0,1,0,0,0,0, 
2024,14,LAMBAYEQUE,03,LAMBAYEQUE,09,PACORA,13100,03,03,1,1,140311003,3.762882,1,,1,0,4,1,MAIZ AMARILLO DURO,2107,1,0,125,0,1,0,0,0,0,0, 
2024,14,LAMBAYEQUE,03,LAMBAYEQUE,09,PACORA,13100,03,03,1,1,140311003,3.762882,1,,1,0,3,1,MAIZ AMARILLO DURO,2107,1,0,125,0,0,0,0,0,1,0, 
2024,14,LAMBAYEQUE,03,LAMBAYEQUE,09,PACORA,13100,03,03,1,1,140311003,3.762882,1,,1,0,4,2,FRIJOL DE PALO,2914,1,0,125,0,1,0,0,0,0,0, 
2024,14,LAMBAYEQUE,03,LAMBAYEQUE,09,PACORA,13100,04,04,1,1,140311003,50.39458,1,,1,0,2,1,FRIJOL DE PALO,2914,1,0,495,0,1,0,0,0,0,0, 
2024,14,LAMBAYEQUE,03,LAMBAYEQUE,09,PACORA,13100,04,04,1,1,140311003,50.39458,1,,1,0,1,1,FRIJOL DE PALO,2914,1,1,000,0,1,0,0,0,0,0, 
2024,14,LAMBAYEQUE,03,LAMBAYEQUE,09,PACORA,13100,07,07,1,1,140311003,.291153,1,,1,1,4,1,MANGO,1147,2,0,300,0,1,0,0,0,0,0, 
2024,14,LAMBAYEQUE,03,LAMBAYEQUE,09,PACORA,13100,07,07,1,1,140311003,.291153,1,,1,1,1,1,CAMOTE,2603,1,0,500,0,1,0,0,0,0,0, 
2024,14,LAMBAYEQUE,03,LAMBAYEQUE,09,PACORA,13100,07,07,1,1,140311003,.291153,1,,1,1,1,2,MANGO,1147,2,0,010,0,1,0,0,0,1,0, 
2024,14,LAMBAYEQUE,03,LAMBAYEQUE,09,PACORA,13100,07,07,1,1,140311003,.291153,1,,1,1,1,3,PALTO,1162,2,0,001,0,1,0,0,0,1,0, 
2024,14,LAMBAYEQUE,03,LAMBAYEQUE,09,PACORA,13100,07,07,1,1,140311003,.291153,1,,1,1,1,4,TAMARINDO,1179,2,0,008,0,1,0,0,0,1,0, 
2024,14,LAMBAYEQUE,03,LAMBAYEQUE,09,PACORA,13101,03,03,1,1,140311003,.0064373,1,,1,1,2,1,MAIZ CHOCLO,2109,1,1,600,0,0,0,0,0,1,0, 
2024,14,LAMBAYEQUE,03,LAMBAYEQUE,09,PACORA,13101,03,03,1,1,140311003,.0064373,1,,1,1,3,1,MAIZ CHOCLO,2109,1,1,000,0,0,0,0,0,1,0, 
2024,14,LAMBAYEQUE,03,LAMBAYEQUE,09,PACORA,13102,03,03,1,1,140311004,15.20502,1,,1,0,2,1,MAIZ AMARILLO DURO,2107,1,1,500,0,1,0,0,0,0,0, 
2024,14,LAMBAYEQUE,03,LAMBAYEQUE,09,PACORA,13102,03,03,1,1,140311004,15.20502,1,,1,0,3,1,MAIZ AMARILLO DURO,2107,1,1,000,0,1,0,0,0,0,0, 
2024,14,LAMBAYEQUE,03,LAMBAYEQUE,09,PACORA,13102,03,03,1,1,140311004,15.20502,1,,1,0,1,1,MAIZ AMARILLO DURO,2107,1,2,500,0,1,0,0,0,0,0, 
2024,14,LAMBAYEQUE,03,LAMBAYEQUE,09,PACORA,13102,04,04,1,1,140311004,323.8563,1,,1,0,1,1,FRIJOL DE PALO,2914,1,2,000,0,1,0,0,0,0,0, 
2024,14,LAMBAYEQUE,03,LAMBAYEQUE,09,PACORA,13102,04,04,1,1,140311004,323.8563,1,,1,0,2,1,FRIJOL DE PALO,2914,1,4,000,0,1,0,0,0,0,0, 
2024,14,LAMBAYEQUE,03,LAMBAYEQUE,09,PACORA,13102,04,04,1,1,140311004,323.8563,1,,1,0,1,2,MAIZ AMARILLO DURO,2107,1,1,500,0,1,0,0,0,0,0, 
2024,14,LAMBAYEQUE,03,LAMBAYEQUE,09,PACORA,13102,05,05,1,1,140311004,10.44931,1,,1,1,1,1,MAIZ AMARILLO DURO,2107,1,2,000,0,1,0,0,0,0,0, 
2024,14,LAMBAYEQUE,03,LAMBAYEQUE,09,PACORA,13102,05,05,1,1,140311004,10.44931,1,,1,1,1,2,FRIJOL DE PALO,2914,1,1,500,0,1,0,0,0,0,0, 
2024,14,LAMBAYEQUE,03,LAMBAYEQUE,09,PACORA,13102,06,06,1,1,140311004,2.739464,1,,1,1,2,1,MAIZ AMARILLO DURO,2107,1,1,500,0,1,0,0,0,0,0, 
2024,14,LAMBAYEQUE,03,LAMBAYEQUE,09,PACORA,13102,06,06,1,1,140311004,2.739464,1,,1,1,1,1,MAIZ CHOCLO,2109,1,0,500,1,1,0,0,0,0,0, 
2024,14,LAMBAYEQUE,03,LAMBAYEQUE,09,PACORA,13102,07,07,1,1,140311004,.6208542,1,,1,0,1,1,MAIZ AMARILLO DURO,2107,1,1,500,0,1,0,0,0,0,0, 
2024,14,LAMBAYEQUE,03,LAMBAYEQUE,09,PACORA,13102,08,08,1,1,140311004,3.233423,1,,1,1,1,1,MAIZ AMARILLO DURO,2107,1,0,500,0,1,0,0,0,0,0, 
2024,14,LAMBAYEQUE,03,LAMBAYEQUE,08,OLMOS,13113,01,01,1,1,140311004,51.74464,1,,1,1,1,1,MANGO,1147,2,9,000,0,1,0,0,0,0,0, 
2024,14,LAMBAYEQUE,03,LAMBAYEQUE,06,MORROPE,13126,01,01,1,1,140312003,206.1649,1,,1,1,3,1,FRIJOL BAYO,2906,1,3,000,0,0,1,0,0,0,0, 
2024,14,LAMBAYEQUE,03,LAMBAYEQUE,06,MORROPE,13126,01,01,1,1,140312003,206.1649,1,,1,1,2,1,FRIJOL BAYO,2906,1,5,000,0,0,1,0,0,0,0, 
2024,14,LAMBAYEQUE,03,LAMBAYEQUE,06,MORROPE,13128,06,06,1,1,140311004,8.347819,1,,1,1,2,1,ZARANDAJA,2951,1,2,500,0,0,1,0,0,0,0, 
2024,14,LAMBAYEQUE,03,LAMBAYEQUE,06,MORROPE,13128,09,09,1,1,140311004,29.53603,1,,1,1,1,1,MAIZ AMARILLO DURO,2107,1,2,500,0,1,0,0,0,0,0, 
2024,14,LAMBAYEQUE,03,LAMBAYEQUE,06,MORROPE,13128,10,10,1,1,140311004,7.437873,1,,1,1,3,1,ALGODON,2803,1,0,500,0,1,0,0,0,0,0, 
2024,14,LAMBAYEQUE,03,LAMBAYEQUE,06,MORROPE,13128,10,10,1,1,140311004,7.437873,1,,1,1,3,2,MAIZ AMARILLO DURO,2107,1,0,500,0,1,0,0,0,0,0, 
2024,14,LAMBAYEQUE,03,LAMBAYEQUE,05,MOCHUMI,13137,02,02,1,1,140311004,8.25048,1,,1,1,1,1,ARROZ CASCARA,2101,1,0,170,0,1,0,0,0,0,0, 
2024,14,LAMBAYEQUE,03,LAMBAYEQUE,05,MOCHUMI,13140,03,03,1,1,140311004,92.64929,1,,1,1,1,1,GUANABANO,1133,2,0,003,0,0,1,0,0,0,0, 
2024,14,LAMBAYEQUE,03,LAMBAYEQUE,05,MOCHUMI,13140,04,04,1,1,140311004,10.81355,1,,1,0,1,1,PALLAR,2946,1,1,622,0,1,0,0,0,0,0, 
2024,14,LAMBAYEQUE,03,LAMBAYEQUE,04,JAYANCA,13148,05,05,1,1,140311003,.2905855,1,,1,1,2,1,GUANABANO,1133,2,0,006,0,0,1,0,0,0,0, 
2024,14,LAMBAYEQUE,03,LAMBAYEQUE,04,JAYANCA,13148,05,05,1,1,140311003,.2905855,1,,1,1,2,2,PALTO,1162,2,0,002,0,0,1,0,0,0,0, 
2024,14,LAMBAYEQUE,03,LAMBAYEQUE,04,JAYANCA,13148,05,05,1,1,140311003,.2905855,1,,1,1,2,3,VID,1192,2,0,060,0,0,0,0,0,1,0, 
2024,14,LAMBAYEQUE,03,LAMBAYEQUE,04,JAYANCA,13148,05,05,1,1,140311003,.2905855,1,,1,1,2,4,TAMARINDO,1179,2,0,001,0,0,0,0,0,1,0, 
2024,14,LAMBAYEQUE,03,LAMBAYEQUE,04,JAYANCA,13149,01,01,1,1,140311003,48.18839,1,,1,1,1,1,MAIZ AMARILLO DURO,2107,1,2,000,0,1,0,0,0,0,0, 
2024,14,LAMBAYEQUE,03,LAMBAYEQUE,04,JAYANCA,13149,01,01,1,1,140311003,48.18839,1,,1,1,1,2,ZARANDAJA,2951,1,1,000,0,0,1,0,0,0,0, 
2024,14,LAMBAYEQUE,03,LAMBAYEQUE,04,JAYANCA,13149,02,02,1,1,140311003,36.71563,1,,1,0,1,1,MAIZ AMARILLO DURO,2107,1,2,821,0,1,0,0,0,0,0, 
2024,14,LAMBAYEQUE,03,LAMBAYEQUE,04,JAYANCA,13149,05,05,1,1,140311003,4.242213,1,,1,1,1,1,MAIZ AMARILLO DURO,2107,1,1,500,0,1,0,0,0,0,0, 
2024,14,LAMBAYEQUE,03,LAMBAYEQUE,03,ILLIMO,13150,03,03,1,1,140311002,7.51554,1,,1,1,1,1,MAIZ AMARILLO DURO,2107,1,0,190,0,1,0,0,0,1,0, 
2024,14,LAMBAYEQUE,03,LAMBAYEQUE,01,LAMBAYEQUE,13157,08,08,1,1,140311004,19.12853,1,,1,1,3,1,ARVEJA,2901,1,0,500,0,0,1,0,0,0,0, 
2024,14,LAMBAYEQUE,03,LAMBAYEQUE,01,LAMBAYEQUE,13158,01,01,1,1,140311004,4.114485,1,,1,1,7,1,CAMOTE,2603,1,5,000,0,1,0,0,0,0,0, 
2024,14,LAMBAYEQUE,03,LAMBAYEQUE,01,LAMBAYEQUE,13164,06,06,1,1,140311004,290.9029,1,,1,1,3,1,MAIZ CHOCLO,2109,1,2,000,0,0,1,0,0,1,0, 
2024,14,LAMBAYEQUE,03,LAMBAYEQUE,01,LAMBAYEQUE,13164,06,06,1,1,140311004,290.9029,1,,1,1,3,2,ZARANDAJA,2951,1,0,900,0,0,1,0,0,1,0, 
2024,14,LAMBAYEQUE,02,FERREÑAFE,05,PITIPO,13172,01,01,1,1,140212003,.4235943,1,,1,0,1,1,MAIZ AMARILLO DURO,2107,1,0,998,0,1,1,0,0,0,0, 
2024,14,LAMBAYEQUE,02,FERREÑAFE,05,PITIPO,13172,02,02,1,1,140212003,2.196534,1,,1,0,1,1,MAIZ AMARILLO DURO,2107,1,1,998,0,1,1,0,0,0,0, 
2024,14,LAMBAYEQUE,02,FERREÑAFE,05,PITIPO,13172,03,03,1,1,140212003,.1282539,1,,1,0,1,1,MAIZ AMARILLO DURO,2107,1,2,500,0,1,1,0,0,0,0, 
2024,14,LAMBAYEQUE,02,FERREÑAFE,05,PITIPO,13172,04,04,1,1,140212003,1.72167,1,,1,0,1,1,MAIZ AMARILLO DURO,2107,1,2,097,0,1,1,0,0,0,0, 
2024,14,LAMBAYEQUE,02,FERREÑAFE,04,MANUEL ANTONIO MESONES MURO,13176,12,12,1,1,140211004,13.94702,1,,1,0,1,1,FRIJOL BAYO,2906,1,1,495,0,0,1,0,0,0,0, 
2024,14,LAMBAYEQUE,02,FERREÑAFE,03,INCAHUASI,13184,05,05,1,2,140231002,478.047,1,,1,1,1,1,ARVEJA,2901,1,0,300,0,0,1,0,0,0,0, 
2024,14,LAMBAYEQUE,02,FERREÑAFE,03,INCAHUASI,13184,05,05,1,2,140231002,478.047,1,,1,1,1,2,MAIZ CHOCLO,2109,1,0,058,0,1,0,0,0,0,0, 
2024,14,LAMBAYEQUE,02,FERREÑAFE,03,INCAHUASI,13185,02,02,1,2,140221004,5.060596,1,,1,0,1,1,FRIJOL BAYO,2906,1,2,000,0,0,0,1,0,0,0, 
2024,14,LAMBAYEQUE,02,FERREÑAFE,03,INCAHUASI,13187,07,07,1,2,140231003,51.16691,1,,1,1,1,1,ARVEJA,2901,1,0,733,0,1,0,0,0,0,0, 
2024,14,LAMBAYEQUE,02,FERREÑAFE,03,INCAHUASI,13187,10,10,1,2,140231003,.0872535,1,,1,1,3,1,ARVEJA,2901,1,1,000,0,0,0,1,0,0,0, 
2024,14,LAMBAYEQUE,02,FERREÑAFE,03,INCAHUASI,13196,02,02,1,2,140221002,21.01689,1,,1,1,1,1,FRIJOL DE PALO,2914,1,0,030,0,0,1,0,0,0,1, 
2024,14,LAMBAYEQUE,02,FERREÑAFE,03,INCAHUASI,13196,02,02,1,2,140221002,21.01689,1,,1,1,1,2,PAPA BLANCA,2612,1,0,060,0,0,1,0,0,0,0, 
2024,14,LAMBAYEQUE,02,FERREÑAFE,02,CAÑARIS,13205,01,01,1,2,140271003,43.75401,1,,1,0,2,1,CAFE PERGAMINO,1203,2,0,058,0,0,1,0,0,1,0, 
2024,14,LAMBAYEQUE,02,FERREÑAFE,02,CAÑARIS,13205,02,02,1,2,140271003,11.01159,1,,1,1,3,1,PALTO,1162,2,0,020,0,0,0,0,0,1,0, 
2024,14,LAMBAYEQUE,01,CHICLAYO,15,SAÑA,13213,06,06,1,1,140111004,28.89887,1,,1,1,1,1,AJI,2302,1,0,500,0,0,1,0,0,0,0, 
2024,14,LAMBAYEQUE,01,CHICLAYO,14,SANTA ROSA,13214,08,08,1,1,140111004,11.76279,1,,1,1,2,1,CAMOTE,2603,1,1,000,0,1,0,0,0,0,0, 
2024,14,LAMBAYEQUE,01,CHICLAYO,14,SANTA ROSA,13214,08,08,1,1,140111004,11.76279,1,,1,1,1,1,ALFALFA,1401,3,0,250,0,1,0,0,0,0,0, 
2024,14,LAMBAYEQUE,01,CHICLAYO,12,PIMENTEL,13216,03,03,1,1,140111004,66.2134,1,,1,0,1,1,CEBOLLA,2315,1,0,183,0,0,1,0,0,0,0, 
2024,14,LAMBAYEQUE,01,CHICLAYO,12,PIMENTEL,13217,06,06,1,1,140111004,7.296606,1,,1,0,1,1,MANGO,1147,2,0,144,0,0,0,0,0,1,0, 
2024,14,LAMBAYEQUE,01,CHICLAYO,12,PIMENTEL,13217,06,06,1,1,140111004,7.296606,1,,1,0,1,2,PLATANO,1171,3,0,130,0,0,0,0,0,1,0, 
2024,14,LAMBAYEQUE,01,CHICLAYO,12,PIMENTEL,13217,06,06,1,1,140111004,7.296606,1,,1,0,1,3,OLIVO,1218,2,0,050,0,0,0,0,0,1,0, 
2024,14,LAMBAYEQUE,01,CHICLAYO,12,PIMENTEL,13217,06,06,1,1,140111004,7.296606,1,,1,0,1,4,NARANJO,1156,2,0,030,0,0,0,0,0,1,0, 
2024,14,LAMBAYEQUE,01,CHICLAYO,12,PIMENTEL,13217,08,08,1,1,140111004,22.55235,1,,1,1,1,1,CAMOTE,2603,1,0,750,0,0,1,0,0,0,0, 
2024,14,LAMBAYEQUE,01,CHICLAYO,10,OYOTUN,13224,01,01,1,1,140123002,.7511618,1,,1,1,2,1,ARVEJA,2901,1,3,000,0,1,0,0,0,0,0, 
2024,14,LAMBAYEQUE,01,CHICLAYO,10,OYOTUN,13228,01,01,1,1,140124002,4.475924,1,,1,0,1,1,ARVEJA,2901,1,4,700,0,0,1,0,0,0,0, 
2024,14,LAMBAYEQUE,01,CHICLAYO,10,OYOTUN,13230,03,03,1,1,140121004,10.83069,1,,1,0,1,1,ARVEJA,2901,1,2,000,0,0,1,0,0,0,0, 
2024,14,LAMBAYEQUE,01,CHICLAYO,07,LAGUNAS,13233,04,04,1,1,140111004,13.11474,1,,1,1,1,1,ESPARRAGO,1211,2,1,000,0,1,0,0,0,0,0, 
2024,14,LAMBAYEQUE,01,CHICLAYO,07,LAGUNAS,13233,07,07,1,1,140111004,63.18334,1,,1,0,1,1,ZAPALLO,2345,1,1,000,0,0,0,0,0,0,1, 
2024,14,LAMBAYEQUE,01,CHICLAYO,06,LA VICTORIA,13235,01,01,1,1,140111004,1.145578,1,,1,1,1,1,CAMOTE,2603,1,1,000,0,0,1,0,0,0,0, 
2024,14,LAMBAYEQUE,01,CHICLAYO,06,LA VICTORIA,13235,03,03,1,1,140111004,8.095144,1,,1,0,4,1,CAMOTE,2603,1,1,000,0,0,1,0,0,0,0, 
2024,14,LAMBAYEQUE,01,CHICLAYO,06,LA VICTORIA,13235,03,03,1,1,140111004,8.095144,1,,1,0,3,1,CAMOTE,2603,1,1,000,0,0,1,0,0,0,0, 
2024,14,LAMBAYEQUE,01,CHICLAYO,06,LA VICTORIA,13235,08,08,1,1,140111004,87.27018,1,,1,0,1,1,CAMOTE,2603,1,1,249,0,0,1,0,0,0,0, 
2024,14,LAMBAYEQUE,01,CHICLAYO,06,LA VICTORIA,13235,08,08,1,1,140111004,87.27018,1,,1,0,2,1,CAMOTE,2603,1,3,000,0,0,1,0,0,0,0, 
2024,14,LAMBAYEQUE,01,CHICLAYO,05,JOSE LEONARDO ORTIZ,13237,07,07,1,1,140111004,24.53328,1,,1,0,1,1,CAMOTE,2603,1,0,900,0,1,0,0,0,0,0, 
2024,14,LAMBAYEQUE,01,CHICLAYO,03,ETEN,13239,01,01,1,1,140112003,1.193911,1,,1,1,1,1,AJI,2302,1,0,500,0,0,1,0,0,0,0, 
2024,14,LAMBAYEQUE,01,CHICLAYO,02,CHONGOYAPE,13240,01,01,1,1,140111003,277.9467,1,,1,0,1,1,MANDARINA,1146,2,3,000,0,0,1,0,0,1,0, 
2024,14,LAMBAYEQUE,01,CHICLAYO,01,CHICLAYO,13244,03,03,1,1,140111004,42.27002,1,,1,0,1,1,CAMOTE,2603,1,1,850,0,1,0,0,0,0,0, 
2024,14,LAMBAYEQUE,01,CHICLAYO,01,CHICLAYO,13244,03,03,1,1,140111004,42.27002,1,,1,0,2,1,CAMOTE,2603,1,0,200,0,1,0,0,0,0,0, 
2024,13,LA LIBERTAD,12,VIRU,02,CHAO,13247,01,01,1,1,131223004,17.45414,1,,1,1,1,1,NARANJO,1156,2,0,006,0,0,1,0,0,0,0, 
2024,13,LA LIBERTAD,12,VIRU,02,CHAO,13247,01,01,1,1,131223004,17.45414,1,,1,1,1,2,CHIRIMOYO,1121,2,0,018,0,0,1,0,0,0,0, 
2024,13,LA LIBERTAD,12,VIRU,02,CHAO,13247,01,01,1,1,131223004,17.45414,1,,1,1,1,3,MANGO,1147,2,0,021,0,0,1,0,0,0,0, 
2024,13,LA LIBERTAD,12,VIRU,02,CHAO,13247,01,01,1,1,131223004,17.45414,1,,1,1,1,4,GUANABANO,1133,2,0,006,0,0,1,0,0,0,0, 
2024,13,LA LIBERTAD,12,VIRU,02,CHAO,13247,01,01,1,1,131223004,17.45414,1,,1,1,1,5,PLATANO,1171,3,0,010,0,0,1,0,0,0,0, 
2024,13,LA LIBERTAD,12,VIRU,02,CHAO,13247,01,01,1,1,131223004,17.45414,1,,1,1,1,6,GUAYABO,1134,2,0,006,0,0,1,0,0,0,0, 
2024,13,LA LIBERTAD,12,VIRU,02,CHAO,13247,01,01,1,1,131223004,17.45414,1,,1,1,1,7,PAPAYA,1163,2,0,015,0,0,1,0,0,0,0, 
2024,13,LA LIBERTAD,12,VIRU,02,CHAO,13249,02,02,1,1,131211002,.0075913,1,,1,0,1,1,MARACUYA,2205,1,0,400,1,0,0,0,0,0,0, 
2024,13,LA LIBERTAD,12,VIRU,02,CHAO,13251,03,03,1,1,131211004,780.8159,1,,1,0,1,1,ZAPALLO,2345,1,17,483,1,1,1,0,0,0,0, 
2024,13,LA LIBERTAD,12,VIRU,02,CHAO,13253,03,03,1,1,131221004,61.44811,1,,1,1,1,1,PALTO,1162,2,1,000,0,0,0,0,0,1,0, 
2024,13,LA LIBERTAD,12,VIRU,02,CHAO,13253,03,03,1,1,131221004,61.44811,1,,1,1,1,2,MANGO,1147,2,1,000,0,0,0,0,0,1,0, 
2024,13,LA LIBERTAD,12,VIRU,01,VIRU,13259,01,01,1,1,131211004,40.3866,1,,1,1,2,1,ESPARRAGO,1211,2,0,350,0,0,0,0,0,0,1, 
2024,13,LA LIBERTAD,12,VIRU,01,VIRU,13259,01,01,1,1,131211004,40.3866,1,,1,1,1,1,ALFALFA,1401,3,0,253,0,0,0,0,0,0,1, 
2024,13,LA LIBERTAD,12,VIRU,01,VIRU,13259,02,02,1,1,131211004,55.61876,1,,1,0,1,1,ESPARRAGO,1211,2,1,000,0,0,0,0,0,0,1, 
2024,13,LA LIBERTAD,12,VIRU,01,VIRU,13259,03,03,1,1,131211004,63.40084,1,,1,1,1,1,ESPARRAGO,1211,2,3,400,0,0,0,0,0,0,1, 
2024,13,LA LIBERTAD,12,VIRU,01,VIRU,13259,04,04,1,1,131211004,23.33373,1,,1,1,1,1,ESPARRAGO,1211,2,2,477,0,0,0,0,0,0,1, 
2024,13,LA LIBERTAD,12,VIRU,01,VIRU,13259,04,04,1,1,131211004,23.33373,1,,1,1,2,1,ESPARRAGO,1211,2,0,800,0,0,0,0,0,0,1, 
2024,13,LA LIBERTAD,12,VIRU,01,VIRU,13264,01,01,1,2,131224004,2.930067,1,,1,1,1,1,NUÑA,2945,1,1,000,0,0,1,0,0,0,0, 
2024,13,LA LIBERTAD,12,VIRU,01,VIRU,13266,05,05,1,1,131211004,337.1041,1,,1,0,1,1,COLIFLOR,2320,1,2,000,0,0,1,0,0,0,0, 
2024,13,LA LIBERTAD,12,VIRU,01,VIRU,13268,01,01,1,2,131231004,.1174618,1,,1,1,1,1,ARVEJA,2901,1,0,430,0,0,0,0,0,1,0, 
2024,13,LA LIBERTAD,12,VIRU,01,VIRU,13272,04,04,1,2,131232004,13.86014,1,,1,1,3,1,CEBADA GRANO,2104,1,0,250,0,0,0,0,0,1,0, 
2024,13,LA LIBERTAD,12,VIRU,01,VIRU,13272,04,04,1,2,131232004,13.86014,1,,1,1,4,1,HABA,2942,1,0,125,0,0,0,0,0,1,0, 
2024,13,LA LIBERTAD,12,VIRU,01,VIRU,13272,06,06,1,2,131232004,1.529302,1,,1,1,8,1,ARVEJA,2901,1,2,000,0,0,0,0,0,1,0, 
2024,13,LA LIBERTAD,12,VIRU,01,VIRU,13272,06,06,1,2,131232004,1.529302,1,,1,1,9,1,ARVEJA,2901,1,0,300,0,0,0,0,0,1,0, 
2024,13,LA LIBERTAD,12,VIRU,01,VIRU,13272,06,06,1,2,131232004,1.529302,1,,1,1,2,1,ARVEJA,2901,1,1,000,0,0,0,0,0,1,0, 
2024,13,LA LIBERTAD,12,VIRU,01,VIRU,13272,06,06,1,2,131232004,1.529302,1,,1,1,3,1,ARVEJA,2901,1,2,000,0,0,0,0,0,1,0, 
2024,13,LA LIBERTAD,12,VIRU,01,VIRU,13272,06,06,1,2,131232004,1.529302,1,,1,1,6,1,ARVEJA,2901,1,1,750,0,0,0,0,0,1,0, 
2024,13,LA LIBERTAD,12,VIRU,01,VIRU,13272,08,08,1,2,131232004,.1473876,1,,1,1,2,1,ARVEJA,2901,1,0,500,0,0,0,0,0,1,0, 
2024,13,LA LIBERTAD,12,VIRU,01,VIRU,13272,09,09,1,2,131232004,.9515179,1,,1,1,2,1,CEBADA GRANO,2104,1,2,000,0,0,0,0,0,1,0, 
2024,13,LA LIBERTAD,11,GRAN CHIMU,04,SAYAPULLO,13279,11,11,1,1,131122004,19.84822,1,,1,1,1,1,VID,1192,2,0,200,0,0,1,0,0,0,0, 
2024,13,LA LIBERTAD,11,GRAN CHIMU,04,SAYAPULLO,13282,02,02,1,2,131141003,2.861845,1,,1,1,1,1,OCA,2608,1,0,250,0,0,0,0,0,1,0, 
2024,13,LA LIBERTAD,11,GRAN CHIMU,04,SAYAPULLO,13282,02,02,1,2,131141003,2.861845,1,,1,1,1,2,PAPA COLOR,2613,1,0,250,0,0,0,0,0,1,0, 
2024,13,LA LIBERTAD,11,GRAN CHIMU,02,LUCMA,13285,01,01,1,2,131121003,79.4026,1,,1,1,4,1,CHIRIMOYO,1121,2,0,014,0,0,1,0,0,0,0, 
2024,13,LA LIBERTAD,11,GRAN CHIMU,02,LUCMA,13285,02,02,1,2,131121003,6.912912,1,,1,1,1,1,SACHATOMATE,1176,3,0,020,0,0,1,0,0,0,0, 
2024,13,LA LIBERTAD,11,GRAN CHIMU,01,CASCAS,13296,01,01,1,1,131123004,32.82435,1,,1,1,1,1,TOMATE,2342,1,0,100,0,0,1,0,0,0,0, 
2024,13,LA LIBERTAD,11,GRAN CHIMU,01,CASCAS,13298,03,03,1,2,131132004,.3385326,1,,1,1,1,1,MAIZ CHOCLO,2109,1,0,500,0,1,0,1,0,0,0, 
2024,13,LA LIBERTAD,11,GRAN CHIMU,01,CASCAS,13301,01,01,1,2,131134005,28.44147,1,,1,1,2,1,ARVEJA,2901,1,0,250,0,0,1,0,0,0,0, 
2024,13,LA LIBERTAD,11,GRAN CHIMU,01,CASCAS,13302,01,01,1,1,131124005,1.868534,1,,1,1,1,1,TRIGO,2113,1,0,310,0,0,0,0,0,1,0, 
2024,13,LA LIBERTAD,11,GRAN CHIMU,01,CASCAS,13303,01,01,1,2,131134004,4.029454,1,,1,1,3,1,VID,1192,2,0,750,1,1,0,0,0,0,0, 
2024,13,LA LIBERTAD,10,SANTIAGO DE CHUCO,08,SITABAMBA,13309,01,01,1,2,131071003,70.87197,1,,1,0,1,1,YUCA,2620,1,0,200,0,0,1,0,0,1,0, 
2024,13,LA LIBERTAD,10,SANTIAGO DE CHUCO,07,SANTA CRUZ DE CHUCA,13316,02,02,1,2,131034003,101.9018,1,,1,0,1,1,PAPA NATIVA,2615,1,0,200,0,0,1,0,0,0,0, 
2024,13,LA LIBERTAD,10,SANTIAGO DE CHUCO,07,SANTA CRUZ DE CHUCA,13317,01,01,1,2,131031003,280.4335,1,,1,1,3,1,TARHUI,2947,1,1,000,0,0,0,1,1,0,0, 
2024,13,LA LIBERTAD,10,SANTIAGO DE CHUCO,07,SANTA CRUZ DE CHUCA,13317,01,01,1,2,131031003,280.4335,1,,1,1,2,1,TARHUI,2947,1,1,000,0,0,0,1,1,0,0, 
2024,13,LA LIBERTAD,10,SANTIAGO DE CHUCO,06,QUIRUVILCA,13323,01,01,1,2,131054005,201.0178,1,,1,1,3,1,CEBADA GRANO,2104,1,0,250,0,0,0,1,1,0,0, 
2024,13,LA LIBERTAD,10,SANTIAGO DE CHUCO,06,QUIRUVILCA,13323,01,01,1,2,131054005,201.0178,1,,1,1,3,2,PAPA AMARILLA,2611,1,0,250,0,0,0,1,1,0,0, 
2024,13,LA LIBERTAD,10,SANTIAGO DE CHUCO,06,QUIRUVILCA,13323,01,01,1,2,131054005,201.0178,1,,1,1,3,3,PAPA BLANCA,2612,1,0,250,0,0,0,1,1,0,0, 
2024,13,LA LIBERTAD,10,SANTIAGO DE CHUCO,06,QUIRUVILCA,13323,02,02,1,2,131054005,3.970902,1,,1,1,3,1,PAPA AMARILLA,2611,1,1,000,0,0,0,1,0,0,0, 
2024,13,LA LIBERTAD,10,SANTIAGO DE CHUCO,06,QUIRUVILCA,13323,02,02,1,2,131054005,3.970902,1,,1,1,3,2,PAPA HUAYRO,2614,1,0,500,0,0,0,1,0,0,0, 
2024,13,LA LIBERTAD,10,SANTIAGO DE CHUCO,02,ANGASMARCA,13335,01,01,1,2,131032002,22.00435,1,,1,1,2,1,ARVEJA,2901,1,1,000,0,0,0,1,1,0,0, 
2024,13,LA LIBERTAD,10,SANTIAGO DE CHUCO,02,ANGASMARCA,13336,01,01,1,2,131031003,154.9849,1,,1,1,2,1,ALFALFA,1401,3,1,000,0,0,0,1,1,0,0, 
2024,13,LA LIBERTAD,10,SANTIAGO DE CHUCO,02,ANGASMARCA,13336,01,01,1,2,131031003,154.9849,1,,1,1,3,1,ARVEJA,2901,1,1,000,0,0,0,1,1,0,0, 
2024,13,LA LIBERTAD,10,SANTIAGO DE CHUCO,02,ANGASMARCA,13336,01,01,1,2,131031003,154.9849,1,,1,1,1,1,ALFALFA,1401,3,1,000,0,0,0,1,1,0,0, 
2024,13,LA LIBERTAD,10,SANTIAGO DE CHUCO,02,ANGASMARCA,13336,02,02,1,2,131031003,24.28065,1,,1,0,1,1,TARHUI,2947,1,0,500,0,0,0,1,1,0,0, 
2024,13,LA LIBERTAD,10,SANTIAGO DE CHUCO,02,ANGASMARCA,13336,02,02,1,2,131031003,24.28065,1,,1,0,1,2,ARVEJA,2901,1,0,400,0,0,0,1,1,0,0, 
2024,13,LA LIBERTAD,10,SANTIAGO DE CHUCO,01,SANTIAGO DE CHUCO,13337,03,03,1,2,131021003,.0806639,1,,1,1,5,1,MAIZ AMILACEO,2108,1,0,300,0,0,0,0,0,1,0, 
2024,13,LA LIBERTAD,10,SANTIAGO DE CHUCO,01,SANTIAGO DE CHUCO,13337,03,03,1,2,131021003,.0806639,1,,1,1,5,2,ARVEJA,2901,1,0,138,0,0,0,0,0,1,0, 
2024,13,LA LIBERTAD,10,SANTIAGO DE CHUCO,01,SANTIAGO DE CHUCO,13337,04,04,1,2,131021003,.9200003,1,,1,1,7,1,ARVEJA,2901,1,1,000,0,0,0,0,0,1,0, 
2024,13,LA LIBERTAD,10,SANTIAGO DE CHUCO,01,SANTIAGO DE CHUCO,13339,01,01,1,2,131033004,.644817,1,,1,1,2,1,ARVEJA,2901,1,0,120,0,1,0,0,0,0,0, 
2024,13,LA LIBERTAD,10,SANTIAGO DE CHUCO,01,SANTIAGO DE CHUCO,13339,03,03,1,2,131033004,.1004611,1,,1,1,1,1,OLLUCO,2609,1,0,015,0,0,0,1,0,0,0, 
2024,13,LA LIBERTAD,10,SANTIAGO DE CHUCO,01,SANTIAGO DE CHUCO,13339,03,03,1,2,131033004,.1004611,1,,1,1,1,2,OCA,2608,1,0,250,0,0,0,1,0,0,0, 
2024,13,LA LIBERTAD,10,SANTIAGO DE CHUCO,01,SANTIAGO DE CHUCO,13340,04,04,1,2,131044005,238.7461,1,,1,1,4,1,CEBADA GRANO,2104,1,0,250,0,0,0,0,0,1,0, 
2024,13,LA LIBERTAD,10,SANTIAGO DE CHUCO,01,SANTIAGO DE CHUCO,13341,02,02,1,2,131054004,.5502105,1,,1,1,1,1,PAPA NATIVA,2615,1,0,250,0,0,0,1,0,0,0, 
2024,13,LA LIBERTAD,10,SANTIAGO DE CHUCO,01,SANTIAGO DE CHUCO,13341,03,03,1,2,131054004,21.10778,1,,1,1,1,1,PAPA HUAYRO,2614,1,0,500,0,0,0,1,0,0,0, 
2024,13,LA LIBERTAD,10,SANTIAGO DE CHUCO,01,SANTIAGO DE CHUCO,13341,04,04,1,2,131054004,12.53477,1,,1,1,2,1,PAPA NATIVA,2615,1,0,250,0,0,0,1,0,0,0, 
2024,13,LA LIBERTAD,10,SANTIAGO DE CHUCO,01,SANTIAGO DE CHUCO,13341,04,04,1,2,131054004,12.53477,1,,1,1,1,1,CEBADA GRANO,2104,1,0,900,0,0,0,1,0,0,0, 
2024,13,LA LIBERTAD,10,SANTIAGO DE CHUCO,01,SANTIAGO DE CHUCO,13342,02,02,1,2,131044002,18.80477,1,,1,1,2,1,PAPA AMARILLA,2611,1,0,125,0,0,1,1,0,0,0, 
2024,13,LA LIBERTAD,10,SANTIAGO DE CHUCO,01,SANTIAGO DE CHUCO,13344,01,01,1,2,131024002,35.71712,1,,1,0,1,1,NUÑA,2945,1,0,050,0,0,0,1,0,0,0, 
2024,13,LA LIBERTAD,10,SANTIAGO DE CHUCO,01,SANTIAGO DE CHUCO,13344,02,02,1,2,131024002,1.231354,1,,1,0,2,1,NUÑA,2945,1,1,500,0,0,0,1,0,0,0, 
2024,13,LA LIBERTAD,10,SANTIAGO DE CHUCO,01,SANTIAGO DE CHUCO,13346,01,01,1,2,131044003,488.2753,1,,1,1,1,1,PAPA AMARILLA,2611,1,0,250,0,0,0,1,0,0,0, 
2024,13,LA LIBERTAD,10,SANTIAGO DE CHUCO,01,SANTIAGO DE CHUCO,13348,01,01,1,2,131031003,4.821853,1,,1,1,1,1,TUNA FRUTA,1186,2,0,001,0,0,1,0,0,0,0, 
2024,13,LA LIBERTAD,10,SANTIAGO DE CHUCO,01,SANTIAGO DE CHUCO,13348,04,04,1,2,131031003,101.1543,1,,1,1,2,1,TRIGO,2113,1,0,500,0,0,0,0,0,1,0, 
2024,13,LA LIBERTAD,10,SANTIAGO DE CHUCO,01,SANTIAGO DE CHUCO,13348,05,05,1,2,131031003,56.69283,1,,1,1,1,1,ARVEJA,2901,1,0,180,0,0,1,0,0,0,0, 
2024,13,LA LIBERTAD,10,SANTIAGO DE CHUCO,01,SANTIAGO DE CHUCO,13351,01,01,1,2,131041003,308.484,1,,1,1,5,1,PAPA NATIVA,2615,1,1,000,0,0,0,1,0,0,0, 
2024,13,LA LIBERTAD,10,SANTIAGO DE CHUCO,01,SANTIAGO DE CHUCO,13351,01,01,1,2,131041003,308.484,1,,1,1,4,1,PAPA NATIVA,2615,1,1,000,0,0,0,1,0,0,0, 
2024,13,LA LIBERTAD,10,SANTIAGO DE CHUCO,01,SANTIAGO DE CHUCO,13355,01,01,1,2,131031004,7.914116,1,,1,1,2,1,PAPA BLANCA,2612,1,0,500,0,0,1,1,0,0,0, 
2024,13,LA LIBERTAD,10,SANTIAGO DE CHUCO,01,SANTIAGO DE CHUCO,13355,01,01,1,2,131031004,7.914116,1,,1,1,1,1,ARVEJA,2901,1,1,500,0,0,0,1,0,1,0, 
2024,13,LA LIBERTAD,10,SANTIAGO DE CHUCO,01,SANTIAGO DE CHUCO,13357,01,01,1,2,131021002,.0805045,1,,1,1,1,1,PACAE,1159,2,0,003,0,0,0,0,0,1,0, 
2024,13,LA LIBERTAD,10,SANTIAGO DE CHUCO,01,SANTIAGO DE CHUCO,13357,01,01,1,2,131021002,.0805045,1,,1,1,1,2,MANZANO,1149,2,0,030,0,0,0,0,0,1,0, 
2024,13,LA LIBERTAD,09,SANCHEZ CARRION,07,SARIN,13363,01,01,1,2,130954005,9.213771,1,,1,1,2,1,PAPA BLANCA,2612,1,1,000,0,0,1,1,0,0,0, 
2024,13,LA LIBERTAD,09,SANCHEZ CARRION,07,SARIN,13363,03,03,1,2,130954005,27.97878,1,,1,1,2,1,HABA,2942,1,0,250,0,0,0,1,0,0,0, 
2024,13,LA LIBERTAD,09,SANCHEZ CARRION,07,SARIN,13367,01,01,1,2,130944002,6.711505,1,,1,1,2,1,PAPA BLANCA,2612,1,0,125,0,0,0,0,0,1,0, 
2024,13,LA LIBERTAD,09,SANCHEZ CARRION,06,SANAGORAN,13370,03,03,1,2,130931003,377.5407,1,,1,1,3,1,PAPA BLANCA,2612,1,0,150,0,0,1,0,0,0,0, 
2024,13,LA LIBERTAD,09,SANCHEZ CARRION,06,SANAGORAN,13371,02,02,1,2,130933003,10.81968,1,,1,1,1,1,CHIRIMOYO,1121,2,0,100,0,0,1,0,0,1,0, 
2024,13,LA LIBERTAD,09,SANCHEZ CARRION,06,SANAGORAN,13371,02,02,1,2,130933003,10.81968,1,,1,1,1,2,LIMA,1139,2,0,100,0,0,1,0,0,1,0, 
2024,13,LA LIBERTAD,09,SANCHEZ CARRION,06,SANAGORAN,13371,03,03,1,2,130933003,21.34028,1,,1,1,3,1,NUÑA,2945,1,0,020,0,0,1,0,0,1,0, 
2024,13,LA LIBERTAD,09,SANCHEZ CARRION,05,MARCABAL,13385,01,01,1,2,130931003,360.6566,1,,1,1,1,1,PAPA BLANCA,2612,1,0,100,0,0,1,0,0,0,0, 
2024,13,LA LIBERTAD,09,SANCHEZ CARRION,04,CURGOS,13387,01,01,1,2,130944003,281.3698,1,,1,1,1,1,TARHUI,2947,1,0,500,0,0,1,0,0,0,0, 
2024,13,LA LIBERTAD,09,SANCHEZ CARRION,03,COCHORCO,13389,03,03,1,2,130934004,259.5753,1,,1,1,1,1,CAMOTE,2603,1,0,100,0,0,0,0,0,1,0, 
2024,13,LA LIBERTAD,09,SANCHEZ CARRION,03,COCHORCO,13393,01,01,1,2,130974004,25.72397,1,,1,1,1,1,MAIZ AMILACEO,2108,1,0,150,0,0,0,0,0,1,0, 
2024,13,LA LIBERTAD,09,SANCHEZ CARRION,02,CHUGAY,13399,02,02,1,2,130951003,.4384267,1,,1,1,1,1,PAPA BLANCA,2612,1,0,250,0,1,0,1,0,0,0, 
2024,13,LA LIBERTAD,09,SANCHEZ CARRION,02,CHUGAY,13399,02,02,1,2,130951003,.4384267,1,,1,1,1,2,CEBADA GRANO,2104,1,0,250,0,1,0,1,0,0,0, 
2024,13,LA LIBERTAD,09,SANCHEZ CARRION,02,CHUGAY,13401,01,01,1,2,130943002,8.634427,1,,1,1,1,1,HABA,2942,1,0,023,0,0,0,1,0,0,0, 
2024,13,LA LIBERTAD,09,SANCHEZ CARRION,02,CHUGAY,13401,02,02,1,2,130943002,.33645,1,,1,1,2,1,AVENA FORRAJERA,2701,1,1,000,0,0,0,1,0,0,0, 
2024,13,LA LIBERTAD,09,SANCHEZ CARRION,02,CHUGAY,13401,03,03,1,2,130943002,.5679463,1,,1,1,3,1,PAPA BLANCA,2612,1,1,000,0,0,1,1,0,0,0, 
2024,13,LA LIBERTAD,09,SANCHEZ CARRION,02,CHUGAY,13401,03,03,1,2,130943002,.5679463,1,,1,1,1,1,AVENA GRANO,2102,1,0,500,0,0,0,1,0,0,0, 
2024,13,LA LIBERTAD,09,SANCHEZ CARRION,02,CHUGAY,13402,01,01,1,2,130941002,320.2381,1,,1,1,3,1,AVENA GRANO,2102,1,1,500,0,0,0,1,0,0,0, 
2024,13,LA LIBERTAD,09,SANCHEZ CARRION,02,CHUGAY,13402,01,01,1,2,130941002,320.2381,1,,1,1,1,1,TARHUI,2947,1,0,500,0,0,0,1,0,0,0, 
2024,13,LA LIBERTAD,09,SANCHEZ CARRION,02,CHUGAY,13402,02,02,1,2,130941002,82.91899,1,,1,1,2,1,PAPA BLANCA,2612,1,0,160,0,0,1,1,0,0,0, 
2024,13,LA LIBERTAD,09,SANCHEZ CARRION,02,CHUGAY,13402,02,02,1,2,130941002,82.91899,1,,1,1,2,2,MAIZ AMARILLO DURO,2107,1,0,160,0,0,0,1,0,0,0, 
2024,13,LA LIBERTAD,09,SANCHEZ CARRION,02,CHUGAY,13402,02,02,1,2,130941002,82.91899,1,,1,1,2,3,ARVEJA,2901,1,0,160,0,0,1,1,0,0,0, 
2024,13,LA LIBERTAD,09,SANCHEZ CARRION,02,CHUGAY,13402,03,03,1,2,130941002,12.9432,1,,1,1,1,1,PAPA BLANCA,2612,1,0,250,0,0,0,1,0,0,0, 
2024,13,LA LIBERTAD,09,SANCHEZ CARRION,02,CHUGAY,13402,03,03,1,2,130941002,12.9432,1,,1,1,2,1,PAPA BLANCA,2612,1,0,250,0,0,1,1,0,0,0, 
2024,13,LA LIBERTAD,09,SANCHEZ CARRION,02,CHUGAY,13405,01,01,1,2,130953003,.4084779,1,,1,1,1,1,PAPA BLANCA,2612,1,0,250,0,1,0,1,0,0,0, 
2024,13,LA LIBERTAD,09,SANCHEZ CARRION,02,CHUGAY,13406,01,01,1,2,130942004,2.100421,1,,1,1,1,1,PAPA AMARILLA,2611,1,0,250,0,0,0,1,0,0,0, 
2024,13,LA LIBERTAD,09,SANCHEZ CARRION,02,CHUGAY,13406,02,02,1,2,130942004,2.38906,1,,1,1,2,1,PAPA AMARILLA,2611,1,0,250,0,0,0,1,0,0,0, 
2024,13,LA LIBERTAD,09,SANCHEZ CARRION,02,CHUGAY,13406,03,03,1,2,130942004,.1912335,1,,1,1,1,1,PAPA AMARILLA,2611,1,0,250,0,0,0,1,0,0,0, 
2024,13,LA LIBERTAD,09,SANCHEZ CARRION,02,CHUGAY,13407,01,01,1,3,130971002,1273.964,1,,1,1,1,1,CAMOTE,2603,1,0,100,0,0,1,0,0,0,0, 
2024,13,LA LIBERTAD,09,SANCHEZ CARRION,02,CHUGAY,13407,01,01,1,3,130971002,1273.964,1,,1,1,1,2,MAIZ AMARILLO DURO,2107,1,0,100,0,0,1,0,0,0,0, 
2024,13,LA LIBERTAD,09,SANCHEZ CARRION,02,CHUGAY,13410,01,01,1,2,130953002,.6226556,1,,1,1,2,1,PAPA AMARILLA,2611,1,0,250,0,0,0,1,0,0,0, 
2024,13,LA LIBERTAD,09,SANCHEZ CARRION,01,HUAMACHUCO,13415,01,01,1,2,130941003,1117.232,1,,1,1,2,1,PAPA NATIVA,2615,1,0,500,0,0,1,1,1,0,0, 
2024,13,LA LIBERTAD,09,SANCHEZ CARRION,01,HUAMACHUCO,13415,01,01,1,2,130941003,1117.232,1,,1,1,2,2,TARHUI,2947,1,0,500,0,0,1,1,1,0,0, 
2024,13,LA LIBERTAD,09,SANCHEZ CARRION,01,HUAMACHUCO,13416,01,01,1,2,130931003,6.607882,1,,1,1,1,1,PAPA NATIVA,2615,1,0,679,0,0,1,0,1,0,0, 
2024,13,LA LIBERTAD,09,SANCHEZ CARRION,01,HUAMACHUCO,13416,02,02,1,2,130931003,245.5515,1,,1,1,1,1,PAPA AMARILLA,2611,1,1,000,0,0,0,0,1,0,0, 
2024,13,LA LIBERTAD,09,SANCHEZ CARRION,01,HUAMACHUCO,13418,01,01,1,2,130931002,1162.45,1,,1,1,1,1,ESPINACA,2322,1,0,020,0,0,0,0,0,1,0, 
2024,13,LA LIBERTAD,09,SANCHEZ CARRION,01,HUAMACHUCO,13418,01,01,1,2,130931002,1162.45,1,,1,1,1,2,ZANAHORIA,2344,1,0,150,0,0,0,0,0,1,0, 
2024,13,LA LIBERTAD,09,SANCHEZ CARRION,01,HUAMACHUCO,13419,01,01,1,2,130941003,8.234786,1,,1,1,1,1,PAPA BLANCA,2612,1,0,250,0,0,0,1,0,0,0, 
2024,13,LA LIBERTAD,09,SANCHEZ CARRION,01,HUAMACHUCO,13421,02,02,1,2,130941004,39.45639,1,,1,1,1,1,PAPA NATIVA,2615,1,0,250,0,0,1,0,0,0,0, 
2024,13,LA LIBERTAD,09,SANCHEZ CARRION,01,HUAMACHUCO,13421,02,02,1,2,130941004,39.45639,1,,1,1,1,2,CEBADA GRANO,2104,1,0,250,0,0,1,0,0,0,0, 
2024,13,LA LIBERTAD,09,SANCHEZ CARRION,01,HUAMACHUCO,13421,03,03,1,2,130941004,21.59884,1,,1,1,1,1,PAPA NATIVA,2615,1,0,250,0,0,1,0,0,0,0, 
2024,13,LA LIBERTAD,09,SANCHEZ CARRION,01,HUAMACHUCO,13421,05,05,1,2,130941004,436.1359,1,,1,1,1,1,CEBADA GRANO,2104,1,0,250,0,0,1,0,1,0,0, 
2024,13,LA LIBERTAD,09,SANCHEZ CARRION,01,HUAMACHUCO,13421,06,06,1,2,130941004,12.89796,1,,1,1,1,1,PAPA NATIVA,2615,1,0,200,0,0,1,1,0,0,0, 
2024,13,LA LIBERTAD,09,SANCHEZ CARRION,01,HUAMACHUCO,13422,01,01,1,2,130941003,231.7787,1,,1,1,1,1,PAPA BLANCA,2612,1,1,000,0,0,1,1,0,0,0, 
2024,13,LA LIBERTAD,09,SANCHEZ CARRION,01,HUAMACHUCO,13422,01,01,1,2,130941003,231.7787,1,,1,1,1,2,CEBADA GRANO,2104,1,1,000,0,0,1,1,0,0,0, 
2024,13,LA LIBERTAD,08,PATAZ,03,CHILLIA,13452,01,01,1,2,130853003,10.67692,1,,1,1,1,1,PAPA NATIVA,2615,1,0,400,0,0,0,1,0,0,0, 
2024,13,LA LIBERTAD,08,PATAZ,03,CHILLIA,13454,01,01,1,2,130873003,31.68701,1,,1,1,1,1,TRIGO,2113,1,0,300,0,0,1,0,0,1,0, 
2024,13,LA LIBERTAD,08,PATAZ,02,BULDIBUYO,13458,01,01,1,2,130854004,59.98012,1,,1,1,2,1,PAPA BLANCA,2612,1,0,250,0,0,1,1,0,0,0, 
2024,13,LA LIBERTAD,08,PATAZ,02,BULDIBUYO,13458,01,01,1,2,130854004,59.98012,1,,1,1,2,2,OCA,2608,1,0,250,0,0,1,1,0,0,0, 
2024,13,LA LIBERTAD,08,PATAZ,01,TAYABAMBA,13469,01,01,1,2,130832004,42.24804,1,,1,1,2,1,OCA,2608,1,600,000,0,0,1,0,0,0,0, 
2024,13,LA LIBERTAD,07,PACASMAYO,01,SAN PEDRO DE LLOC,13480,10,10,1,1,130711004,3.321206,1,,1,0,1,1,FRIJOL BAYO,2906,1,0,001,0,1,0,0,0,0,0, 
2024,13,LA LIBERTAD,06,OTUZCO,14,USQUIL,13486,01,01,1,2,130631003,181.2627,1,,1,1,2,1,PAPA BLANCA,2612,1,0,100,0,0,0,1,0,0,0, 
2024,13,LA LIBERTAD,06,OTUZCO,14,USQUIL,13487,03,03,1,2,130621003,31.56219,1,,1,1,1,1,NARANJO,1156,2,0,400,0,0,1,0,0,0,0, 
2024,13,LA LIBERTAD,06,OTUZCO,14,USQUIL,13488,01,01,1,2,130631003,435.1229,1,,1,1,1,1,MAIZ AMILACEO,2108,1,1,000,0,0,1,0,0,0,0, 
2024,13,LA LIBERTAD,06,OTUZCO,14,USQUIL,13490,01,01,1,2,130631002,366.7911,1,,1,0,1,1,MAIZ CHOCLO,2109,1,0,114,0,0,1,0,0,0,0, 
2024,13,LA LIBERTAD,06,OTUZCO,14,USQUIL,13490,01,01,1,2,130631002,366.7911,1,,1,0,2,1,ARVEJA,2901,1,0,500,0,0,1,0,0,0,0, 
2024,13,LA LIBERTAD,06,OTUZCO,14,USQUIL,13490,02,02,1,2,130631002,278.904,1,,1,1,2,1,MAIZ CHOCLO,2109,1,0,750,0,0,1,0,0,0,0, 
2024,13,LA LIBERTAD,06,OTUZCO,14,USQUIL,13490,02,02,1,2,130631002,278.904,1,,1,1,1,1,MAIZ CHOCLO,2109,1,0,100,0,0,1,0,0,0,0, 
2024,13,LA LIBERTAD,06,OTUZCO,14,USQUIL,13491,01,01,1,2,130631003,117.879,1,,1,1,2,1,TARHUI,2947,1,0,050,0,0,1,0,0,0,0, 
2024,13,LA LIBERTAD,06,OTUZCO,14,USQUIL,13492,01,01,1,2,130631004,174.3136,1,,1,1,3,1,PAPA BLANCA,2612,1,0,200,0,0,1,0,0,0,0, 
2024,13,LA LIBERTAD,06,OTUZCO,14,USQUIL,13492,03,03,1,2,130631004,2.949579,1,,1,1,1,1,PAPA AMARILLA,2611,1,0,200,0,0,1,0,0,0,0, 
2024,13,LA LIBERTAD,06,OTUZCO,14,USQUIL,13492,03,03,1,2,130631004,2.949579,1,,1,1,1,2,HABA,2942,1,0,200,0,0,0,0,0,0,1, 
2024,13,LA LIBERTAD,06,OTUZCO,13,SINSICAP,13496,01,01,1,2,130623002,.6443184,1,,1,1,6,1,MELOCOTONERO,1152,2,0,080,0,1,0,0,0,0,0, 
2024,13,LA LIBERTAD,06,OTUZCO,13,SINSICAP,13496,01,01,1,2,130623002,.6443184,1,,1,1,3,1,MELOCOTONERO,1152,2,0,120,0,1,0,0,0,0,0, 
2024,13,LA LIBERTAD,06,OTUZCO,13,SINSICAP,13496,01,01,1,2,130623002,.6443184,1,,1,1,2,1,MELOCOTONERO,1152,2,0,080,0,1,0,0,0,0,0, 
2024,13,LA LIBERTAD,06,OTUZCO,13,SINSICAP,13496,01,01,1,2,130623002,.6443184,1,,1,1,5,1,MELOCOTONERO,1152,2,0,180,0,1,0,0,0,0,0, 
2024,13,LA LIBERTAD,06,OTUZCO,13,SINSICAP,13496,02,02,1,2,130623002,.9248174,1,,1,1,8,1,MELOCOTONERO,1152,2,0,500,0,1,0,0,0,0,0, 
2024,13,LA LIBERTAD,06,OTUZCO,11,SALPO,13500,01,01,1,1,130623004,12.5508,1,,1,0,5,1,PACAE,1159,2,0,006,0,0,1,0,0,0,0, 
2024,13,LA LIBERTAD,06,OTUZCO,11,SALPO,13500,04,04,1,1,130623004,21.94724,1,,1,0,3,1,CHIRIMOYO,1121,2,0,009,0,0,1,0,0,0,0, 
2024,13,LA LIBERTAD,06,OTUZCO,11,SALPO,13500,04,04,1,1,130623004,21.94724,1,,1,0,1,1,CHIRIMOYO,1121,2,0,040,0,0,1,0,0,0,0, 
2024,13,LA LIBERTAD,06,OTUZCO,11,SALPO,13500,04,04,1,1,130623004,21.94724,1,,1,0,1,2,NISPERO,1157,2,0,002,0,0,1,0,0,0,0, 
2024,13,LA LIBERTAD,06,OTUZCO,11,SALPO,13500,04,04,1,1,130623004,21.94724,1,,1,0,1,3,PACAE,1159,2,0,030,0,0,1,0,0,0,0, 
2024,13,LA LIBERTAD,06,OTUZCO,11,SALPO,13501,01,01,1,2,130631003,340.915,1,,1,1,1,1,PAPA AMARILLA,2611,1,4,000,0,0,1,1,1,0,0, 
2024,13,LA LIBERTAD,06,OTUZCO,11,SALPO,13502,01,01,1,1,130622004,127.196,1,,1,1,1,1,PACAE,1159,2,0,012,0,0,1,0,0,0,0, 
2024,13,LA LIBERTAD,06,OTUZCO,11,SALPO,13502,01,01,1,1,130622004,127.196,1,,1,1,2,1,PACAE,1159,2,0,045,0,0,1,0,0,0,0, 
2024,13,LA LIBERTAD,06,OTUZCO,11,SALPO,13502,01,01,1,1,130622004,127.196,1,,1,1,2,2,MANGO,1147,2,0,036,0,0,1,0,0,0,0, 
2024,13,LA LIBERTAD,06,OTUZCO,11,SALPO,13502,01,01,1,1,130622004,127.196,1,,1,1,1,2,PAPAYA,1163,2,0,015,0,0,1,0,0,0,0, 
2024,13,LA LIBERTAD,06,OTUZCO,11,SALPO,13502,01,01,1,1,130622004,127.196,1,,1,1,1,3,MANGO,1147,2,0,003,0,0,1,0,0,0,0, 
2024,13,LA LIBERTAD,06,OTUZCO,11,SALPO,13503,01,01,1,2,130631003,371.5357,1,,1,1,3,1,MAIZ AMILACEO,2108,1,0,200,0,0,1,0,1,0,0, 
2024,13,LA LIBERTAD,06,OTUZCO,11,SALPO,13505,02,02,1,2,130631003,43.48083,1,,1,0,2,1,PAPA BLANCA,2612,1,2,000,0,0,1,0,0,0,0, 
2024,13,LA LIBERTAD,06,OTUZCO,11,SALPO,13505,03,03,1,2,130631003,41.6214,1,,1,1,3,1,PAPA BLANCA,2612,1,1,000,0,0,1,1,0,0,0, 
2024,13,LA LIBERTAD,06,OTUZCO,06,LA CUESTA,13511,01,01,1,2,130634004,22.24772,1,,1,1,3,1,TRIGO,2113,1,0,250,0,0,1,1,0,0,0, 
2024,13,LA LIBERTAD,06,OTUZCO,06,LA CUESTA,13511,01,01,1,2,130634004,22.24772,1,,1,1,2,1,MAIZ AMILACEO,2108,1,0,240,0,0,1,0,0,0,0, 
2024,13,LA LIBERTAD,06,OTUZCO,02,AGALLPAMPA,13521,01,01,1,2,130632002,.1434603,1,,1,1,4,1,MAIZ AMILACEO,2108,1,0,200,0,0,1,0,0,0,0, 
2024,13,LA LIBERTAD,06,OTUZCO,02,AGALLPAMPA,13525,01,01,1,2,130643003,.9585726,1,,1,1,1,1,PAPA AMARILLA,2611,1,0,248,0,0,1,1,0,0,0, 
2024,13,LA LIBERTAD,06,OTUZCO,02,AGALLPAMPA,13525,01,01,1,2,130643003,.9585726,1,,1,1,5,1,PAPA BLANCA,2612,1,0,200,0,0,1,1,0,0,0, 
2024,13,LA LIBERTAD,06,OTUZCO,02,AGALLPAMPA,13527,04,04,1,2,130631003,70.22221,1,,1,1,4,1,PAPA AMARILLA,2611,1,1,000,0,0,1,0,0,0,0, 
2024,13,LA LIBERTAD,06,OTUZCO,01,OTUZCO,13533,08,08,1,2,130631003,54.99429,1,,1,1,3,1,ARVEJA,2901,1,0,720,0,0,1,1,0,0,0, 
2024,13,LA LIBERTAD,06,OTUZCO,01,OTUZCO,13536,02,02,1,2,130631003,98.69836,1,,1,1,1,1,TUNA FRUTA,1186,2,0,017,0,0,1,0,0,0,0, 
2024,13,LA LIBERTAD,06,OTUZCO,01,OTUZCO,13536,05,05,1,2,130631003,129.4559,1,,1,1,1,1,TUNA FRUTA,1186,2,0,005,0,0,1,0,0,0,0, 
2024,13,LA LIBERTAD,06,OTUZCO,01,OTUZCO,13536,07,07,1,2,130631003,2.638703,1,,1,0,2,1,MAIZ AMILACEO,2108,1,0,360,0,0,1,0,0,0,0, 
2024,13,LA LIBERTAD,06,OTUZCO,01,OTUZCO,13539,01,01,1,2,130632005,.3424634,1,,1,1,8,1,MAIZ CHOCLO,2109,1,0,490,0,0,0,0,0,1,0, 
2024,13,LA LIBERTAD,06,OTUZCO,01,OTUZCO,13539,01,01,1,2,130632005,.3424634,1,,1,1,1,1,MAIZ CHOCLO,2109,1,0,010,0,0,0,0,0,1,0, 
2024,13,LA LIBERTAD,05,JULCAN,04,HUASO,13541,01,01,1,2,130531003,34.82716,1,,1,1,1,1,ARVEJA,2901,1,0,200,0,0,0,1,0,0,0, 
2024,13,LA LIBERTAD,05,JULCAN,04,HUASO,13541,02,02,1,2,130531003,59.72519,1,,1,1,1,1,HABA,2942,1,1,000,0,0,0,0,0,1,0, 
2024,13,LA LIBERTAD,05,JULCAN,04,HUASO,13543,01,01,1,2,130531003,47.27369,1,,1,1,2,1,MAIZ AMILACEO,2108,1,0,500,0,0,0,0,0,1,0, 
2024,13,LA LIBERTAD,05,JULCAN,04,HUASO,13543,02,02,1,2,130531003,42.70055,1,,1,1,2,1,CEBADA GRANO,2104,1,2,000,0,0,0,0,0,1,0, 
2024,13,LA LIBERTAD,05,JULCAN,04,HUASO,13543,03,03,1,2,130531003,106.8187,1,,1,1,2,1,CEBADA GRANO,2104,1,1,300,0,0,0,0,0,1,0, 
2024,13,LA LIBERTAD,05,JULCAN,04,HUASO,13543,03,03,1,2,130531003,106.8187,1,,1,1,1,1,MAIZ AMILACEO,2108,1,0,200,0,0,0,0,0,1,0, 
2024,13,LA LIBERTAD,05,JULCAN,04,HUASO,13545,01,01,1,2,130541003,20.25178,1,,1,1,1,1,PAPA BLANCA,2612,1,0,253,0,0,1,0,0,0,0, 
2024,13,LA LIBERTAD,05,JULCAN,04,HUASO,13545,01,01,1,2,130541003,20.25178,1,,1,1,1,2,OCA,2608,1,0,177,0,0,1,0,0,0,0, 
2024,13,LA LIBERTAD,05,JULCAN,04,HUASO,13545,01,01,1,2,130541003,20.25178,1,,1,1,1,3,ARVEJA,2901,1,0,074,0,0,1,0,0,0,0, 
2024,13,LA LIBERTAD,05,JULCAN,04,HUASO,13551,04,04,1,2,130541003,41.60026,1,,1,1,1,1,PAPA BLANCA,2612,1,0,108,0,0,1,0,0,0,0, 
2024,13,LA LIBERTAD,05,JULCAN,03,CARABAMBA,13552,02,02,1,2,130541004,5.901993,1,,1,1,3,1,LINAZA,2819,1,0,125,0,0,0,1,0,0,0, 
2024,13,LA LIBERTAD,05,JULCAN,03,CARABAMBA,13552,05,05,1,2,130541004,133.7597,1,,1,1,3,1,PAPA BLANCA,2612,1,0,500,0,0,0,1,0,0,0, 
2024,13,LA LIBERTAD,05,JULCAN,03,CARABAMBA,13553,04,04,1,2,130531003,19.99507,1,,1,1,1,1,PAPA BLANCA,2612,1,0,650,0,0,1,0,0,0,0, 
2024,13,LA LIBERTAD,05,JULCAN,03,CARABAMBA,13555,03,03,1,2,130534002,2.572964,1,,1,1,2,1,PAPA NATIVA,2615,1,2,000,0,0,1,0,0,0,0, 
2024,13,LA LIBERTAD,05,JULCAN,02,CALAMARCA,13558,01,01,1,2,130531003,144.0801,1,,1,1,1,1,ARVEJA,2901,1,1,000,0,0,1,0,0,0,0, 
2024,13,LA LIBERTAD,05,JULCAN,02,CALAMARCA,13558,01,01,1,2,130531003,144.0801,1,,1,1,1,2,HABA,2942,1,1,000,0,0,1,0,0,0,0, 
2024,13,LA LIBERTAD,05,JULCAN,02,CALAMARCA,13560,03,03,1,2,130531003,34.86508,1,,1,1,4,1,HABA,2942,1,1,000,0,1,0,0,0,0,0, 
2024,13,LA LIBERTAD,05,JULCAN,02,CALAMARCA,13560,03,03,1,2,130531003,34.86508,1,,1,1,8,1,CEBADA GRANO,2104,1,0,500,1,0,0,0,0,0,0, 
2024,13,LA LIBERTAD,05,JULCAN,02,CALAMARCA,13560,03,03,1,2,130531003,34.86508,1,,1,1,9,1,PAPA BLANCA,2612,1,0,500,0,0,1,0,0,1,0, 
2024,13,LA LIBERTAD,05,JULCAN,02,CALAMARCA,13560,03,03,1,2,130531003,34.86508,1,,1,1,3,1,PAPA BLANCA,2612,1,1,000,0,0,1,0,0,0,0, 
2024,13,LA LIBERTAD,05,JULCAN,02,CALAMARCA,13562,02,02,1,2,130541003,19.13997,1,,1,1,2,1,PAPA NATIVA,2615,1,0,500,0,0,1,1,0,0,0, 
2024,13,LA LIBERTAD,05,JULCAN,02,CALAMARCA,13562,02,02,1,2,130541003,19.13997,1,,1,1,1,1,PAPA BLANCA,2612,1,0,100,0,0,1,0,0,0,0, 
2024,13,LA LIBERTAD,05,JULCAN,02,CALAMARCA,13562,03,03,1,2,130541003,52.67168,1,,1,1,1,1,PAPA HUAYRO,2614,1,2,000,0,0,1,1,0,0,0, 
2024,13,LA LIBERTAD,05,JULCAN,02,CALAMARCA,13562,03,03,1,2,130541003,52.67168,1,,1,1,1,2,CEBADA GRANO,2104,1,0,400,0,0,1,1,0,0,0, 
2024,13,LA LIBERTAD,05,JULCAN,02,CALAMARCA,13563,01,01,1,2,130531003,18.84905,1,,1,1,1,1,CEBADA GRANO,2104,1,0,500,0,1,0,0,0,0,0, 
2024,13,LA LIBERTAD,05,JULCAN,02,CALAMARCA,13563,07,07,1,2,130531003,.4320394,1,,1,1,3,1,HABA,2942,1,0,500,0,0,1,1,0,0,0, 
2024,13,LA LIBERTAD,05,JULCAN,02,CALAMARCA,13563,07,07,1,2,130531003,.4320394,1,,1,1,4,1,HABA,2942,1,0,480,0,0,1,0,0,0,0, 
2024,13,LA LIBERTAD,05,JULCAN,02,CALAMARCA,13564,02,02,1,2,130544003,104.8478,1,,1,1,4,1,OLLUCO,2609,1,0,150,0,0,0,1,0,0,0, 
2024,13,LA LIBERTAD,05,JULCAN,02,CALAMARCA,13564,03,03,1,2,130544003,20.72836,1,,1,1,1,1,PAPA HUAYRO,2614,1,0,500,0,0,1,1,0,0,0, 
2024,13,LA LIBERTAD,05,JULCAN,02,CALAMARCA,13564,03,03,1,2,130544003,20.72836,1,,1,1,2,1,PAPA NATIVA,2615,1,0,250,0,0,1,1,0,0,0, 
2024,13,LA LIBERTAD,05,JULCAN,01,JULCAN,13566,01,01,1,2,130531002,247.6029,1,,1,0,4,1,PAPA BLANCA,2612,1,0,250,0,0,1,1,0,1,0, 
2024,13,LA LIBERTAD,05,JULCAN,01,JULCAN,13567,01,01,1,2,130531004,59.56537,1,,1,0,2,1,HABA,2942,1,0,200,0,0,1,0,0,0,1, 
2024,13,LA LIBERTAD,05,JULCAN,01,JULCAN,13569,04,04,1,2,130541003,26.70114,1,,1,1,1,1,PAPA NATIVA,2615,1,0,250,0,0,1,0,0,1,0, 
2024,13,LA LIBERTAD,04,CHEPEN,03,PUEBLO NUEVO,13570,05,05,1,1,130411004,33.61871,1,,1,0,4,1,YUCA,2620,1,0,500,0,1,0,0,0,0,0, 
2024,13,LA LIBERTAD,04,CHEPEN,02,PACANGA,13582,01,01,1,1,130411004,16.99063,1,,1,1,1,1,ESPARRAGO,1211,2,0,150,0,0,0,0,0,0,1, 
2024,13,LA LIBERTAD,04,CHEPEN,02,PACANGA,13582,06,06,1,1,130411004,.2292337,1,,1,1,1,1,COCOTERO,1128,2,0,012,0,0,1,0,0,0,0, 
2024,13,LA LIBERTAD,04,CHEPEN,02,PACANGA,13582,07,07,1,1,130411004,16.7238,1,,1,0,1,1,GUANABANO,1133,2,0,006,0,0,1,0,0,0,0, 
2024,13,LA LIBERTAD,04,CHEPEN,02,PACANGA,13582,08,08,1,1,130411004,35.66364,1,,1,1,1,1,GUANABANO,1133,2,0,003,0,0,1,0,0,0,0, 
2024,13,LA LIBERTAD,04,CHEPEN,02,PACANGA,13582,08,08,1,1,130411004,35.66364,1,,1,1,1,2,ZARANDAJA,2951,1,0,325,0,0,1,0,0,0,0, 
2024,13,LA LIBERTAD,04,CHEPEN,01,CHEPEN,13587,01,01,1,1,130413003,8.157273,1,,1,1,1,1,MARACUYA,2205,1,0,030,0,0,1,0,0,0,0, 
2024,13,LA LIBERTAD,04,CHEPEN,01,CHEPEN,13588,05,05,1,1,130411002,1.04517,1,,1,1,1,1,MANGO,1147,2,0,090,0,1,1,0,0,0,0, 
2024,13,LA LIBERTAD,04,CHEPEN,01,CHEPEN,13589,02,02,1,1,130414002,.7271762,1,,1,1,1,1,MAIZ AMARILLO DURO,2107,1,2,960,0,0,0,0,0,1,0, 
2024,13,LA LIBERTAD,03,BOLIVAR,06,UCUNCHA,13594,01,01,1,3,130371003,4.257038,1,,1,1,1,1,MANI PARA FRUTA,2204,1,1,000,0,0,1,0,0,0,0, 
2024,13,LA LIBERTAD,03,BOLIVAR,03,CONDORMARCA,13602,01,01,1,2,130332004,.0825304,1,,1,1,1,1,MAIZ AMILACEO,2108,1,0,125,0,0,0,0,0,1,0, 
2024,13,LA LIBERTAD,03,BOLIVAR,03,CONDORMARCA,13602,01,01,1,2,130332004,.0825304,1,,1,1,1,2,TRIGO,2113,1,0,125,0,0,0,0,0,1,0, 
2024,13,LA LIBERTAD,03,BOLIVAR,02,BAMBAMARCA,13609,03,03,1,2,130341003,151.6388,1,,1,1,3,1,OCA,2608,1,0,150,0,0,0,1,0,0,0, 
2024,13,LA LIBERTAD,02,ASCOPE,05,PAIJAN,13620,01,01,1,1,130211004,156.2122,1,,1,0,2,1,ESPARRAGO,1211,2,1,000,0,0,0,0,0,0,1, 
2024,13,LA LIBERTAD,02,ASCOPE,05,PAIJAN,13620,01,01,1,1,130211004,156.2122,1,,1,0,5,1,MAIZ MORADO,2110,1,1,500,0,0,0,0,0,0,1, 
2024,13,LA LIBERTAD,02,ASCOPE,05,PAIJAN,13620,02,02,1,1,130211004,121.5107,1,,1,0,1,1,MAIZ MORADO,2110,1,2,200,0,0,1,0,0,0,0, 
2024,13,LA LIBERTAD,02,ASCOPE,05,PAIJAN,13620,02,02,1,1,130211004,121.5107,1,,1,0,2,1,MAIZ MORADO,2110,1,0,900,0,0,1,0,0,0,0, 
2024,13,LA LIBERTAD,02,ASCOPE,05,PAIJAN,13620,07,07,1,1,130211004,25.46464,1,,1,1,1,1,MAIZ MORADO,2110,1,1,400,0,0,1,0,0,0,0, 
2024,13,LA LIBERTAD,02,ASCOPE,05,PAIJAN,13620,07,07,1,1,130211004,25.46464,1,,1,1,3,1,MAIZ MORADO,2110,1,0,900,0,0,1,0,0,0,0, 
2024,13,LA LIBERTAD,02,ASCOPE,05,PAIJAN,13622,05,05,1,1,130212005,2.879435,1,,1,0,1,1,ALFALFA,1401,3,1,000,0,0,1,0,0,0,0, 
2024,13,LA LIBERTAD,02,ASCOPE,05,PAIJAN,13622,05,05,1,1,130212005,2.879435,1,,1,0,3,1,ALFALFA,1401,3,4,000,0,0,1,0,0,0,0, 
2024,13,LA LIBERTAD,02,ASCOPE,05,PAIJAN,13623,08,08,1,1,130211004,1.927706,1,,1,1,1,1,ALFALFA,1401,3,0,500,0,0,1,0,0,0,0, 
2024,13,LA LIBERTAD,02,ASCOPE,02,CHICAMA,13627,01,01,1,1,130211002,8.85395,1,,1,1,1,1,CAMOTE,2603,1,0,050,0,1,0,0,0,0,0, 
2024,13,LA LIBERTAD,02,ASCOPE,02,CHICAMA,13627,01,01,1,1,130211002,8.85395,1,,1,1,1,2,YUCA,2620,1,0,050,0,1,0,0,0,0,0, 
2024,13,LA LIBERTAD,01,TRUJILLO,10,SIMBAL,13628,03,03,1,1,130112004,2.413457,1,,1,0,1,1,MARACUYA,2205,1,0,400,0,0,0,0,0,1,0, 
2024,13,LA LIBERTAD,01,TRUJILLO,10,SIMBAL,13628,04,04,1,1,130112004,.3833214,1,,1,0,2,1,CAÑA DE AZUCAR PARA AZUCAR,2808,1,1,000,0,0,0,0,0,1,0, 
2024,13,LA LIBERTAD,01,TRUJILLO,10,SIMBAL,13628,04,04,1,1,130112004,.3833214,1,,1,0,1,1,MARACUYA,2205,1,0,184,0,0,0,0,0,1,0, 
2024,13,LA LIBERTAD,01,TRUJILLO,10,SIMBAL,13628,05,05,1,1,130112004,36.67621,1,,1,0,1,1,PITAHAYA,1169,2,0,100,0,0,0,0,0,1,0, 
2024,13,LA LIBERTAD,01,TRUJILLO,10,SIMBAL,13628,05,05,1,1,130112004,36.67621,1,,1,0,1,2,MARACUYA,2205,1,0,100,0,0,0,0,0,1,0, 
2024,13,LA LIBERTAD,01,TRUJILLO,10,SIMBAL,13628,06,06,1,1,130112004,63.49393,1,,1,0,2,1,CAÑA DE AZUCAR PARA AZUCAR,2808,1,1,000,0,0,0,0,0,1,0, 
2024,13,LA LIBERTAD,01,TRUJILLO,10,SIMBAL,13628,07,07,1,1,130112004,64.59569,1,,1,0,2,1,PALTO,1162,2,1,000,0,0,0,0,0,1,0, 
2024,13,LA LIBERTAD,01,TRUJILLO,10,SIMBAL,13628,07,07,1,1,130112004,64.59569,1,,1,0,1,1,CAÑA DE AZUCAR PARA AZUCAR,2808,1,1,000,0,0,0,0,0,1,0, 
2024,13,LA LIBERTAD,01,TRUJILLO,10,SIMBAL,13628,09,09,1,1,130112004,110.9566,1,,1,0,1,1,PITAHAYA,1169,2,2,000,0,0,0,0,0,1,0, 
2024,13,LA LIBERTAD,01,TRUJILLO,10,SIMBAL,13628,10,10,1,1,130112004,42.37442,1,,1,0,1,1,MAIZ CHOCLO,2109,1,1,000,0,0,0,0,0,1,0, 
2024,13,LA LIBERTAD,01,TRUJILLO,10,SIMBAL,13629,02,02,1,1,130124005,18.82065,1,,1,1,4,1,CHIRIMOYO,1121,2,0,016,0,0,1,0,0,0,0, 
2024,13,LA LIBERTAD,01,TRUJILLO,10,SIMBAL,13629,02,02,1,1,130124005,18.82065,1,,1,1,2,1,PACAE,1159,2,0,010,0,0,0,0,0,0,1, 
2024,13,LA LIBERTAD,01,TRUJILLO,10,SIMBAL,13629,02,02,1,1,130124005,18.82065,1,,1,1,5,1,FRIJOL BAYO,2906,1,0,190,0,0,1,0,0,1,0, 
2024,13,LA LIBERTAD,01,TRUJILLO,10,SIMBAL,13630,01,01,1,1,130122003,.0559965,1,,1,1,1,1,PACAE,1159,2,0,003,0,0,1,0,0,0,0, 
2024,13,LA LIBERTAD,01,TRUJILLO,10,SIMBAL,13630,01,01,1,1,130122003,.0559965,1,,1,1,2,1,PACAE,1159,2,0,020,0,0,1,0,0,0,0, 
2024,13,LA LIBERTAD,01,TRUJILLO,10,SIMBAL,13630,01,01,1,1,130122003,.0559965,1,,1,1,2,2,CHIRIMOYO,1121,2,0,015,0,0,1,0,0,0,0, 
2024,13,LA LIBERTAD,01,TRUJILLO,10,SIMBAL,13630,03,03,1,1,130122003,.1374004,1,,1,1,7,1,PACAE,1159,2,0,010,0,0,1,0,0,0,0, 
2024,13,LA LIBERTAD,01,TRUJILLO,10,SIMBAL,13630,03,03,1,1,130122003,.1374004,1,,1,1,2,1,CHIRIMOYO,1121,2,0,004,0,0,1,0,0,0,0, 
2024,13,LA LIBERTAD,01,TRUJILLO,10,SIMBAL,13630,03,03,1,1,130122003,.1374004,1,,1,1,1,1,CIRUELA DEL FRAILE,1126,2,0,002,0,0,1,0,0,0,0, 
2024,13,LA LIBERTAD,01,TRUJILLO,10,SIMBAL,13630,03,03,1,1,130122003,.1374004,1,,1,1,1,2,CHIRIMOYO,1121,2,0,014,0,0,1,0,0,0,0, 
2024,13,LA LIBERTAD,01,TRUJILLO,10,SIMBAL,13630,04,04,1,1,130122003,1.669953,1,,1,1,1,1,CHIRIMOYO,1121,2,0,016,0,0,1,0,0,0,0, 
2024,13,LA LIBERTAD,01,TRUJILLO,10,SIMBAL,13630,05,05,1,1,130122003,.7872388,1,,1,1,5,1,PACAE,1159,2,0,004,0,0,1,0,0,0,0, 
2024,13,LA LIBERTAD,01,TRUJILLO,10,SIMBAL,13630,06,06,1,1,130122003,.0121959,1,,1,0,1,1,FRIJOL BAYO,2906,1,0,072,0,0,1,0,0,0,0, 
2024,13,LA LIBERTAD,01,TRUJILLO,10,SIMBAL,13630,07,07,1,1,130122003,.1633575,1,,1,0,1,1,PACAE,1159,2,0,010,0,0,0,0,0,0,1, 
2024,13,LA LIBERTAD,01,TRUJILLO,10,SIMBAL,13633,02,02,1,2,130131004,1.543615,1,,1,1,1,1,LENTEJA,2944,1,0,750,0,0,1,0,0,0,0, 
2024,13,LA LIBERTAD,01,TRUJILLO,10,SIMBAL,13633,06,06,1,2,130131004,1.459706,1,,1,1,1,1,CEBADA GRANO,2104,1,0,400,0,0,0,0,0,1,0, 
2024,13,LA LIBERTAD,01,TRUJILLO,10,SIMBAL,13633,06,06,1,2,130131004,1.459706,1,,1,1,2,1,TRIGO,2113,1,1,000,0,0,1,0,0,1,0, 
2024,13,LA LIBERTAD,01,TRUJILLO,10,SIMBAL,13633,06,06,1,2,130131004,1.459706,1,,1,1,5,1,CEBADA GRANO,2104,1,1,000,0,0,1,0,0,1,0, 
2024,13,LA LIBERTAD,01,TRUJILLO,10,SIMBAL,13633,06,06,1,2,130131004,1.459706,1,,1,1,1,2,TRIGO,2113,1,0,400,0,0,0,0,0,1,0, 
2024,13,LA LIBERTAD,01,TRUJILLO,10,SIMBAL,13633,07,07,1,2,130131004,.4700879,1,,1,1,1,1,TRIGO,2113,1,0,500,0,0,1,0,0,1,0, 
2024,13,LA LIBERTAD,01,TRUJILLO,08,POROTO,13639,01,01,1,1,130121004,21.798,1,,1,1,1,1,PACAE,1159,2,0,004,0,0,1,0,0,0,0, 
2024,13,LA LIBERTAD,01,TRUJILLO,08,POROTO,13639,01,01,1,1,130121004,21.798,1,,1,1,1,2,LUCUMO,1143,3,0,002,0,0,1,0,0,0,0, 
2024,13,LA LIBERTAD,01,TRUJILLO,08,POROTO,13639,01,01,1,1,130121004,21.798,1,,1,1,1,3,MANGO,1147,2,0,004,0,0,1,0,0,0,0, 
2024,13,LA LIBERTAD,01,TRUJILLO,06,LAREDO,13642,01,01,1,2,130132004,5.242529,1,,1,1,3,1,FRIJOL CAUPI,2911,1,0,150,0,0,0,0,0,1,0, 
2024,13,LA LIBERTAD,01,TRUJILLO,06,LAREDO,13642,01,01,1,2,130132004,5.242529,1,,1,1,4,1,FRIJOL CAUPI,2911,1,0,250,0,0,0,0,0,1,0, 
2024,13,LA LIBERTAD,01,TRUJILLO,06,LAREDO,13644,01,01,1,2,130131003,.635333,1,,1,1,2,1,FRIJOL CAUPI,2911,1,0,500,0,0,0,0,0,1,0, 
2024,13,LA LIBERTAD,01,TRUJILLO,06,LAREDO,13645,01,01,1,2,130132003,.5244101,1,,1,1,3,1,NUÑA,2945,1,0,004,1,0,0,0,0,0,0, 
2024,13,LA LIBERTAD,01,TRUJILLO,06,LAREDO,13645,03,03,1,2,130132003,5.450773,1,,1,1,1,1,TARHUI,2947,1,0,556,0,0,0,0,0,1,0, 
2024,13,LA LIBERTAD,01,TRUJILLO,06,LAREDO,13645,03,03,1,2,130132003,5.450773,1,,1,1,1,2,ARVEJA,2901,1,1,163,0,0,0,0,0,1,0, 
2024,13,LA LIBERTAD,01,TRUJILLO,06,LAREDO,13646,01,01,1,1,130113004,1.146363,1,,1,0,2,1,MARACUYA,2205,1,1,000,0,0,0,0,0,1,0, 
2024,13,LA LIBERTAD,01,TRUJILLO,06,LAREDO,13646,01,01,1,1,130113004,1.146363,1,,1,0,1,1,MARACUYA,2205,1,1,000,0,0,0,0,0,1,0, 
2024,13,LA LIBERTAD,01,TRUJILLO,06,LAREDO,13646,03,03,1,1,130113004,.3865877,1,,1,0,1,1,MARACUYA,2205,1,1,000,0,0,0,0,0,1,0, 
2024,13,LA LIBERTAD,01,TRUJILLO,06,LAREDO,13646,06,06,1,1,130113004,8.27393,1,,1,1,1,1,LECHUGA,2326,1,0,500,0,0,0,0,0,1,0, 
2024,13,LA LIBERTAD,01,TRUJILLO,06,LAREDO,13646,06,06,1,1,130113004,8.27393,1,,1,1,1,2,COLIFLOR,2320,1,0,300,0,0,0,0,0,1,0, 
2024,12,JUNIN,09,CHUPACA,07,SAN JUAN DE JARPA,13660,05,05,1,2,120943003,.2474504,1,,1,1,5,1,HABA,2942,1,1000,000,0,0,1,1,0,1,0, 
2024,12,JUNIN,09,CHUPACA,07,SAN JUAN DE JARPA,13660,05,05,1,2,120943003,.2474504,1,,1,1,1,1,HABA,2942,1,800,000,0,0,1,1,1,0,0, 
2024,12,JUNIN,09,CHUPACA,07,SAN JUAN DE JARPA,13660,05,05,1,2,120943003,.2474504,1,,1,1,1,2,PAPA COLOR,2613,1,500,000,0,0,1,1,1,0,0, 
2024,12,JUNIN,09,CHUPACA,07,SAN JUAN DE JARPA,13660,06,06,1,2,120943003,.7518818,1,,1,0,4,1,PAPA BLANCA,2612,1,10000,000,0,0,0,0,1,1,0, 
2024,12,JUNIN,09,CHUPACA,04,HUACHAC,13664,01,01,1,2,120931002,272.5545,1,,1,0,2,1,TUNA FRUTA,1186,2,0,030,0,0,1,0,0,0,0, 
2024,12,JUNIN,09,CHUPACA,04,HUACHAC,13665,01,01,1,2,120941001,8.489726,1,,1,1,8,1,MAIZ AMILACEO,2108,1,500,000,1,0,0,0,0,0,0, 
2024,12,JUNIN,09,CHUPACA,04,HUACHAC,13666,01,01,1,2,120932001,1.26508,1,,1,0,1,1,CEBADA GRANO,2104,1,0,400,0,0,1,1,1,0,0, 
2024,12,JUNIN,09,CHUPACA,04,HUACHAC,13666,01,01,1,2,120932001,1.26508,1,,1,0,2,1,CEBADA GRANO,2104,1,0,150,0,0,1,1,1,0,0, 
2024,12,JUNIN,09,CHUPACA,04,HUACHAC,13666,01,01,1,2,120932001,1.26508,1,,1,0,4,1,PAPA BLANCA,2612,1,0,500,0,0,1,1,0,1,0, 
2024,12,JUNIN,09,CHUPACA,04,HUACHAC,13666,02,02,1,2,120932001,.2698887,1,,1,0,1,1,MAIZ AMILACEO,2108,1,600,000,0,0,0,0,0,1,0, 
2024,12,JUNIN,09,CHUPACA,04,HUACHAC,13666,02,02,1,2,120932001,.2698887,1,,1,0,2,1,MAIZ AMILACEO,2108,1,800,000,0,0,0,0,0,1,0, 
2024,12,JUNIN,09,CHUPACA,02,AHUAC,13667,01,01,1,2,120932003,1.525816,1,,1,1,1,1,ARVEJA,2901,1,1530,000,0,0,0,0,0,1,0, 
2024,12,JUNIN,09,CHUPACA,02,AHUAC,13668,05,05,1,2,120931003,88.0332,1,,1,1,2,1,LINAZA,2819,1,160,000,0,0,1,1,0,0,0, 
2024,12,JUNIN,09,CHUPACA,02,AHUAC,13670,04,04,1,2,120931002,.0380721,1,,1,1,1,1,CEBADA GRANO,2104,1,0,500,0,0,1,1,0,0,0, 
2024,12,JUNIN,09,CHUPACA,02,AHUAC,13670,04,04,1,2,120931002,.0380721,1,,1,1,5,1,ARVEJA,2901,1,0,100,0,0,0,0,1,0,0, 
2024,12,JUNIN,09,CHUPACA,02,AHUAC,13670,05,05,1,2,120931002,85.88383,1,,1,1,4,1,MAIZ CHOCLO,2109,1,0,330,0,0,0,0,1,0,0, 
2024,12,JUNIN,09,CHUPACA,02,AHUAC,13670,05,05,1,2,120931002,85.88383,1,,1,1,1,1,QUINUA,2111,1,0,160,0,0,1,0,0,0,0, 
2024,12,JUNIN,09,CHUPACA,02,AHUAC,13674,02,02,1,2,120931002,.9164193,1,,1,1,2,1,CEBADA GRANO,2104,1,250,000,0,1,1,0,0,0,0, 
2024,12,JUNIN,09,CHUPACA,01,CHUPACA,13677,02,02,1,2,120931002,435.6822,1,,1,1,4,1,ARVEJA,2901,1,3000,000,0,0,0,0,1,0,0, 
2024,12,JUNIN,09,CHUPACA,01,CHUPACA,13677,03,03,1,2,120931002,116.616,1,,1,1,4,1,PAPA BLANCA,2612,1,1,500,0,0,0,1,0,0,0, 
2024,12,JUNIN,08,YAULI,03,HUAY-HUAY,13682,01,01,1,2,120843002,12.10845,1,,1,1,4,1,CEBADA FORRAJERA,2703,1,0,100,0,0,0,1,0,0,0, 
2024,12,JUNIN,07,TARMA,09,TAPO,13685,01,01,1,2,120742002,50.9092,1,,1,1,3,1,PAPA BLANCA,2612,1,5000,000,0,0,1,0,0,0,0, 
2024,12,JUNIN,07,TARMA,09,TAPO,13685,01,01,1,2,120742002,50.9092,1,,1,1,1,1,PAPA BLANCA,2612,1,800,000,0,0,1,0,0,0,0, 
2024,12,JUNIN,07,TARMA,07,PALCAMAYO,13696,01,01,1,2,120753003,23.6768,1,,1,1,4,1,AVENA GRANO,2102,1,0,150,0,0,1,0,0,1,0, 
2024,12,JUNIN,07,TARMA,06,PALCA,13699,02,02,1,2,120731002,420.5685,1,,1,0,1,1,ARVEJA,2901,1,1,000,0,0,1,1,0,0,0, 
2024,12,JUNIN,07,TARMA,04,HUASAHUASI,13711,01,01,1,2,120773003,.1043468,1,,1,1,5,1,GRANADILLA,2203,1,1,000,1,0,1,0,0,0,0, 
2024,12,JUNIN,07,TARMA,04,HUASAHUASI,13713,05,05,1,2,120731003,2.662988,1,,1,1,2,1,MAIZ CHOCLO,2109,1,2,000,0,0,1,0,0,0,0, 
2024,12,JUNIN,07,TARMA,04,HUASAHUASI,13713,05,05,1,2,120731003,2.662988,1,,1,1,3,1,MAIZ CHOCLO,2109,1,3,000,0,0,1,0,0,0,0, 
2024,12,JUNIN,07,TARMA,04,HUASAHUASI,13714,01,01,1,2,120731002,42.0818,1,,1,1,6,1,ARVEJA,2901,1,300,000,0,0,0,1,0,0,0, 
2024,12,JUNIN,07,TARMA,03,HUARICOLCA,13718,03,03,1,2,120743004,2.189564,1,,1,1,2,1,PAPA COLOR,2613,1,3000,000,0,0,1,0,0,0,0, 
2024,12,JUNIN,07,TARMA,02,ACOBAMBA,13721,04,04,1,2,120731002,52.6592,1,,1,1,5,1,ESPINACA,2322,1,10,000,0,0,1,1,0,0,0, 
2024,12,JUNIN,07,TARMA,02,ACOBAMBA,13722,01,01,1,2,120732002,72.55609,1,,1,1,5,1,ARVEJA,2901,1,1,500,0,0,1,0,0,0,0, 
2024,12,JUNIN,07,TARMA,02,ACOBAMBA,13722,01,01,1,2,120732002,72.55609,1,,1,1,4,1,PAPA BLANCA,2612,1,4,000,0,0,1,1,0,0,0, 
2024,12,JUNIN,07,TARMA,02,ACOBAMBA,13722,01,01,1,2,120732002,72.55609,1,,1,1,11,1,LECHUGA,2326,1,4,000,0,0,0,1,1,0,0, 
2024,12,JUNIN,07,TARMA,02,ACOBAMBA,13722,02,02,1,2,120732002,7.62378,1,,1,1,9,1,MAIZ CHOCLO,2109,1,2,000,0,0,1,0,0,0,0, 
2024,12,JUNIN,07,TARMA,02,ACOBAMBA,13722,02,02,1,2,120732002,7.62378,1,,1,1,8,1,MAIZ CHOCLO,2109,1,2,000,0,0,1,0,0,0,0, 
2024,12,JUNIN,07,TARMA,02,ACOBAMBA,13722,02,02,1,2,120732002,7.62378,1,,1,1,6,1,MAIZ CHOCLO,2109,1,2,000,0,0,1,0,0,1,0, 
2024,12,JUNIN,07,TARMA,02,ACOBAMBA,13722,03,03,1,2,120732002,28.4754,1,,1,1,8,1,MAIZ CHOCLO,2109,1,2,000,0,0,1,0,0,0,0, 
2024,12,JUNIN,07,TARMA,02,ACOBAMBA,13722,07,07,1,2,120732002,170.6089,1,,1,0,10,1,MAIZ AMILACEO,2108,1,4,000,0,0,1,1,0,0,0, 
2024,12,JUNIN,07,TARMA,02,ACOBAMBA,13722,08,08,1,2,120732002,20.16276,1,,1,1,1,1,PAPA BLANCA,2612,1,9,000,0,0,1,1,0,0,0, 
2024,12,JUNIN,07,TARMA,02,ACOBAMBA,13722,08,08,1,2,120732002,20.16276,1,,1,1,2,1,CEBADA GRANO,2104,1,6,000,0,0,1,1,0,0,0, 
2024,12,JUNIN,07,TARMA,02,ACOBAMBA,13723,03,03,1,2,120742002,17.53154,1,,1,1,4,1,PAPA BLANCA,2612,1,0,300,0,0,0,1,0,0,0, 
2024,12,JUNIN,07,TARMA,01,TARMA,13728,04,04,1,2,120743002,579.3962,1,,1,1,5,1,ARVEJA,2901,1,0,500,0,0,0,0,0,1,0, 
2024,12,JUNIN,06,SATIPO,09,VIZCATAN DEL ENE,13731,02,02,1,3,120682004,70.35513,1,,1,1,3,1,CACAO,1202,3,1,000,0,0,1,0,0,0,0, 
2024,12,JUNIN,06,SATIPO,09,VIZCATAN DEL ENE,13732,01,01,1,3,120682002,145.5824,1,,1,1,1,1,CACAO,1202,3,0,500,1,1,0,0,0,0,0, 
2024,12,JUNIN,06,SATIPO,08,RIO TAMBO,13736,08,08,1,3,120673005,5.763579,1,,1,1,1,1,CAFE PERGAMINO,1203,2,1,000,0,0,1,0,0,0,0, 
2024,12,JUNIN,06,SATIPO,08,RIO TAMBO,13751,03,03,1,3,120682004,17.88023,1,,1,0,1,1,PLATANO,1171,3,5,801,0,1,0,0,0,0,0, 
2024,12,JUNIN,06,SATIPO,08,RIO TAMBO,13751,05,05,1,3,120682004,19.67313,1,,1,0,1,1,PLATANO,1171,3,6,791,1,0,0,0,0,0,0, 
2024,12,JUNIN,06,SATIPO,06,PANGOA,13788,01,01,1,3,120682004,.2551081,1,,1,0,1,1,CACAO,1202,3,0,200,0,0,0,0,0,0,1, 
2024,12,JUNIN,06,SATIPO,06,PANGOA,13788,03,03,1,3,120682004,26.00848,1,,1,1,1,1,ARROZ CASCARA,2101,1,0,200,0,0,0,0,0,1,0, 
2024,12,JUNIN,06,SATIPO,06,PANGOA,13788,04,04,1,3,120682004,71.73318,1,,1,0,1,1,NARANJO,1156,2,0,300,0,1,0,0,0,0,0, 
2024,12,JUNIN,06,SATIPO,04,MAZAMARI,13806,02,02,1,3,120672004,1.223551,1,,1,1,3,1,CAFE PERGAMINO,1203,2,1,000,0,0,1,0,0,0,0, 
2024,12,JUNIN,06,SATIPO,04,MAZAMARI,13806,04,04,1,3,120672004,17.2703,1,,1,0,1,1,CAFE PERGAMINO,1203,2,0,500,0,0,1,0,0,0,0, 
2024,12,JUNIN,06,SATIPO,01,SATIPO,13834,02,02,1,3,120682004,42.71489,1,,1,1,2,1,CACAO,1202,3,0,250,0,0,1,0,0,0,0, 
2024,12,JUNIN,06,SATIPO,01,SATIPO,13839,01,01,1,3,120682004,158.7626,1,,1,1,1,1,FRIJOL PANAMITO,2929,1,1,000,0,0,1,0,0,0,0, 
2024,12,JUNIN,06,SATIPO,01,SATIPO,13840,03,03,1,3,120682004,4.489591,1,,1,0,1,1,MAIZ AMARILLO DURO,2107,1,1,500,0,1,1,0,0,0,0, 
2024,12,JUNIN,05,JUNIN,04,ULCUMAYO,13847,03,03,1,2,120542004,98.71334,1,,1,1,5,1,PAPA BLANCA,2612,1,1600,000,0,0,1,0,0,0,0, 
2024,12,JUNIN,05,JUNIN,04,ULCUMAYO,13854,01,01,1,2,120572004,123.3283,1,,1,0,1,1,PALTO,1162,2,0,500,0,0,1,0,0,0,0, 
2024,12,JUNIN,05,JUNIN,04,ULCUMAYO,13854,02,02,1,2,120572004,50.28233,1,,1,1,1,1,CAFE PERGAMINO,1203,2,0,050,0,0,1,0,0,0,0, 
2024,12,JUNIN,05,JUNIN,04,ULCUMAYO,13856,01,01,1,2,120533002,3.983083,1,,1,1,3,1,PAPA BLANCA,2612,1,0,400,0,0,1,0,0,0,0, 
2024,12,JUNIN,05,JUNIN,04,ULCUMAYO,13856,01,01,1,2,120533002,3.983083,1,,1,1,2,1,PAPA BLANCA,2612,1,0,250,0,0,1,0,0,0,0, 
2024,12,JUNIN,04,JAUJA,33,YAULI,13881,02,02,1,2,120431002,90.03381,1,,1,1,2,1,PAPA BLANCA,2612,1,2,000,0,1,0,0,0,0,0, 
2024,12,JUNIN,04,JAUJA,33,YAULI,13882,02,02,1,2,120443003,57.11069,1,,1,1,6,1,PAPA BLANCA,2612,1,5,000,0,0,1,0,0,0,0, 
2024,12,JUNIN,04,JAUJA,33,YAULI,13882,02,02,1,2,120443003,57.11069,1,,1,1,4,1,PAPA BLANCA,2612,1,0,060,0,1,0,0,0,0,0, 
2024,12,JUNIN,04,JAUJA,33,YAULI,13882,02,02,1,2,120443003,57.11069,1,,1,1,3,1,PAPA BLANCA,2612,1,0,250,0,1,0,0,0,0,0, 
2024,12,JUNIN,04,JAUJA,33,YAULI,13882,05,05,1,2,120443003,78.77449,1,,1,0,3,1,PAPA BLANCA,2612,1,0,700,0,0,1,0,0,0,0, 
2024,12,JUNIN,04,JAUJA,31,SINCOS,13886,01,01,1,2,120432002,26.63277,1,,1,1,4,1,CEBADA GRANO,2104,1,3000,000,0,0,1,0,0,0,0, 
2024,12,JUNIN,04,JAUJA,31,SINCOS,13886,01,01,1,2,120432002,26.63277,1,,1,1,7,1,PAPA BLANCA,2612,1,500,000,0,0,1,0,0,0,0, 
2024,12,JUNIN,04,JAUJA,31,SINCOS,13886,01,01,1,2,120432002,26.63277,1,,1,1,8,1,MAIZ AMILACEO,2108,1,600,000,0,0,1,0,0,0,0, 
2024,12,JUNIN,04,JAUJA,31,SINCOS,13886,01,01,1,2,120432002,26.63277,1,,1,1,5,1,CEBADA GRANO,2104,1,500,000,0,0,1,0,0,0,0, 
2024,12,JUNIN,04,JAUJA,29,SAN PEDRO DE CHUNAN,13889,02,02,1,2,120431002,31.01722,1,,1,1,4,1,MAIZ AMILACEO,2108,1,1000,000,0,0,1,1,1,1,0, 
2024,12,JUNIN,04,JAUJA,29,SAN PEDRO DE CHUNAN,13889,03,03,1,2,120431002,1.419065,1,,1,1,4,1,CEBADA GRANO,2104,1,3000,000,0,0,0,0,1,1,0, 
2024,12,JUNIN,04,JAUJA,29,SAN PEDRO DE CHUNAN,13889,03,03,1,2,120431002,1.419065,1,,1,1,5,1,PAPA BLANCA,2612,1,1000,000,0,0,1,1,0,1,0, 
2024,12,JUNIN,04,JAUJA,29,SAN PEDRO DE CHUNAN,13889,03,03,1,2,120431002,1.419065,1,,1,1,7,1,HABA,2942,1,1500,000,0,0,1,1,1,1,0, 
2024,12,JUNIN,04,JAUJA,29,SAN PEDRO DE CHUNAN,13889,03,03,1,2,120431002,1.419065,1,,1,1,6,1,MAIZ AMILACEO,2108,1,400,000,0,0,1,0,1,1,0, 
2024,12,JUNIN,04,JAUJA,29,SAN PEDRO DE CHUNAN,13889,03,03,1,2,120431002,1.419065,1,,1,1,6,2,AVENA GRANO,2102,1,400,000,0,0,0,1,0,1,0, 
2024,12,JUNIN,04,JAUJA,29,SAN PEDRO DE CHUNAN,13889,04,04,1,2,120431002,14.05855,1,,1,1,3,1,PAPA BLANCA,2612,1,1800,000,0,1,1,1,1,0,0, 
2024,12,JUNIN,04,JAUJA,29,SAN PEDRO DE CHUNAN,13889,06,06,1,2,120431002,15.82161,1,,1,1,2,1,AVENA FORRAJERA,2701,1,500,000,0,0,1,0,0,0,0, 
2024,12,JUNIN,04,JAUJA,28,SAN LORENZO,13891,03,03,1,2,120431003,16.21331,1,,1,1,2,1,ALFALFA,1401,3,950,000,0,0,0,1,1,1,0, 
2024,12,JUNIN,04,JAUJA,28,SAN LORENZO,13891,03,03,1,2,120431003,16.21331,1,,1,1,5,1,COL,2319,1,50,000,0,0,1,0,0,0,0, 
2024,12,JUNIN,04,JAUJA,26,POMACANCHA,13893,02,02,1,2,120452002,7.484268,1,,1,0,3,1,HABA,2942,1,100,000,0,0,0,0,1,0,0, 
2024,12,JUNIN,04,JAUJA,26,POMACANCHA,13896,01,01,1,2,120452003,2.786232,1,,1,0,2,1,PAPA BLANCA,2612,1,0,800,0,1,0,0,0,0,0, 
2024,12,JUNIN,04,JAUJA,26,POMACANCHA,13896,04,04,1,2,120452003,1.535853,1,,1,1,7,1,LINAZA,2819,1,1,500,0,0,0,1,0,1,0, 
2024,12,JUNIN,04,JAUJA,21,MUQUIYAUYO,13901,04,04,1,2,120431003,9.518525,1,,1,1,5,1,MAIZ AMILACEO,2108,1,1500,000,0,0,0,0,1,0,0, 
2024,12,JUNIN,04,JAUJA,21,MUQUIYAUYO,13902,02,02,1,2,120431002,45.88038,1,,1,1,2,1,CEBADA GRANO,2104,1,340,000,0,0,0,0,1,0,0, 
2024,12,JUNIN,04,JAUJA,21,MUQUIYAUYO,13902,04,04,1,2,120431002,99.95508,1,,1,1,5,1,TRIGO,2113,1,700,000,0,0,0,0,1,0,0, 
2024,12,JUNIN,04,JAUJA,21,MUQUIYAUYO,13902,04,04,1,2,120431002,99.95508,1,,1,1,8,1,MAIZ CHOCLO,2109,1,750,000,0,0,0,1,0,0,0, 
2024,12,JUNIN,04,JAUJA,21,MUQUIYAUYO,13902,04,04,1,2,120431002,99.95508,1,,1,1,10,1,CEBADA GRANO,2104,1,2000,000,0,0,0,0,1,0,0, 
2024,12,JUNIN,04,JAUJA,21,MUQUIYAUYO,13902,04,04,1,2,120431002,99.95508,1,,1,1,6,1,CEBADA GRANO,2104,1,500,000,0,0,0,0,1,0,0, 
2024,12,JUNIN,04,JAUJA,21,MUQUIYAUYO,13902,06,06,1,2,120431002,5.565256,1,,1,1,3,1,TRIGO,2113,1,600,000,0,0,0,0,1,0,0, 
2024,12,JUNIN,04,JAUJA,19,MONOBAMBA,13905,01,01,1,2,120472004,230.9942,1,,1,1,3,1,PALTO,1162,2,1,000,1,0,0,0,0,0,0, 
2024,12,JUNIN,04,JAUJA,18,MOLINOS,13911,01,01,1,2,120442002,63.89458,1,,1,1,2,1,RYE GRASS,1476,3,1700,000,1,0,0,0,0,0,0, 
2024,12,JUNIN,04,JAUJA,15,MARCO,13914,04,04,1,2,120441004,.7333601,1,,1,1,5,1,TRIGO,2113,1,1600,000,0,0,0,1,0,1,0, 
2024,12,JUNIN,04,JAUJA,15,MARCO,13914,04,04,1,2,120441004,.7333601,1,,1,1,6,1,TRIGO,2113,1,1600,000,0,0,0,1,0,1,0, 
2024,12,JUNIN,04,JAUJA,15,MARCO,13914,04,04,1,2,120441004,.7333601,1,,1,1,1,1,HABA,2942,1,3000,000,0,0,0,1,0,1,0, 
2024,12,JUNIN,04,JAUJA,15,MARCO,13914,04,04,1,2,120441004,.7333601,1,,1,1,2,1,HABA,2942,1,5000,000,0,0,0,1,0,1,0, 
2024,12,JUNIN,04,JAUJA,15,MARCO,13914,04,04,1,2,120441004,.7333601,1,,1,1,3,1,HABA,2942,1,15000,000,0,0,0,1,0,1,0, 
2024,12,JUNIN,04,JAUJA,06,CURICACA,13922,01,01,1,2,120434002,331.0329,1,,1,0,3,1,CEBADA GRANO,2104,1,400,000,0,0,1,1,0,0,0, 
2024,12,JUNIN,04,JAUJA,06,CURICACA,13922,01,01,1,2,120434002,331.0329,1,,1,0,2,1,CEBADA GRANO,2104,1,400,000,0,0,1,1,0,0,0, 
2024,12,JUNIN,04,JAUJA,06,CURICACA,13922,04,04,1,2,120434002,16.231,1,,1,1,1,1,HABA,2942,1,200,000,0,0,1,0,0,0,0, 
2024,12,JUNIN,04,JAUJA,03,APATA,13927,03,03,1,2,120431004,137.9672,1,,1,1,1,1,MAIZ AMILACEO,2108,1,595,000,0,0,0,0,1,0,0, 
2024,12,JUNIN,04,JAUJA,03,APATA,13929,01,01,1,2,120432004,3.314103,1,,1,0,1,1,GRANADILLA,2203,1,3000,000,0,0,1,0,0,0,1, 
2024,12,JUNIN,04,JAUJA,02,ACOLLA,13930,01,01,1,2,120441002,140.5613,1,,1,0,3,1,TARHUI,2947,1,0,500,0,0,1,0,0,0,0, 
2024,12,JUNIN,04,JAUJA,02,ACOLLA,13930,01,01,1,2,120441002,140.5613,1,,1,0,1,1,HABA,2942,1,0,330,0,0,0,1,0,0,0, 
2024,12,JUNIN,04,JAUJA,02,ACOLLA,13930,01,01,1,2,120441002,140.5613,1,,1,0,1,2,TARHUI,2947,1,0,150,0,0,1,0,0,0,0, 
2024,12,JUNIN,04,JAUJA,02,ACOLLA,13930,01,01,1,2,120441002,140.5613,1,,1,0,1,3,MAIZ AMILACEO,2108,1,0,050,0,0,1,0,0,0,0, 
2024,12,JUNIN,04,JAUJA,02,ACOLLA,13931,01,01,1,2,120432003,1.311641,1,,1,1,1,1,PAPA BLANCA,2612,1,0,500,0,0,0,1,1,1,0, 
2024,12,JUNIN,04,JAUJA,02,ACOLLA,13931,02,02,1,2,120432003,10.99339,1,,1,1,1,1,RYE AMERICANO,1475,3,1000,000,0,1,0,0,0,0,0, 
2024,12,JUNIN,04,JAUJA,02,ACOLLA,13931,02,02,1,2,120432003,10.99339,1,,1,1,1,2,TREBOL,1477,3,600,000,0,1,0,0,0,0,0, 
2024,12,JUNIN,04,JAUJA,02,ACOLLA,13931,04,04,1,2,120432003,171.6099,1,,1,1,2,1,RYE AMERICANO,1475,3,0,050,0,1,0,0,0,0,0, 
2024,12,JUNIN,04,JAUJA,02,ACOLLA,13931,04,04,1,2,120432003,171.6099,1,,1,1,7,1,PAPA BLANCA,2612,1,0,250,0,0,1,1,1,0,0, 
2024,12,JUNIN,04,JAUJA,02,ACOLLA,13931,04,04,1,2,120432003,171.6099,1,,1,1,4,1,PAPA BLANCA,2612,1,0,500,0,1,0,0,0,0,0, 
2024,12,JUNIN,04,JAUJA,02,ACOLLA,13931,04,04,1,2,120432003,171.6099,1,,1,1,1,1,RYE AMERICANO,1475,3,0,200,0,1,0,0,0,0,0, 
2024,12,JUNIN,04,JAUJA,02,ACOLLA,13931,04,04,1,2,120432003,171.6099,1,,1,1,2,2,TREBOL,1477,3,0,030,0,1,0,0,0,0,0, 
2024,12,JUNIN,04,JAUJA,02,ACOLLA,13931,04,04,1,2,120432003,171.6099,1,,1,1,1,2,PAPA BLANCA,2612,1,0,064,0,1,0,0,0,0,0, 
2024,12,JUNIN,04,JAUJA,02,ACOLLA,13931,04,04,1,2,120432003,171.6099,1,,1,1,1,3,TREBOL,1477,3,0,150,0,1,0,0,0,0,0, 
2024,12,JUNIN,04,JAUJA,02,ACOLLA,13931,05,05,1,2,120432003,93.52351,1,,1,1,3,1,HABA,2942,1,1,000,0,1,0,0,0,0,0, 
2024,12,JUNIN,04,JAUJA,02,ACOLLA,13931,06,06,1,2,120432003,26.45241,1,,1,1,1,1,HABA,2942,1,300,000,0,1,0,0,0,0,0, 
2024,12,JUNIN,04,JAUJA,02,ACOLLA,13931,06,06,1,2,120432003,26.45241,1,,1,1,1,2,CEBADA GRANO,2104,1,300,000,0,1,0,0,0,0,0, 
2024,12,JUNIN,04,JAUJA,02,ACOLLA,13931,08,08,1,2,120432003,39.52975,1,,1,0,2,1,PAPA BLANCA,2612,1,0,470,0,0,1,0,1,0,0, 
2024,12,JUNIN,04,JAUJA,02,ACOLLA,13932,01,01,1,2,120431002,90.74625,1,,1,1,3,1,ARVEJA,2901,1,0,500,0,0,1,0,0,1,0, 
2024,12,JUNIN,04,JAUJA,02,ACOLLA,13932,01,01,1,2,120431002,90.74625,1,,1,1,2,1,CEBADA GRANO,2104,1,0,250,0,1,0,0,0,0,0, 
2024,12,JUNIN,04,JAUJA,02,ACOLLA,13932,03,03,1,2,120431002,39.08573,1,,1,1,2,1,PAPA BLANCA,2612,1,4,500,0,1,0,0,0,0,0, 
2024,12,JUNIN,04,JAUJA,02,ACOLLA,13932,03,03,1,2,120431002,39.08573,1,,1,1,1,1,CEBADA GRANO,2104,1,1,000,0,1,0,0,0,0,0, 
2024,12,JUNIN,04,JAUJA,02,ACOLLA,13932,03,03,1,2,120431002,39.08573,1,,1,1,2,2,CEBADA GRANO,2104,1,2,000,0,1,0,0,0,0,0, 
2024,12,JUNIN,03,CHANCHAMAYO,05,SAN RAMON,13947,01,01,1,2,120333003,1.347508,1,,1,1,2,1,ZAPALLO,2345,1,0,500,0,0,0,0,0,1,0, 
2024,12,JUNIN,03,CHANCHAMAYO,03,PICHANAQUI,13958,01,01,1,3,120372002,203.0103,1,,1,0,1,1,CAFE PERGAMINO,1203,2,0,440,0,0,1,0,0,0,0, 
2024,12,JUNIN,03,CHANCHAMAYO,03,PICHANAQUI,13968,01,01,1,3,120371004,107.119,1,,1,1,1,1,MARACUYA,2205,1,0,250,0,0,1,0,0,0,1, 
2024,12,JUNIN,03,CHANCHAMAYO,03,PICHANAQUI,13972,01,01,1,3,120381002,226.4895,1,,1,1,1,1,NARANJO,1156,2,1,500,1,0,0,0,0,0,0, 
2024,12,JUNIN,03,CHANCHAMAYO,02,PERENE,13977,02,02,1,3,120372004,17.38442,1,,1,1,1,1,PIÑA,2208,1,0,650,0,0,1,0,0,0,0, 
2024,12,JUNIN,03,CHANCHAMAYO,02,PERENE,13978,01,01,1,3,120371004,1.141297,1,,1,0,2,1,KION,2818,1,3,500,0,0,1,0,0,0,0, 
2024,12,JUNIN,03,CHANCHAMAYO,02,PERENE,13983,03,03,1,3,120371004,17.48924,1,,1,1,1,1,PALTO,1162,2,0,500,0,0,1,0,0,0,0, 
2024,12,JUNIN,03,CHANCHAMAYO,02,PERENE,13987,07,07,1,3,120382004,46.39227,1,,1,1,1,1,MANDARINA,1146,2,0,500,0,0,1,0,0,0,1, 
2024,12,JUNIN,03,CHANCHAMAYO,02,PERENE,13987,07,07,1,3,120382004,46.39227,1,,1,1,1,2,NARANJO,1156,2,2,000,0,0,1,0,0,0,1, 
2024,12,JUNIN,03,CHANCHAMAYO,01,CHANCHAMAYO,14007,01,01,1,3,120372003,161.8027,1,,1,0,1,1,NARANJO,1156,2,20000,000,0,0,1,0,0,1,0, 
2024,12,JUNIN,03,CHANCHAMAYO,01,CHANCHAMAYO,14009,01,01,1,3,120383003,213.6812,1,,1,0,1,1,NARANJO,1156,2,14300,000,0,0,0,0,0,0,1, 
2024,12,JUNIN,03,CHANCHAMAYO,01,CHANCHAMAYO,14010,05,05,1,3,120381004,1.209839,1,,1,0,2,1,YUCA,2620,1,1,000,0,0,1,0,0,1,0, 
2024,12,JUNIN,03,CHANCHAMAYO,01,CHANCHAMAYO,14011,01,01,1,3,120373003,75.30438,1,,1,1,1,1,YUCA,2620,1,27000,000,0,0,0,0,0,1,0, 
2024,12,JUNIN,02,CONCEPCION,14,SAN JOSE DE QUERO,14025,01,01,1,2,120252002,3.258942,1,,1,1,4,1,PAPA HUAYRO,2614,1,600,000,0,0,1,0,0,0,0, 
2024,12,JUNIN,02,CONCEPCION,13,ORCOTUNA,14028,01,01,1,2,120241002,2.394543,1,,1,1,2,1,TARHUI,2947,1,1,000,0,0,1,1,0,0,0, 
2024,12,JUNIN,02,CONCEPCION,13,ORCOTUNA,14028,02,02,1,2,120241002,69.15791,1,,1,0,17,1,TARHUI,2947,1,2,500,0,0,1,1,0,0,0, 
2024,12,JUNIN,02,CONCEPCION,13,ORCOTUNA,14028,02,02,1,2,120241002,69.15791,1,,1,0,21,1,TARHUI,2947,1,1,000,0,0,1,0,0,0,0, 
2024,12,JUNIN,02,CONCEPCION,13,ORCOTUNA,14028,02,02,1,2,120241002,69.15791,1,,1,0,19,1,TARHUI,2947,1,6,000,0,0,1,1,0,1,0, 
2024,12,JUNIN,02,CONCEPCION,13,ORCOTUNA,14028,02,02,1,2,120241002,69.15791,1,,1,0,20,1,TARHUI,2947,1,2,000,0,0,1,0,0,0,0, 
2024,12,JUNIN,02,CONCEPCION,13,ORCOTUNA,14030,01,01,1,2,120231002,42.92649,1,,1,1,2,1,MAIZ AMILACEO,2108,1,0,750,0,0,0,1,0,1,0, 
2024,12,JUNIN,02,CONCEPCION,13,ORCOTUNA,14030,10,10,1,2,120231002,24.29264,1,,1,0,4,1,QUINUA,2111,1,1,545,0,0,1,0,0,1,0, 
2024,12,JUNIN,02,CONCEPCION,13,ORCOTUNA,14030,10,10,1,2,120231002,24.29264,1,,1,0,1,1,QUINUA,2111,1,0,064,0,0,1,0,0,1,0, 
2024,12,JUNIN,02,CONCEPCION,13,ORCOTUNA,14030,11,11,1,2,120231002,42.94138,1,,1,1,1,1,MAIZ MORADO,2110,1,600,000,0,0,1,1,0,1,0, 
2024,12,JUNIN,02,CONCEPCION,13,ORCOTUNA,14031,01,01,1,2,120231002,104.1103,1,,1,1,4,1,ZANAHORIA,2344,1,3,000,0,0,0,0,0,0,1, 
2024,12,JUNIN,02,CONCEPCION,11,MITO,14033,03,03,1,2,120231001,.6551932,1,,1,1,4,1,PAPA BLANCA,2612,1,800,000,0,0,1,0,0,0,0, 
2024,12,JUNIN,02,CONCEPCION,11,MITO,14033,04,04,1,2,120231001,3.513307,1,,1,1,3,1,MAIZ CHOCLO,2109,1,800,000,0,0,1,0,0,1,0, 
2024,12,JUNIN,02,CONCEPCION,07,HEROINAS TOLEDO,14035,03,03,1,2,120252003,.5392949,1,,1,1,2,1,PAPA COLOR,2613,1,2000,000,0,0,1,0,1,0,0, 
2024,12,JUNIN,02,CONCEPCION,07,HEROINAS TOLEDO,14035,03,03,1,2,120252003,.5392949,1,,1,1,5,1,PAPA HUAYRO,2614,1,2000,000,0,0,1,0,1,0,0, 
2024,12,JUNIN,02,CONCEPCION,07,HEROINAS TOLEDO,14035,03,03,1,2,120252003,.5392949,1,,1,1,7,1,PAPA COLOR,2613,1,1000,000,0,0,1,1,1,0,0, 
2024,12,JUNIN,02,CONCEPCION,06,COMAS,14038,03,03,1,2,120231002,15.74529,1,,1,1,1,1,HABA,2942,1,500,000,0,0,1,1,0,0,0, 
2024,12,JUNIN,02,CONCEPCION,06,COMAS,14039,02,02,1,2,120231003,33.95025,1,,1,1,5,1,PAPA BLANCA,2612,1,800,000,0,0,1,1,0,0,0, 
2024,12,JUNIN,02,CONCEPCION,02,ACO,14058,01,01,1,2,120243002,1.44961,1,,1,1,10,1,TARHUI,2947,1,0,250,0,0,0,0,0,1,0, 
2024,12,JUNIN,02,CONCEPCION,02,ACO,14058,01,01,1,2,120243002,1.44961,1,,1,1,4,1,MAIZ AMILACEO,2108,1,0,250,0,0,0,1,0,1,0, 
2024,12,JUNIN,02,CONCEPCION,02,ACO,14058,01,01,1,2,120243002,1.44961,1,,1,1,14,1,TARHUI,2947,1,0,500,0,0,0,1,0,1,0, 
2024,12,JUNIN,02,CONCEPCION,02,ACO,14058,01,01,1,2,120243002,1.44961,1,,1,1,1,1,QUINUA,2111,1,0,250,0,0,0,1,0,1,0, 
2024,12,JUNIN,02,CONCEPCION,02,ACO,14058,01,01,1,2,120243002,1.44961,1,,1,1,11,1,TARHUI,2947,1,0,250,0,0,0,0,0,1,0, 
2024,12,JUNIN,02,CONCEPCION,02,ACO,14058,01,01,1,2,120243002,1.44961,1,,1,1,2,1,MAIZ AMILACEO,2108,1,1,000,0,0,0,1,0,1,0, 
2024,12,JUNIN,02,CONCEPCION,02,ACO,14058,01,01,1,2,120243002,1.44961,1,,1,1,8,1,CEBADA GRANO,2104,1,0,500,0,0,0,1,0,1,0, 
2024,12,JUNIN,02,CONCEPCION,02,ACO,14058,01,01,1,2,120243002,1.44961,1,,1,1,6,1,MAIZ AMILACEO,2108,1,0,250,0,0,0,1,0,1,0, 
2024,12,JUNIN,02,CONCEPCION,02,ACO,14058,01,01,1,2,120243002,1.44961,1,,1,1,9,1,CEBADA GRANO,2104,1,0,500,0,0,0,0,0,1,0, 
2024,12,JUNIN,02,CONCEPCION,02,ACO,14058,02,02,1,2,120243002,5.498818,1,,1,1,9,1,TARHUI,2947,1,0,250,0,0,0,0,0,1,0, 
2024,12,JUNIN,02,CONCEPCION,02,ACO,14058,02,02,1,2,120243002,5.498818,1,,1,1,8,1,TARHUI,2947,1,0,500,0,0,0,0,0,1,0, 
2024,12,JUNIN,02,CONCEPCION,02,ACO,14058,02,02,1,2,120243002,5.498818,1,,1,1,5,1,CEBADA GRANO,2104,1,1,000,0,0,0,0,0,1,0, 
2024,12,JUNIN,02,CONCEPCION,02,ACO,14058,02,02,1,2,120243002,5.498818,1,,1,1,6,1,CEBADA GRANO,2104,1,1,000,0,0,0,0,0,1,0, 
2024,12,JUNIN,02,CONCEPCION,02,ACO,14058,02,02,1,2,120243002,5.498818,1,,1,1,4,1,CEBADA GRANO,2104,1,1,000,0,0,0,0,0,1,0, 
2024,12,JUNIN,02,CONCEPCION,02,ACO,14058,03,03,1,2,120243002,.0754598,1,,1,1,6,1,LENTEJA,2944,1,500,000,0,0,0,1,0,1,0, 
2024,12,JUNIN,02,CONCEPCION,02,ACO,14058,03,03,1,2,120243002,.0754598,1,,1,1,9,1,PAPA COLOR,2613,1,1000,000,0,0,1,1,0,1,0, 
2024,12,JUNIN,02,CONCEPCION,02,ACO,14058,03,03,1,2,120243002,.0754598,1,,1,1,1,1,HABA,2942,1,500,000,0,0,0,0,0,1,0, 
2024,12,JUNIN,02,CONCEPCION,02,ACO,14058,03,03,1,2,120243002,.0754598,1,,1,1,2,1,MAIZ AMILACEO,2108,1,5000,000,0,0,0,1,0,1,0, 
2024,12,JUNIN,02,CONCEPCION,02,ACO,14058,03,03,1,2,120243002,.0754598,1,,1,1,4,1,MAIZ AMILACEO,2108,1,500,000,0,0,0,1,0,1,0, 
2024,12,JUNIN,02,CONCEPCION,02,ACO,14058,03,03,1,2,120243002,.0754598,1,,1,1,8,1,PAPA BLANCA,2612,1,1000,000,0,0,1,1,0,1,0, 
2024,12,JUNIN,02,CONCEPCION,02,ACO,14058,04,04,1,2,120243002,3.475938,1,,1,1,10,1,HABA,2942,1,0,250,0,0,0,1,0,1,0, 
2024,12,JUNIN,02,CONCEPCION,02,ACO,14058,04,04,1,2,120243002,3.475938,1,,1,1,1,1,CEBADA GRANO,2104,1,0,750,0,0,0,0,0,1,0, 
2024,12,JUNIN,02,CONCEPCION,02,ACO,14058,04,04,1,2,120243002,3.475938,1,,1,1,8,1,QUINUA,2111,1,1,000,0,0,0,1,0,1,0, 
2024,12,JUNIN,02,CONCEPCION,02,ACO,14058,04,04,1,2,120243002,3.475938,1,,1,1,9,1,CEBADA GRANO,2104,1,2,000,0,0,0,1,0,1,0, 
2024,12,JUNIN,02,CONCEPCION,02,ACO,14058,04,04,1,2,120243002,3.475938,1,,1,1,5,1,MAIZ AMILACEO,2108,1,0,250,0,0,0,0,0,1,0, 
2024,12,JUNIN,02,CONCEPCION,02,ACO,14058,04,04,1,2,120243002,3.475938,1,,1,1,2,1,QUINUA,2111,1,0,250,0,0,0,0,0,1,0, 
2024,12,JUNIN,02,CONCEPCION,02,ACO,14058,04,04,1,2,120243002,3.475938,1,,1,1,5,2,QUINUA,2111,1,0,250,0,0,0,0,0,1,0, 
2024,12,JUNIN,02,CONCEPCION,02,ACO,14058,05,05,1,2,120243002,.387797,1,,1,1,1,1,CEBADA GRANO,2104,1,0,250,0,0,0,1,0,1,0, 
2024,12,JUNIN,02,CONCEPCION,02,ACO,14059,01,01,1,2,120251003,2.946241,1,,1,1,2,1,AVENA GRANO,2102,1,190,000,0,0,0,1,1,1,0, 
2024,12,JUNIN,02,CONCEPCION,02,ACO,14059,06,06,1,2,120251003,3.268373,1,,1,0,5,1,TARHUI,2947,1,1650,000,0,0,0,1,1,1,0, 
2024,12,JUNIN,02,CONCEPCION,02,ACO,14060,01,01,1,2,120241002,271.4132,1,,1,0,1,1,PAPA BLANCA,2612,1,3,500,0,0,1,1,0,1,0, 
2024,12,JUNIN,02,CONCEPCION,02,ACO,14061,01,01,1,2,120243003,.3881488,1,,1,1,7,1,PAPA COLOR,2613,1,1,000,0,0,1,1,0,1,0, 
2024,12,JUNIN,02,CONCEPCION,02,ACO,14061,01,01,1,2,120243003,.3881488,1,,1,1,11,1,PAPA COLOR,2613,1,0,500,0,0,1,1,1,1,0, 
2024,12,JUNIN,02,CONCEPCION,02,ACO,14061,01,01,1,2,120243003,.3881488,1,,1,1,9,1,HABA,2942,1,0,250,0,0,1,1,1,1,0, 
2024,12,JUNIN,02,CONCEPCION,02,ACO,14061,01,01,1,2,120243003,.3881488,1,,1,1,2,1,TARHUI,2947,1,0,500,0,0,1,1,0,1,0, 
2024,12,JUNIN,02,CONCEPCION,02,ACO,14061,03,03,1,2,120243003,.245172,1,,1,1,3,1,PAPA BLANCA,2612,1,1500,000,0,0,0,1,1,1,0, 
2024,12,JUNIN,02,CONCEPCION,02,ACO,14062,01,01,1,2,120242003,47.35406,1,,1,0,1,1,TARHUI,2947,1,0,500,0,0,0,1,1,1,0, 
2024,12,JUNIN,02,CONCEPCION,02,ACO,14062,02,02,1,2,120242003,1.55766,1,,1,1,2,1,TARHUI,2947,1,1,500,0,0,1,1,1,1,0, 
2024,12,JUNIN,01,HUANCAYO,35,SANTO DOMINGO DE ACOBAMBA,14066,03,03,1,2,120132004,210.5273,1,,1,1,3,1,MAIZ AMILACEO,2108,1,0,250,1,0,0,0,0,0,0, 
2024,12,JUNIN,01,HUANCAYO,35,SANTO DOMINGO DE ACOBAMBA,14067,01,01,1,3,120174002,15.87366,1,,1,1,1,1,CHIRIMOYO,1121,2,0,003,0,0,1,0,0,0,0, 
2024,12,JUNIN,01,HUANCAYO,33,SAPALLANGA,14078,05,05,1,2,120131002,27.97413,1,,1,1,2,1,ARVEJA,2901,1,250,000,0,0,0,1,0,0,0, 
2024,12,JUNIN,01,HUANCAYO,33,SAPALLANGA,14079,05,05,1,2,120131003,4.617414,1,,1,1,3,1,ARVEJA,2901,1,900,000,0,0,0,1,1,0,0, 
2024,12,JUNIN,01,HUANCAYO,33,SAPALLANGA,14080,02,02,1,2,120132002,363.9263,1,,1,1,2,1,MAIZ AMILACEO,2108,1,600,000,0,0,0,1,0,1,0, 
2024,12,JUNIN,01,HUANCAYO,33,SAPALLANGA,14082,02,02,1,2,120131002,552.463,1,,1,0,2,1,PAPA BLANCA,2612,1,0,500,0,0,1,0,0,0,0, 
2024,12,JUNIN,01,HUANCAYO,33,SAPALLANGA,14083,01,01,1,2,120131002,240.0271,1,,1,1,6,1,MAIZ AMILACEO,2108,1,1000,000,0,0,0,1,1,0,0, 
2024,12,JUNIN,01,HUANCAYO,26,PUCARA,14093,04,04,1,2,120131003,253.2629,1,,1,1,2,1,HOLANTAO,2407,1,2000,000,0,0,1,0,0,0,0, 
2024,12,JUNIN,01,HUANCAYO,26,PUCARA,14095,01,01,1,2,120141002,1595.769,1,,1,1,1,1,TARHUI,2947,1,0,030,0,0,1,0,0,0,0, 
2024,12,JUNIN,01,HUANCAYO,24,PARIAHUANCA,14099,01,01,1,2,120173002,1.072457,1,,1,1,1,1,PALTO,1162,2,0,600,0,0,0,0,0,0,1, 
2024,12,JUNIN,01,HUANCAYO,24,PARIAHUANCA,14099,01,01,1,2,120173002,1.072457,1,,1,1,4,1,MAIZ AMILACEO,2108,1,1,000,0,0,1,0,0,0,0, 
2024,12,JUNIN,01,HUANCAYO,24,PARIAHUANCA,14099,01,01,1,2,120173002,1.072457,1,,1,1,5,1,MAIZ AMILACEO,2108,1,0,750,0,0,1,0,0,0,0, 
2024,12,JUNIN,01,HUANCAYO,24,PARIAHUANCA,14099,01,01,1,2,120173002,1.072457,1,,1,1,6,1,MAIZ AMILACEO,2108,1,0,750,0,0,1,0,0,0,0, 
2024,12,JUNIN,01,HUANCAYO,24,PARIAHUANCA,14101,01,01,1,2,120171002,4.495754,1,,1,1,1,1,MAIZ AMILACEO,2108,1,2,500,0,0,1,0,0,0,0, 
2024,12,JUNIN,01,HUANCAYO,24,PARIAHUANCA,14102,01,01,1,3,120173004,1.580548,1,,1,0,5,1,MAIZ AMILACEO,2108,1,0,700,0,0,1,0,0,0,0, 
2024,12,JUNIN,01,HUANCAYO,24,PARIAHUANCA,14102,01,01,1,3,120173004,1.580548,1,,1,0,3,1,MAIZ AMILACEO,2108,1,2,000,0,0,1,0,0,0,0, 
2024,12,JUNIN,01,HUANCAYO,24,PARIAHUANCA,14103,01,01,1,2,120173003,2.30338,1,,1,1,1,1,MAIZ AMILACEO,2108,1,2,200,0,0,1,0,0,0,0, 
2024,12,JUNIN,01,HUANCAYO,24,PARIAHUANCA,14103,01,01,1,2,120173003,2.30338,1,,1,1,2,1,MAIZ AMILACEO,2108,1,0,350,0,0,1,0,0,0,0, 
2024,12,JUNIN,01,HUANCAYO,24,PARIAHUANCA,14103,01,01,1,2,120173003,2.30338,1,,1,1,4,1,MAIZ AMILACEO,2108,1,0,150,0,0,1,0,0,0,0, 
2024,12,JUNIN,01,HUANCAYO,14,EL TAMBO,14114,03,03,1,2,120132001,.4175753,1,,1,0,1,1,PAPA BLANCA,2612,1,100,000,0,0,1,1,0,1,0, 
2024,12,JUNIN,01,HUANCAYO,14,EL TAMBO,14114,03,03,1,2,120132001,.4175753,1,,1,0,2,1,MAIZ AMILACEO,2108,1,250,008,0,0,1,1,1,1,0, 
2024,12,JUNIN,01,HUANCAYO,13,CULLHUAS,14115,06,06,1,2,120141002,75.82796,1,,1,1,2,1,ARVEJA,2901,1,0,600,0,0,1,1,0,0,0, 
2024,12,JUNIN,01,HUANCAYO,13,CULLHUAS,14118,04,04,1,2,120141002,38.86008,1,,1,1,2,1,ARVEJA,2901,1,0,615,0,0,0,1,0,0,0, 
2024,12,JUNIN,01,HUANCAYO,13,CULLHUAS,14123,04,04,1,2,120151002,6.951722,1,,1,1,3,1,HABA,2942,1,0,130,0,0,1,1,0,0,0, 
2024,12,JUNIN,01,HUANCAYO,05,CHACAPAMPA,14129,02,02,1,2,120142003,74.99841,1,,1,0,6,1,HABA,2942,1,1000,000,0,0,0,1,0,1,0, 
2024,12,JUNIN,01,HUANCAYO,05,CHACAPAMPA,14129,02,02,1,2,120142003,74.99841,1,,1,0,3,1,HABA,2942,1,2000,000,0,0,0,1,0,1,0, 
2024,11,ICA,05,PISCO,06,SAN ANDRES,14151,06,06,1,1,110511004,.4546947,1,,1,0,1,1,TOMATE,2342,1,1,081,0,0,0,0,0,0,1, 
2024,11,ICA,05,PISCO,03,HUMAY,14173,09,09,1,1,110511004,2.952732,1,,1,0,1,1,SANDIA,2209,1,3,000,0,0,1,0,0,0,0, 
2024,11,ICA,05,PISCO,03,HUMAY,14174,01,01,1,1,110511004,15.71579,1,,1,0,1,1,VID,1192,2,0,100,0,0,1,0,0,0,0, 
2024,11,ICA,05,PISCO,03,HUMAY,14174,02,02,1,1,110511004,15.0755,1,,1,1,1,1,VID,1192,2,0,010,0,0,1,0,0,0,0, 
2024,11,ICA,05,PISCO,03,HUMAY,14174,03,03,1,1,110511004,9.123093,1,,1,0,1,1,VID,1192,2,0,047,0,0,1,0,0,0,0, 
2024,11,ICA,05,PISCO,03,HUMAY,14174,08,08,1,1,110511004,.3641454,1,,1,1,1,1,VID,1192,2,0,001,0,0,1,0,0,0,0, 
2024,11,ICA,05,PISCO,03,HUMAY,14174,08,08,1,1,110511004,.3641454,1,,1,1,1,2,HIGUERA,1136,2,0,002,0,0,1,0,0,0,0, 
2024,11,ICA,05,PISCO,03,HUMAY,14174,11,11,1,1,110511004,1.709589,1,,1,0,1,1,VID,1192,2,0,010,0,0,1,0,0,0,0, 
2024,11,ICA,05,PISCO,03,HUMAY,14174,11,11,1,1,110511004,1.709589,1,,1,0,1,2,PALTO,1162,2,0,001,0,0,1,0,0,0,0, 
2024,11,ICA,05,PISCO,02,HUANCANO,14191,01,01,1,2,110533002,.3526801,1,,1,1,1,1,MAIZ AMILACEO,2108,1,0,050,0,0,1,1,0,0,0, 
2024,11,ICA,05,PISCO,02,HUANCANO,14191,01,01,1,2,110533002,.3526801,1,,1,1,2,1,PAPA COLOR,2613,1,0,100,0,0,1,1,0,0,0, 
2024,11,ICA,05,PISCO,02,HUANCANO,14193,02,02,1,2,110533003,.7972468,1,,1,1,1,1,PAPA COLOR,2613,1,0,143,0,0,1,0,0,0,0, 
2024,11,ICA,05,PISCO,02,HUANCANO,14193,02,02,1,2,110533003,.7972468,1,,1,1,7,1,HABA,2942,1,0,050,0,0,1,0,0,0,0, 
2024,11,ICA,05,PISCO,02,HUANCANO,14193,02,02,1,2,110533003,.7972468,1,,1,1,7,2,ARVEJA,2901,1,0,050,0,0,1,0,0,0,0, 
2024,11,ICA,05,PISCO,02,HUANCANO,14193,02,02,1,2,110533003,.7972468,1,,1,1,1,2,TRIGO,2113,1,0,275,0,0,1,0,0,0,0, 
2024,11,ICA,04,PALPA,05,TIBILLO,14200,01,01,1,1,110424002,49.79972,1,,1,1,2,1,PAPA BLANCA,2612,1,0,100,1,0,0,0,0,0,0, 
2024,11,ICA,04,PALPA,05,TIBILLO,14200,01,01,1,1,110424002,49.79972,1,,1,1,2,2,CAMOTE,2603,1,0,200,1,0,0,0,0,0,0, 
2024,11,ICA,04,PALPA,04,SANTA CRUZ,14204,01,01,1,1,110423003,26.55293,1,,1,1,2,1,GRANADO,1132,2,0,500,1,0,0,0,0,0,0, 
2024,11,ICA,04,PALPA,04,SANTA CRUZ,14209,09,09,1,1,110421004,7.699151,1,,1,0,3,1,PAPA BLANCA,2612,1,3,000,0,0,1,0,0,1,0, 
2024,11,ICA,04,PALPA,04,SANTA CRUZ,14209,09,09,1,1,110421004,7.699151,1,,1,0,1,1,TOMATE,2342,1,1,400,0,0,1,0,0,1,0, 
2024,11,ICA,04,PALPA,03,RIO GRANDE,14210,04,04,1,1,110411004,11.78182,1,,1,0,1,1,PAPA BLANCA,2612,1,2,000,0,0,1,0,0,0,0, 
2024,11,ICA,04,PALPA,03,RIO GRANDE,14210,04,04,1,1,110411004,11.78182,1,,1,0,2,1,PAPA BLANCA,2612,1,1,000,0,0,1,0,0,0,0, 
2024,11,ICA,04,PALPA,03,RIO GRANDE,14211,03,03,1,1,110412004,3.126024,1,,1,0,1,1,LIMON ACIDO,1140,3,0,002,0,0,1,0,0,0,0, 
2024,11,ICA,04,PALPA,03,RIO GRANDE,14217,03,03,1,1,110412002,8.756935,1,,1,0,1,1,GRANADO,1132,2,0,020,0,0,1,0,0,0,0, 
2024,11,ICA,04,PALPA,03,RIO GRANDE,14218,01,01,1,1,110411003,4.546584,1,,1,0,2,1,SANDIA,2209,1,2,000,0,0,1,0,0,0,0, 
2024,11,ICA,03,NASCA,05,VISTA ALEGRE,14223,02,02,1,1,110321004,28.56964,1,,1,1,1,1,CAMOTE,2603,1,0,016,0,0,0,0,0,1,0, 
2024,11,ICA,03,NASCA,05,VISTA ALEGRE,14225,02,02,1,1,110322004,45.71312,1,,1,0,2,1,ZAPALLO,2345,1,3,000,0,0,0,0,0,0,1, 
2024,11,ICA,03,NASCA,01,NASCA,14241,01,01,1,1,110321004,7.281322,1,,1,0,1,1,TOMATE,2342,1,4,670,0,0,1,0,0,0,1, 
2024,11,ICA,02,CHINCHA,02,ALTO LARAN,14296,02,02,1,1,110222004,1.261365,1,,1,0,1,1,MAIZ AMARILLO DURO,2107,1,0,500,1,0,0,0,0,0,0, 
2024,11,ICA,01,ICA,11,SANTIAGO,14327,01,01,1,1,110111003,73.25896,1,,1,0,1,1,PALLAR,2946,1,0,200,0,0,0,0,0,1,0, 
2024,11,ICA,01,ICA,11,SANTIAGO,14329,01,01,1,1,110111004,5.634318,1,,1,0,1,1,MAIZ AMARILLO DURO,2107,1,2,500,0,0,1,0,0,0,0, 
2024,11,ICA,01,ICA,10,SAN JUAN BAUTISTA,14342,01,01,1,1,110111003,30.02944,1,,1,0,1,1,PALMA ACEITERA,1221,3,0,002,0,0,1,0,0,0,0, 
2024,11,ICA,01,ICA,08,SALAS,14350,03,03,1,1,110111004,3.608155,1,,1,1,1,1,AJI,2302,1,0,100,0,0,0,0,0,1,0, 
2024,11,ICA,01,ICA,04,OCUCAJE,14359,01,01,1,1,110111003,1.42246,1,,1,1,2,1,PALLAR,2946,1,1,500,1,1,0,0,0,0,0, 
2024,10,HUANUCO,11,YAROWILCA,08,CHORAS,14369,01,01,1,2,101133002,5.21016,1,,1,1,1,1,PAPA NATIVA,2615,1,0,080,0,0,1,0,0,0,0, 
2024,10,HUANUCO,11,YAROWILCA,07,PAMPAMARCA,14371,03,03,1,2,101142002,27.02959,1,,1,1,3,1,PAPA AMARILLA,2611,1,0,120,0,0,1,1,0,0,0, 
2024,10,HUANUCO,11,YAROWILCA,07,PAMPAMARCA,14371,03,03,1,2,101142002,27.02959,1,,1,1,2,1,PAPA NATIVA,2615,1,0,250,0,0,1,1,0,0,0, 
2024,10,HUANUCO,11,YAROWILCA,07,PAMPAMARCA,14371,05,05,1,2,101142002,175.1932,1,,1,1,3,1,AVENA GRANO,2102,1,0,250,0,0,1,1,1,0,0, 
2024,10,HUANUCO,11,YAROWILCA,06,OBAS,14374,02,02,1,2,101131002,8.816236,1,,1,1,8,1,MAIZ AMILACEO,2108,1,0,125,1,0,0,1,0,0,0, 
2024,10,HUANUCO,11,YAROWILCA,06,OBAS,14374,08,08,1,2,101131002,.2644489,1,,1,1,2,1,HABA,2942,1,0,125,0,0,1,1,0,0,0, 
2024,10,HUANUCO,11,YAROWILCA,06,OBAS,14374,08,08,1,2,101131002,.2644489,1,,1,1,2,2,TARHUI,2947,1,0,062,0,0,1,1,0,0,0, 
2024,10,HUANUCO,11,YAROWILCA,06,OBAS,14376,07,07,1,2,101152004,.4668278,1,,1,1,1,1,PAPA NATIVA,2615,1,1,329,0,0,1,0,0,0,0, 
2024,10,HUANUCO,11,YAROWILCA,06,OBAS,14378,03,03,1,2,101133003,10.53422,1,,1,1,1,1,MAIZ AMILACEO,2108,1,0,250,0,0,0,0,1,0,0, 
2024,10,HUANUCO,11,YAROWILCA,06,OBAS,14378,03,03,1,2,101133003,10.53422,1,,1,1,8,1,HABA,2942,1,0,100,0,0,1,0,1,0,0, 
2024,10,HUANUCO,11,YAROWILCA,06,OBAS,14379,01,01,1,2,101143003,416.3194,1,,1,1,1,1,PAPA NATIVA,2615,1,0,142,0,0,1,0,1,0,0, 
2024,10,HUANUCO,11,YAROWILCA,04,APARICIO POMARES,14380,01,01,1,2,101142003,65.47991,1,,1,1,1,1,OCA,2608,1,0,060,0,0,1,1,1,0,0, 
2024,10,HUANUCO,11,YAROWILCA,04,APARICIO POMARES,14380,01,01,1,2,101142003,65.47991,1,,1,1,3,1,OCA,2608,1,0,100,0,0,1,1,1,0,0, 
2024,10,HUANUCO,11,YAROWILCA,04,APARICIO POMARES,14380,01,01,1,2,101142003,65.47991,1,,1,1,1,2,OLLUCO,2609,1,0,060,0,0,1,1,1,0,0, 
2024,10,HUANUCO,11,YAROWILCA,04,APARICIO POMARES,14382,01,01,1,2,101132003,5.310311,1,,1,1,2,1,HABA,2942,1,0,030,0,0,0,0,0,0,1, 
2024,10,HUANUCO,11,YAROWILCA,04,APARICIO POMARES,14382,02,02,1,2,101132003,6.63026,1,,1,1,1,1,TARHUI,2947,1,0,031,0,0,1,0,1,0,0, 
2024,10,HUANUCO,11,YAROWILCA,04,APARICIO POMARES,14382,04,04,1,2,101132003,20.13479,1,,1,1,1,1,HABA,2942,1,0,050,0,0,0,1,1,0,0, 
2024,10,HUANUCO,11,YAROWILCA,04,APARICIO POMARES,14382,04,04,1,2,101132003,20.13479,1,,1,1,2,1,HABA,2942,1,0,250,0,0,1,0,0,0,0, 
2024,10,HUANUCO,11,YAROWILCA,04,APARICIO POMARES,14383,01,01,1,2,101142003,206.499,1,,1,1,1,1,TARHUI,2947,1,0,050,0,0,0,1,1,0,0, 
2024,10,HUANUCO,11,YAROWILCA,04,APARICIO POMARES,14384,02,02,1,2,101141004,.1352749,1,,1,1,7,1,AVENA GRANO,2102,1,0,125,0,0,1,0,0,0,0, 
2024,10,HUANUCO,11,YAROWILCA,04,APARICIO POMARES,14384,02,02,1,2,101141004,.1352749,1,,1,1,2,1,OCA,2608,1,0,060,0,0,1,0,0,0,0, 
2024,10,HUANUCO,11,YAROWILCA,04,APARICIO POMARES,14384,02,02,1,2,101141004,.1352749,1,,1,1,2,2,HABA,2942,1,0,060,0,0,1,0,0,0,0, 
2024,10,HUANUCO,11,YAROWILCA,04,APARICIO POMARES,14384,04,04,1,2,101141004,.5044363,1,,1,1,1,1,TARHUI,2947,1,0,030,0,0,0,1,1,0,0, 
2024,10,HUANUCO,11,YAROWILCA,04,APARICIO POMARES,14384,05,05,1,2,101141004,.0877826,1,,1,1,3,1,PAPA NATIVA,2615,1,0,120,0,0,1,0,1,0,0, 
2024,10,HUANUCO,11,YAROWILCA,04,APARICIO POMARES,14384,05,05,1,2,101141004,.0877826,1,,1,1,4,1,ARVEJA,2901,1,0,125,0,0,1,1,0,0,0, 
2024,10,HUANUCO,11,YAROWILCA,04,APARICIO POMARES,14384,06,06,1,2,101141004,.5023875,1,,1,1,3,1,PAPA NATIVA,2615,1,0,060,0,0,1,0,0,0,0, 
2024,10,HUANUCO,11,YAROWILCA,04,APARICIO POMARES,14384,06,06,1,2,101141004,.5023875,1,,1,1,2,1,PAPA NATIVA,2615,1,0,180,0,0,1,0,0,0,0, 
2024,10,HUANUCO,11,YAROWILCA,04,APARICIO POMARES,14384,07,07,1,2,101141004,1.130734,1,,1,1,3,1,PAPA NATIVA,2615,1,0,050,0,0,1,0,1,0,0, 
2024,10,HUANUCO,11,YAROWILCA,02,CAHUAC,14390,01,01,1,2,101142004,10.71917,1,,1,1,1,1,HABA,2942,1,0,026,0,0,0,1,0,0,0, 
2024,10,HUANUCO,11,YAROWILCA,02,CAHUAC,14390,04,04,1,2,101142004,4.384621,1,,1,1,1,1,CEBADA GRANO,2104,1,0,030,0,0,1,0,0,0,0, 
2024,10,HUANUCO,11,YAROWILCA,01,CHAVINILLO,14393,01,01,1,2,101153002,10.85014,1,,1,1,1,1,OCA,2608,1,0,050,0,0,0,1,1,0,0, 
2024,10,HUANUCO,10,LAURICOCHA,06,SAN FRANCISCO DE ASIS,14405,02,02,1,2,101043003,224.5693,1,,1,1,4,1,TARHUI,2947,1,0,250,0,0,1,0,0,0,0, 
2024,10,HUANUCO,10,LAURICOCHA,06,SAN FRANCISCO DE ASIS,14407,04,04,1,2,101032002,6.844057,1,,1,1,1,1,MAIZ AMILACEO,2108,1,0,050,1,0,0,0,0,0,0, 
2024,10,HUANUCO,10,LAURICOCHA,05,RONDOS,14409,01,01,1,2,101034002,25.39928,1,,1,1,1,1,OCA,2608,1,0,250,0,0,0,1,0,0,0, 
2024,10,HUANUCO,10,LAURICOCHA,05,RONDOS,14410,02,02,1,2,101033003,43.16663,1,,1,1,4,1,PAPA NATIVA,2615,1,0,200,0,0,1,0,0,0,0, 
2024,10,HUANUCO,10,LAURICOCHA,03,JIVIA,14413,01,01,1,2,101033002,152.0144,1,,1,1,2,1,MAIZ AMILACEO,2108,1,0,050,0,0,0,1,0,0,0, 
2024,10,HUANUCO,10,LAURICOCHA,03,JIVIA,14414,01,01,1,2,101032004,.6567972,1,,1,1,1,1,CEBADA GRANO,2104,1,0,250,0,0,1,0,0,1,0, 
2024,10,HUANUCO,10,LAURICOCHA,03,JIVIA,14414,05,05,1,2,101032004,.3634128,1,,1,1,3,1,PAPA NATIVA,2615,1,0,250,0,0,1,0,0,0,0, 
2024,10,HUANUCO,10,LAURICOCHA,02,BAÑOS,14415,01,01,1,2,101044003,177.1182,1,,1,1,1,1,PAPA BLANCA,2612,1,0,150,0,0,1,0,0,0,0, 
2024,10,HUANUCO,10,LAURICOCHA,02,BAÑOS,14419,01,01,1,2,101033004,1.58218,1,,1,1,5,1,PAPA NATIVA,2615,1,0,300,0,0,1,1,0,0,0, 
2024,10,HUANUCO,10,LAURICOCHA,02,BAÑOS,14419,02,02,1,2,101033004,.0559104,1,,1,1,2,1,PAPA NATIVA,2615,1,0,200,0,0,1,0,0,0,0, 
2024,10,HUANUCO,10,LAURICOCHA,02,BAÑOS,14419,03,03,1,2,101033004,.3406128,1,,1,1,1,1,HABA,2942,1,0,005,0,0,0,1,0,0,0, 
2024,10,HUANUCO,10,LAURICOCHA,02,BAÑOS,14419,04,04,1,2,101033004,9.695885,1,,1,1,2,1,PAPA NATIVA,2615,1,0,100,0,0,1,0,0,0,0, 
2024,10,HUANUCO,10,LAURICOCHA,02,BAÑOS,14419,06,06,1,2,101033004,13.839,1,,1,1,1,1,CEBOLLA,2315,1,0,001,0,0,0,1,0,0,0, 
2024,10,HUANUCO,10,LAURICOCHA,02,BAÑOS,14419,06,06,1,2,101033004,13.839,1,,1,1,1,2,BETARRAGA,2310,1,0,001,0,0,0,1,0,0,0, 
2024,10,HUANUCO,10,LAURICOCHA,02,BAÑOS,14419,06,06,1,2,101033004,13.839,1,,1,1,1,3,COL,2319,1,0,001,0,0,0,1,0,0,0, 
2024,10,HUANUCO,10,LAURICOCHA,02,BAÑOS,14419,06,06,1,2,101033004,13.839,1,,1,1,1,4,ZANAHORIA,2344,1,0,001,0,0,0,1,0,0,0, 
2024,10,HUANUCO,10,LAURICOCHA,01,JESUS,14423,02,02,1,2,101051002,.0146924,1,,1,1,1,1,AVENA FORRAJERA,2701,1,0,250,0,0,0,1,1,0,0, 
2024,10,HUANUCO,10,LAURICOCHA,01,JESUS,14424,04,04,1,2,101041002,47.66277,1,,1,1,2,1,AVENA GRANO,2102,1,0,250,0,0,0,1,0,0,0, 
2024,10,HUANUCO,10,LAURICOCHA,01,JESUS,14424,04,04,1,2,101041002,47.66277,1,,1,1,1,1,MAIZ AMILACEO,2108,1,0,250,0,0,0,1,0,0,0, 
2024,10,HUANUCO,10,LAURICOCHA,01,JESUS,14425,01,01,1,2,101031003,.1987608,1,,1,1,1,1,ARVEJA,2901,1,0,010,0,0,0,1,1,0,0, 
2024,10,HUANUCO,10,LAURICOCHA,01,JESUS,14425,08,08,1,2,101031003,.6353071,1,,1,1,1,1,MAIZ AMILACEO,2108,1,0,110,0,0,1,1,0,0,0, 
2024,10,HUANUCO,10,LAURICOCHA,01,JESUS,14425,09,09,1,2,101031003,1.933766,1,,1,1,4,1,PAPA BLANCA,2612,1,0,125,0,0,0,1,1,0,0, 
2024,10,HUANUCO,10,LAURICOCHA,01,JESUS,14425,10,10,1,2,101031003,2.220121,1,,1,1,1,1,MAIZ AMILACEO,2108,1,0,020,0,0,0,1,0,0,0, 
2024,10,HUANUCO,10,LAURICOCHA,01,JESUS,14425,11,11,1,2,101031003,1.190127,1,,1,1,1,1,CEBADA GRANO,2104,1,0,125,0,0,0,1,0,0,0, 
2024,10,HUANUCO,10,LAURICOCHA,01,JESUS,14427,07,07,1,2,101042003,7.659452,1,,1,1,2,1,PAPA BLANCA,2612,1,0,062,0,0,0,1,0,0,0, 
2024,10,HUANUCO,10,LAURICOCHA,01,JESUS,14428,05,05,1,2,101032003,4.546651,1,,1,1,2,1,PAPA BLANCA,2612,1,0,500,0,0,1,0,0,0,0, 
2024,10,HUANUCO,10,LAURICOCHA,01,JESUS,14429,03,03,1,2,101041003,43.12826,1,,1,1,4,1,MAIZ AMILACEO,2108,1,0,125,0,0,0,1,1,0,0, 
2024,10,HUANUCO,10,LAURICOCHA,01,JESUS,14430,01,01,1,2,101042002,39.91968,1,,1,1,1,1,HABA,2942,1,0,150,0,0,0,1,0,0,0, 
2024,10,HUANUCO,10,LAURICOCHA,01,JESUS,14430,01,01,1,2,101042002,39.91968,1,,1,1,2,1,HABA,2942,1,0,250,0,0,0,1,0,0,0, 
2024,10,HUANUCO,10,LAURICOCHA,01,JESUS,14430,01,01,1,2,101042002,39.91968,1,,1,1,1,2,PAPA NATIVA,2615,1,0,250,0,0,0,1,0,0,0, 
2024,10,HUANUCO,10,LAURICOCHA,01,JESUS,14430,02,02,1,2,101042002,29.04568,1,,1,1,1,1,PAPA HUAYRO,2614,1,0,250,0,0,1,1,0,0,0, 
2024,10,HUANUCO,10,LAURICOCHA,01,JESUS,14430,02,02,1,2,101042002,29.04568,1,,1,1,3,1,TARHUI,2947,1,1,000,0,0,1,0,0,0,0, 
2024,10,HUANUCO,10,LAURICOCHA,01,JESUS,14430,02,02,1,2,101042002,29.04568,1,,1,1,1,2,PAPA BLANCA,2612,1,0,250,0,0,1,1,0,0,0, 
2024,10,HUANUCO,10,LAURICOCHA,01,JESUS,14430,02,02,1,2,101042002,29.04568,1,,1,1,1,3,PAPA NATIVA,2615,1,0,250,0,0,1,1,0,0,0, 
2024,10,HUANUCO,10,LAURICOCHA,01,JESUS,14430,02,02,1,2,101042002,29.04568,1,,1,1,1,4,PAPA COLOR,2613,1,0,250,0,0,1,1,0,0,0, 
2024,10,HUANUCO,10,LAURICOCHA,01,JESUS,14431,01,01,1,2,101031002,.6655828,1,,1,1,2,1,PAPA NATIVA,2615,1,0,100,0,0,0,1,0,0,0, 
2024,10,HUANUCO,10,LAURICOCHA,01,JESUS,14431,01,01,1,2,101031002,.6655828,1,,1,1,3,1,OCA,2608,1,0,100,0,0,0,1,1,0,0, 
2024,10,HUANUCO,10,LAURICOCHA,01,JESUS,14431,01,01,1,2,101031002,.6655828,1,,1,1,2,2,HABA,2942,1,0,100,0,0,0,1,0,0,0, 
2024,10,HUANUCO,10,LAURICOCHA,01,JESUS,14431,02,02,1,2,101031002,4.175787,1,,1,1,3,1,HABA,2942,1,0,250,0,0,0,1,0,0,0, 
2024,10,HUANUCO,10,LAURICOCHA,01,JESUS,14431,02,02,1,2,101031002,4.175787,1,,1,1,3,2,PAPA BLANCA,2612,1,0,250,0,0,0,1,0,0,0, 
2024,10,HUANUCO,10,LAURICOCHA,01,JESUS,14431,03,03,1,2,101031002,1.623769,1,,1,1,1,1,PAPA NATIVA,2615,1,0,500,0,0,0,1,0,0,0, 
2024,10,HUANUCO,10,LAURICOCHA,01,JESUS,14431,03,03,1,2,101031002,1.623769,1,,1,1,5,1,PAPA NATIVA,2615,1,0,750,0,0,0,1,0,0,0, 
2024,10,HUANUCO,09,PUERTO INCA,05,YUYAPICHIS,14447,02,02,1,3,100992005,8.236071,1,,1,1,2,1,YUCA,2620,1,0,250,0,0,0,0,0,0,1, 
2024,10,HUANUCO,09,PUERTO INCA,05,YUYAPICHIS,14447,04,04,1,3,100992005,12.44539,1,,1,1,1,1,MAIZ AMARILLO DURO,2107,1,1,000,0,0,1,0,0,0,0, 
2024,10,HUANUCO,09,PUERTO INCA,05,YUYAPICHIS,14447,04,04,1,3,100992005,12.44539,1,,1,1,1,2,ARROZ CASCARA,2101,1,0,500,0,0,1,0,0,0,0, 
2024,10,HUANUCO,09,PUERTO INCA,05,YUYAPICHIS,14448,01,01,1,3,100992005,7.929494,1,,1,1,1,1,PAPAYA,1163,2,2,000,1,0,1,0,0,0,0, 
2024,10,HUANUCO,09,PUERTO INCA,05,YUYAPICHIS,14448,01,01,1,3,100992005,7.929494,1,,1,1,2,1,ARROZ CASCARA,2101,1,2,000,1,0,0,0,0,0,0, 
2024,10,HUANUCO,09,PUERTO INCA,04,TOURNAVISTA,14468,01,01,1,3,100992005,23.59318,1,,1,1,3,1,YUCA,2620,1,0,500,0,0,1,0,0,0,0, 
2024,10,HUANUCO,09,PUERTO INCA,04,TOURNAVISTA,14469,01,01,1,3,100993002,1.610705,1,,1,1,2,1,MAIZ AMARILLO DURO,2107,1,5,000,0,0,1,0,0,0,0, 
2024,10,HUANUCO,09,PUERTO INCA,04,TOURNAVISTA,14472,03,03,1,3,100991005,4.916431,1,,1,1,1,1,CACAO,1202,3,0,500,0,0,1,0,0,0,0, 
2024,10,HUANUCO,09,PUERTO INCA,04,TOURNAVISTA,14485,01,01,1,3,100992005,17.61469,1,,1,1,1,1,MAIZ AMARILLO DURO,2107,1,2,250,0,0,0,0,0,0,1, 
2024,10,HUANUCO,09,PUERTO INCA,02,CODO DEL POZUZO,14515,01,01,1,3,100992005,32.36341,1,,1,1,1,1,COCA,1209,2,4,000,0,0,0,0,0,0,1, 
2024,10,HUANUCO,09,PUERTO INCA,01,PUERTO INCA,14539,01,01,1,3,100992005,12.79613,1,,1,1,1,1,MAIZ AMARILLO DURO,2107,1,0,508,0,0,1,0,0,0,0, 
2024,10,HUANUCO,09,PUERTO INCA,01,PUERTO INCA,14539,02,02,1,3,100992005,.2627418,1,,1,1,1,1,CACAO,1202,3,1,600,0,0,1,0,0,0,0, 
2024,10,HUANUCO,08,PACHITEA,04,UMARI,14568,02,02,1,3,100874003,66.69917,1,,1,1,2,1,MAIZ CHOCLO,2109,1,0,500,0,0,1,0,0,0,0, 
2024,10,HUANUCO,08,PACHITEA,04,UMARI,14571,01,01,1,2,100874004,159.9447,1,,1,1,3,1,ARVEJA,2901,1,0,125,0,0,1,0,0,0,0, 
2024,10,HUANUCO,08,PACHITEA,04,UMARI,14575,03,03,1,2,100831003,4.181343,1,,1,1,1,1,PAPAYUELA,1164,2,0,010,0,0,1,0,0,0,0, 
2024,10,HUANUCO,08,PACHITEA,04,UMARI,14575,04,04,1,2,100831003,96.62709,1,,1,1,4,1,HABA,2942,1,0,500,0,0,1,0,0,1,0, 
2024,10,HUANUCO,08,PACHITEA,04,UMARI,14575,05,05,1,2,100831003,10.29797,1,,1,1,2,1,HABA,2942,1,1,500,0,0,1,0,0,1,0, 
2024,10,HUANUCO,08,PACHITEA,03,MOLINO,14576,02,02,1,2,100843002,16.14427,1,,1,1,1,1,PAPA HUAYRO,2614,1,0,100,0,0,0,0,0,1,0, 
2024,10,HUANUCO,08,PACHITEA,03,MOLINO,14576,03,03,1,2,100843002,22.57557,1,,1,1,5,1,OLLUCO,2609,1,0,500,0,0,0,0,1,0,0, 
2024,10,HUANUCO,08,PACHITEA,03,MOLINO,14579,03,03,1,2,100831002,6.064113,1,,1,1,2,1,MAIZ AMILACEO,2108,1,0,100,0,0,1,0,0,0,0, 
2024,10,HUANUCO,08,PACHITEA,03,MOLINO,14579,03,03,1,2,100831002,6.064113,1,,1,1,2,2,CALABAZA,2314,1,0,100,0,0,1,0,0,0,0, 
2024,10,HUANUCO,08,PACHITEA,02,CHAGLLA,14585,02,02,1,3,100883004,8.091521,1,,1,1,1,1,ALGODON,2803,1,0,900,0,0,1,0,0,0,0, 
2024,10,HUANUCO,08,PACHITEA,02,CHAGLLA,14589,01,01,1,3,100873004,156.3921,1,,1,1,2,1,YUCA,2620,1,0,954,0,0,1,0,0,0,0, 
2024,10,HUANUCO,08,PACHITEA,02,CHAGLLA,14595,01,01,1,3,100882002,1.169692,1,,1,1,1,1,PLATANO,1171,3,1,000,1,0,0,0,0,0,0, 
2024,10,HUANUCO,08,PACHITEA,02,CHAGLLA,14595,01,01,1,3,100882002,1.169692,1,,1,1,2,1,CAFE PERGAMINO,1203,2,1,000,1,0,0,0,0,0,0, 
2024,10,HUANUCO,08,PACHITEA,02,CHAGLLA,14598,03,03,1,2,100872002,.6431251,1,,1,1,1,1,ARVEJA,2901,1,0,140,0,0,0,0,0,1,0, 
2024,10,HUANUCO,08,PACHITEA,02,CHAGLLA,14599,01,01,1,3,100882003,.7748178,1,,1,1,2,1,PLATANO,1171,3,2,000,1,0,0,0,0,0,0, 
2024,10,HUANUCO,08,PACHITEA,02,CHAGLLA,14599,02,02,1,3,100882003,.1139491,1,,1,1,1,1,PLATANO,1171,3,0,500,1,0,0,0,0,0,0, 
2024,10,HUANUCO,08,PACHITEA,02,CHAGLLA,14599,03,03,1,3,100882003,.3614437,1,,1,1,3,1,PLATANO,1171,3,0,750,1,0,0,0,0,0,0, 
2024,10,HUANUCO,08,PACHITEA,02,CHAGLLA,14599,03,03,1,3,100882003,.3614437,1,,1,1,1,1,CAFE PERGAMINO,1203,2,0,500,1,0,0,0,0,0,0, 
2024,10,HUANUCO,08,PACHITEA,02,CHAGLLA,14599,04,04,1,3,100882003,.3283753,1,,1,1,3,1,PASTO BRIZANTHA,1408,3,7,000,1,0,0,0,0,1,0, 
2024,10,HUANUCO,08,PACHITEA,02,CHAGLLA,14600,01,01,1,2,100871003,24.22814,1,,1,1,1,1,TARHUI,2947,1,0,170,1,0,1,0,0,0,0, 
2024,10,HUANUCO,08,PACHITEA,01,PANAO,14601,02,02,1,2,100871002,378.3148,1,,1,1,3,1,MELOCOTONERO,1152,2,0,050,0,0,1,0,0,0,0, 
2024,10,HUANUCO,08,PACHITEA,01,PANAO,14613,02,02,1,2,100841004,9.478963,1,,1,1,2,1,PAPA HUAYRO,2614,1,1,000,0,0,1,0,0,1,0, 
2024,10,HUANUCO,07,MARAÑON,04,LA MORADA,14633,01,01,1,3,100781005,10.96743,1,,1,1,1,1,CACAO,1202,3,1,000,0,0,0,0,0,0,1, 
2024,10,HUANUCO,07,MARAÑON,04,LA MORADA,14633,02,02,1,3,100781005,33.90076,1,,1,1,1,1,YUCA,2620,1,1,000,0,0,0,0,0,0,1, 
2024,10,HUANUCO,07,MARAÑON,04,LA MORADA,14633,04,04,1,3,100781005,3.483347,1,,1,0,1,1,MANI PARA FRUTA,2204,1,2,308,0,0,0,0,0,0,1, 
2024,10,HUANUCO,07,MARAÑON,04,LA MORADA,14633,06,06,1,3,100781005,6.038383,1,,1,1,1,1,CACAO,1202,3,0,500,0,0,1,0,0,0,0, 
2024,10,HUANUCO,07,MARAÑON,04,LA MORADA,14634,01,01,1,3,100781004,10.542,1,,1,1,1,1,SANDIA,2209,1,13,000,0,1,0,0,0,0,0, 
2024,10,HUANUCO,07,MARAÑON,04,LA MORADA,14637,02,02,1,3,100782005,15.26133,1,,1,0,1,1,PLATANO,1171,3,0,500,0,0,0,0,0,0,1, 
2024,10,HUANUCO,07,MARAÑON,04,LA MORADA,14637,04,04,1,3,100782005,90.14977,1,,1,1,1,1,PLATANO,1171,3,1,000,1,0,0,0,0,0,1, 
2024,10,HUANUCO,07,MARAÑON,04,LA MORADA,14637,06,06,1,3,100782005,37.93793,1,,1,0,1,1,YUCA,2620,1,0,500,1,0,0,0,0,0,0, 
2024,10,HUANUCO,07,MARAÑON,04,LA MORADA,14637,07,07,1,3,100782005,35.36894,1,,1,1,1,1,FRIJOL CHAUCHA,2912,1,0,500,0,0,1,0,0,0,0, 
2024,10,HUANUCO,07,MARAÑON,03,SAN BUENAVENTURA,14641,03,03,1,2,100731003,142.2985,1,,1,1,1,1,PAPA BLANCA,2612,1,0,050,0,0,0,0,0,1,0, 
2024,10,HUANUCO,07,MARAÑON,03,SAN BUENAVENTURA,14643,04,04,1,2,100743004,5.769141,1,,1,1,1,1,HABA,2942,1,0,050,0,0,0,1,0,0,0, 
2024,10,HUANUCO,07,MARAÑON,02,CHOLON,14654,05,05,1,2,100732004,.0038206,1,,1,1,4,1,NARANJO,1156,2,0,005,0,0,1,0,0,0,0, 
2024,10,HUANUCO,07,MARAÑON,01,HUACRACHUCO,14668,02,02,1,2,100752003,.496921,1,,1,1,3,1,PAPA BLANCA,2612,1,0,100,0,0,1,0,0,0,0, 
2024,10,HUANUCO,07,MARAÑON,01,HUACRACHUCO,14671,01,01,1,2,100732002,76.0682,1,,1,1,3,1,CEBADA GRANO,2104,1,0,250,0,0,1,0,0,1,0, 
2024,10,HUANUCO,07,MARAÑON,01,HUACRACHUCO,14673,01,01,1,2,100741004,.0527892,1,,1,1,1,1,TARHUI,2947,1,1,240,0,0,0,1,0,0,0, 
2024,10,HUANUCO,07,MARAÑON,01,HUACRACHUCO,14675,01,01,1,2,100742003,42.92001,1,,1,1,1,1,PAPA NATIVA,2615,1,0,100,0,0,1,0,0,0,0, 
2024,10,HUANUCO,07,MARAÑON,01,HUACRACHUCO,14676,02,02,1,2,100741003,333.5546,1,,1,1,3,1,MAIZ AMILACEO,2108,1,0,250,0,0,0,0,0,1,0, 
2024,10,HUANUCO,07,MARAÑON,01,HUACRACHUCO,14682,01,01,1,2,100744002,821.8543,1,,1,1,2,1,PAPA BLANCA,2612,1,300,000,0,0,1,0,0,0,0, 
2024,10,HUANUCO,07,MARAÑON,01,HUACRACHUCO,14682,01,01,1,2,100744002,821.8543,1,,1,1,2,2,OCA,2608,1,300,000,0,0,1,0,0,0,0, 
2024,10,HUANUCO,07,MARAÑON,01,HUACRACHUCO,14682,02,02,1,2,100744002,32.89994,1,,1,1,2,1,PAPA BLANCA,2612,1,0,050,0,0,0,1,0,0,0, 
2024,10,HUANUCO,07,MARAÑON,01,HUACRACHUCO,14682,02,02,1,2,100744002,32.89994,1,,1,1,4,1,PAPA BLANCA,2612,1,0,100,0,0,0,1,0,0,0, 
2024,10,HUANUCO,06,LEONCIO PRADO,10,SANTO DOMINGO DE ANDA,14691,01,01,1,3,100682003,128.1108,1,,1,0,1,1,CACAO,1202,3,0,500,1,0,0,0,0,0,0, 
2024,10,HUANUCO,06,LEONCIO PRADO,06,MARIANO DAMASO BERAUN,14712,01,01,1,3,100671004,25.27773,1,,1,1,1,1,MANGO,1147,2,0,001,0,0,1,0,0,0,0, 
2024,10,HUANUCO,06,LEONCIO PRADO,06,MARIANO DAMASO BERAUN,14712,03,03,1,3,100671004,66.13464,1,,1,0,3,1,CAFE PERGAMINO,1203,2,0,500,1,0,0,0,0,0,0, 
2024,10,HUANUCO,06,LEONCIO PRADO,06,MARIANO DAMASO BERAUN,14713,02,02,1,3,100682004,51.86102,1,,1,0,2,1,CACAO,1202,3,1,000,0,0,1,0,0,0,0, 
2024,10,HUANUCO,06,LEONCIO PRADO,06,MARIANO DAMASO BERAUN,14713,02,02,1,3,100682004,51.86102,1,,1,0,3,1,CACAO,1202,3,0,250,0,0,1,0,0,0,0, 
2024,10,HUANUCO,06,LEONCIO PRADO,02,DANIEL ALOMIAS ROBLES,14739,02,02,1,3,100672005,4.214269,1,,1,1,1,1,FRIJOL RED KIDNEY,2933,1,1,000,0,0,1,0,0,0,0, 
2024,10,HUANUCO,06,LEONCIO PRADO,02,DANIEL ALOMIAS ROBLES,14741,13,13,1,3,100681004,21.34871,1,,1,1,2,1,PLATANO,1171,3,0,100,0,1,0,0,0,0,0, 
2024,10,HUANUCO,05,HUAMALIES,11,TANTAMAYO,14749,02,02,1,2,100553003,5.250243,1,,1,1,5,1,PAPA COLOR,2613,1,520,000,0,0,1,0,0,0,0, 
2024,10,HUANUCO,05,HUAMALIES,11,TANTAMAYO,14749,02,02,1,2,100553003,5.250243,1,,1,1,4,1,PAPA COLOR,2613,1,520,000,0,0,1,0,0,0,0, 
2024,10,HUANUCO,05,HUAMALIES,11,TANTAMAYO,14752,01,01,1,2,100543005,1.934655,1,,1,1,6,1,PAPA NATIVA,2615,1,0,250,0,0,1,0,0,0,0, 
2024,10,HUANUCO,05,HUAMALIES,10,SINGA,14755,03,03,1,2,100532003,98.32119,1,,1,1,2,1,PAPA BLANCA,2612,1,0,750,0,0,1,1,0,0,0, 
2024,10,HUANUCO,05,HUAMALIES,10,SINGA,14755,10,10,1,2,100532003,11.8919,1,,1,1,8,1,CEBADA GRANO,2104,1,0,250,0,0,1,1,0,0,0, 
2024,10,HUANUCO,05,HUAMALIES,09,PUÑOS,14758,01,01,1,2,100552003,30.36268,1,,1,1,2,1,PAPA NATIVA,2615,1,0,060,0,0,1,0,0,0,0, 
2024,10,HUANUCO,05,HUAMALIES,09,PUÑOS,14759,02,02,1,2,100542003,15.51058,1,,1,1,5,1,PAPA NATIVA,2615,1,0,125,0,0,1,1,1,0,0, 
2024,10,HUANUCO,05,HUAMALIES,09,PUÑOS,14759,03,03,1,2,100542003,34.58959,1,,1,1,6,1,PAPA NATIVA,2615,1,0,060,0,0,1,0,0,0,0, 
2024,10,HUANUCO,05,HUAMALIES,09,PUÑOS,14760,05,05,1,2,100543003,127.3923,1,,1,1,2,1,PAPA BLANCA,2612,1,0,088,0,0,1,0,0,0,0, 
2024,10,HUANUCO,05,HUAMALIES,09,PUÑOS,14760,07,07,1,2,100543003,571.5729,1,,1,1,1,1,HABA,2942,1,0,012,0,0,1,0,0,0,0, 
2024,10,HUANUCO,05,HUAMALIES,09,PUÑOS,14761,01,01,1,2,100543004,.0154721,1,,1,1,2,1,TRIGO,2113,1,0,063,0,0,1,0,0,0,0, 
2024,10,HUANUCO,05,HUAMALIES,09,PUÑOS,14761,05,05,1,2,100543004,2.656295,1,,1,1,1,1,PAPA HUAYRO,2614,1,0,100,0,0,1,0,0,0,0, 
2024,10,HUANUCO,05,HUAMALIES,09,PUÑOS,14761,07,07,1,2,100543004,29.33467,1,,1,1,1,1,PAPA NATIVA,2615,1,0,060,0,0,1,0,0,0,0, 
2024,10,HUANUCO,05,HUAMALIES,09,PUÑOS,14761,07,07,1,2,100543004,29.33467,1,,1,1,2,1,PAPA NATIVA,2615,1,0,060,0,0,1,0,0,0,0, 
2024,10,HUANUCO,05,HUAMALIES,09,PUÑOS,14761,08,08,1,2,100543004,76.48013,1,,1,1,1,1,PAPA NATIVA,2615,1,0,032,0,0,1,1,0,0,0, 
2024,10,HUANUCO,05,HUAMALIES,09,PUÑOS,14761,09,09,1,2,100543004,7.270051,1,,1,1,5,1,AVENA GRANO,2102,1,0,060,0,0,1,0,0,0,0, 
2024,10,HUANUCO,05,HUAMALIES,09,PUÑOS,14762,02,02,1,2,100551003,6.381246,1,,1,1,9,1,TARHUI,2947,1,0,100,0,0,0,1,1,0,0, 
2024,10,HUANUCO,05,HUAMALIES,09,PUÑOS,14762,04,04,1,2,100551003,13.24749,1,,1,1,3,1,PAPA NATIVA,2615,1,0,100,0,0,1,0,0,0,0, 
2024,10,HUANUCO,05,HUAMALIES,09,PUÑOS,14762,06,06,1,2,100551003,9.358035,1,,1,1,7,1,PAPA NATIVA,2615,1,0,100,0,0,1,0,0,0,0, 
2024,10,HUANUCO,05,HUAMALIES,09,PUÑOS,14762,08,08,1,2,100551003,47.67967,1,,1,1,4,1,PAPA NATIVA,2615,1,0,200,0,0,1,1,0,0,0, 
2024,10,HUANUCO,05,HUAMALIES,07,MONZON,14766,03,03,1,3,100583002,57.41486,1,,1,1,1,1,CACAO,1202,3,0,860,0,0,1,0,0,0,1, 
2024,10,HUANUCO,05,HUAMALIES,07,MONZON,14771,01,01,1,3,100572004,11.55461,1,,1,1,1,1,CAFE PERGAMINO,1203,2,2,450,0,0,1,0,0,0,0, 
2024,10,HUANUCO,05,HUAMALIES,07,MONZON,14775,02,02,1,3,100581004,16.91964,1,,1,1,5,1,YUCA,2620,1,0,200,0,1,0,0,0,0,0, 
2024,10,HUANUCO,05,HUAMALIES,07,MONZON,14775,04,04,1,3,100581004,9.195998,1,,1,0,2,1,CAFE PERGAMINO,1203,2,0,500,0,0,1,0,0,0,0, 
2024,10,HUANUCO,05,HUAMALIES,07,MONZON,14775,05,05,1,3,100581004,.0948443,1,,1,1,3,1,MAIZ AMARILLO DURO,2107,1,0,250,0,1,0,0,0,0,0, 
2024,10,HUANUCO,05,HUAMALIES,07,MONZON,14782,02,02,1,3,100581003,117.4957,1,,1,1,2,1,CACAO,1202,3,0,100,0,0,1,0,0,0,0, 
2024,10,HUANUCO,05,HUAMALIES,07,MONZON,14784,01,01,1,3,100582005,.8954099,1,,1,1,1,1,NARANJO,1156,2,0,200,0,0,1,0,0,0,0, 
2024,10,HUANUCO,05,HUAMALIES,07,MONZON,14784,01,01,1,3,100582005,.8954099,1,,1,1,1,2,ZAPOTE,1193,2,0,300,0,0,1,0,0,0,0, 
2024,10,HUANUCO,05,HUAMALIES,07,MONZON,14784,03,03,1,3,100582005,6.260098,1,,1,1,1,1,PLATANO,1171,3,0,700,0,0,1,0,0,0,0, 
2024,10,HUANUCO,05,HUAMALIES,07,MONZON,14784,04,04,1,3,100582005,.0294108,1,,1,1,2,1,YUCA,2620,1,0,250,0,1,0,0,0,0,0, 
2024,10,HUANUCO,05,HUAMALIES,07,MONZON,14784,04,04,1,3,100582005,.0294108,1,,1,1,2,2,PLATANO,1171,3,0,250,0,1,0,0,0,0,0, 
2024,10,HUANUCO,05,HUAMALIES,07,MONZON,14784,04,04,1,3,100582005,.0294108,1,,1,1,2,3,MAIZ AMARILLO DURO,2107,1,0,250,0,1,0,0,0,0,0, 
2024,10,HUANUCO,05,HUAMALIES,07,MONZON,14784,04,04,1,3,100582005,.0294108,1,,1,1,2,4,CACAO,1202,3,0,250,0,1,0,0,0,0,0, 
2024,10,HUANUCO,05,HUAMALIES,07,MONZON,14784,05,05,1,3,100582005,2.401808,1,,1,1,1,1,PLATANO,1171,3,0,300,0,0,1,0,0,0,0, 
2024,10,HUANUCO,05,HUAMALIES,07,MONZON,14784,05,05,1,3,100582005,2.401808,1,,1,1,2,1,PLATANO,1171,3,0,500,0,0,1,0,0,0,0, 
2024,10,HUANUCO,05,HUAMALIES,07,MONZON,14784,06,06,1,3,100582005,.1810852,1,,1,0,1,1,PLATANO,1171,3,0,100,0,0,1,0,0,0,0, 
2024,10,HUANUCO,05,HUAMALIES,06,MIRAFLORES,14788,03,03,1,2,100541003,214.0167,1,,1,1,6,1,HABA,2942,1,0,100,0,0,0,1,1,0,0, 
2024,10,HUANUCO,05,HUAMALIES,04,JACAS GRANDE,14793,01,01,1,2,100533003,4.151536,1,,1,1,1,1,PAPA BLANCA,2612,1,0,125,0,0,1,0,0,0,0, 
2024,10,HUANUCO,05,HUAMALIES,04,JACAS GRANDE,14793,02,02,1,2,100533003,11.00147,1,,1,1,1,1,HABA,2942,1,0,125,0,0,1,0,0,0,0, 
2024,10,HUANUCO,05,HUAMALIES,04,JACAS GRANDE,14793,04,04,1,2,100533003,13.66226,1,,1,1,2,1,TRIGO,2113,1,0,125,0,0,1,1,0,0,0, 
2024,10,HUANUCO,05,HUAMALIES,04,JACAS GRANDE,14793,04,04,1,2,100533003,13.66226,1,,1,1,1,1,MASHUA,2606,1,0,062,0,0,1,1,0,0,0, 
2024,10,HUANUCO,05,HUAMALIES,04,JACAS GRANDE,14793,04,04,1,2,100533003,13.66226,1,,1,1,1,2,HABA,2942,1,0,125,0,0,1,1,0,0,0, 
2024,10,HUANUCO,05,HUAMALIES,04,JACAS GRANDE,14793,04,04,1,2,100533003,13.66226,1,,1,1,2,2,MAIZ AMILACEO,2108,1,0,125,0,0,1,0,0,0,0, 
2024,10,HUANUCO,05,HUAMALIES,04,JACAS GRANDE,14793,05,05,1,2,100533003,13.61377,1,,1,0,2,1,PAPA BLANCA,2612,1,0,125,0,0,1,1,0,0,0, 
2024,10,HUANUCO,05,HUAMALIES,04,JACAS GRANDE,14793,06,06,1,2,100533003,15.9074,1,,1,1,1,1,MAIZ AMILACEO,2108,1,0,125,0,0,1,0,0,0,0, 
2024,10,HUANUCO,05,HUAMALIES,04,JACAS GRANDE,14794,03,03,1,2,100544003,34.37522,1,,1,1,2,1,PAPA NATIVA,2615,1,0,100,0,0,1,0,0,0,0, 
2024,10,HUANUCO,05,HUAMALIES,03,CHAVIN DE PARIARCA,14798,05,05,1,2,100531003,201.0875,1,,1,0,3,1,PAPA NATIVA,2615,1,0,250,0,0,1,0,0,0,0, 
2024,10,HUANUCO,05,HUAMALIES,03,CHAVIN DE PARIARCA,14798,05,05,1,2,100531003,201.0875,1,,1,0,1,1,PALTO,1162,2,0,250,0,0,0,0,0,1,0, 
2024,10,HUANUCO,05,HUAMALIES,03,CHAVIN DE PARIARCA,14798,12,12,1,2,100531003,28.59397,1,,1,1,3,1,PAPA NATIVA,2615,1,0,125,0,0,1,0,0,0,0, 
2024,10,HUANUCO,05,HUAMALIES,01,LLATA,14807,01,01,1,2,100541003,30.53565,1,,1,1,1,1,PAPA NATIVA,2615,1,0,125,0,0,1,0,0,0,0, 
2024,10,HUANUCO,05,HUAMALIES,01,LLATA,14807,02,02,1,2,100541003,67.06112,1,,1,1,3,1,HABA,2942,1,0,062,0,0,0,1,0,0,0, 
2024,10,HUANUCO,05,HUAMALIES,01,LLATA,14807,02,02,1,2,100541003,67.06112,1,,1,1,3,2,AVENA GRANO,2102,1,0,062,0,1,0,0,0,0,0, 
2024,10,HUANUCO,05,HUAMALIES,01,LLATA,14807,03,03,1,2,100541003,445.7261,1,,1,1,1,1,PAPA BLANCA,2612,1,0,750,0,0,1,1,0,0,0, 
2024,10,HUANUCO,05,HUAMALIES,01,LLATA,14807,04,04,1,2,100541003,69.73886,1,,1,1,3,1,HABA,2942,1,0,062,0,0,1,0,0,0,0, 
2024,10,HUANUCO,05,HUAMALIES,01,LLATA,14807,04,04,1,2,100541003,69.73886,1,,1,1,3,2,PAPA BLANCA,2612,1,0,062,0,0,1,0,0,0,0, 
2024,10,HUANUCO,05,HUAMALIES,01,LLATA,14807,05,05,1,2,100541003,106.0866,1,,1,1,2,1,PAPA NATIVA,2615,1,0,250,0,0,1,0,0,0,0, 
2024,10,HUANUCO,05,HUAMALIES,01,LLATA,14807,06,06,1,2,100541003,56.46243,1,,1,1,1,1,OLLUCO,2609,1,0,125,0,0,1,1,0,0,0, 
2024,10,HUANUCO,05,HUAMALIES,01,LLATA,14807,06,06,1,2,100541003,56.46243,1,,1,1,3,1,PAPA BLANCA,2612,1,0,125,0,0,1,1,0,0,0, 
2024,10,HUANUCO,05,HUAMALIES,01,LLATA,14807,06,06,1,2,100541003,56.46243,1,,1,1,1,2,OCA,2608,1,0,125,0,0,1,1,0,0,0, 
2024,10,HUANUCO,05,HUAMALIES,01,LLATA,14807,07,07,1,2,100541003,207.4085,1,,1,1,2,1,ARVEJA,2901,1,0,125,0,0,1,1,0,0,0, 
2024,10,HUANUCO,05,HUAMALIES,01,LLATA,14809,02,02,1,2,100542004,1.615018,1,,1,1,1,1,PAPA BLANCA,2612,1,0,125,0,0,1,1,0,0,0, 
2024,10,HUANUCO,04,HUACAYBAMBA,04,PINRA,14811,01,01,1,2,100433002,1.350491,1,,1,1,1,1,CEBADA GRANO,2104,1,0,010,0,0,0,0,0,0,1, 
2024,10,HUANUCO,04,HUACAYBAMBA,04,PINRA,14814,01,01,1,2,100452003,1.46503,1,,1,1,2,1,ARVEJA,2901,1,0,100,0,0,1,0,0,0,0, 
2024,10,HUANUCO,04,HUACAYBAMBA,04,PINRA,14817,04,04,1,2,100443003,.6270188,1,,1,1,3,1,TARHUI,2947,1,0,500,0,0,1,0,0,1,0, 
2024,10,HUANUCO,04,HUACAYBAMBA,04,PINRA,14817,04,04,1,2,100443003,.6270188,1,,1,1,5,1,TARHUI,2947,1,0,250,0,0,1,0,0,1,0, 
2024,10,HUANUCO,04,HUACAYBAMBA,04,PINRA,14820,01,01,1,2,100452002,.7913991,1,,1,1,3,1,CEBADA GRANO,2104,1,0,250,0,0,1,0,0,0,0, 
2024,10,HUANUCO,04,HUACAYBAMBA,04,PINRA,14820,02,02,1,2,100452002,1.463448,1,,1,1,1,1,OCA,2608,1,0,067,0,0,1,0,0,0,0, 
2024,10,HUANUCO,04,HUACAYBAMBA,04,PINRA,14820,02,02,1,2,100452002,1.463448,1,,1,1,2,1,ARVEJA,2901,1,0,050,0,0,1,0,0,0,0, 
2024,10,HUANUCO,04,HUACAYBAMBA,04,PINRA,14823,01,01,1,2,100433004,2.27143,1,,1,1,3,1,PAPA NATIVA,2615,1,2,000,0,0,1,0,0,0,0, 
2024,10,HUANUCO,04,HUACAYBAMBA,03,COCHABAMBA,14827,01,01,1,3,100482002,.0593581,1,,1,1,3,1,PALTO,1162,2,0,030,0,0,1,0,0,0,0, 
2024,10,HUANUCO,04,HUACAYBAMBA,03,COCHABAMBA,14828,01,01,1,3,100482003,3.706525,1,,1,1,1,1,MANGO,1147,2,0,015,0,0,0,0,0,1,0, 
2024,10,HUANUCO,04,HUACAYBAMBA,03,COCHABAMBA,14828,01,01,1,3,100482003,3.706525,1,,1,1,1,2,YUCA,2620,1,0,100,0,0,1,0,0,0,0, 
2024,10,HUANUCO,04,HUACAYBAMBA,01,HUACAYBAMBA,14840,01,01,1,2,100434003,184.5435,1,,1,1,2,1,PAPA AMARILLA,2611,1,0,250,0,0,1,0,0,0,0, 
2024,10,HUANUCO,04,HUACAYBAMBA,01,HUACAYBAMBA,14843,02,02,1,2,100444004,226.184,1,,1,1,1,1,TARHUI,2947,1,0,900,0,0,1,0,0,1,1, 
2024,10,HUANUCO,04,HUACAYBAMBA,01,HUACAYBAMBA,14844,01,01,1,2,100434002,105.9609,1,,1,1,1,1,MAIZ AMILACEO,2108,1,0,375,0,0,0,1,0,0,0, 
2024,10,HUANUCO,04,HUACAYBAMBA,01,HUACAYBAMBA,14844,01,01,1,2,100434002,105.9609,1,,1,1,3,1,TARHUI,2947,1,0,375,0,0,0,0,0,1,0, 
2024,10,HUANUCO,04,HUACAYBAMBA,01,HUACAYBAMBA,14844,04,04,1,2,100434002,119.5601,1,,1,1,2,1,PAPA NATIVA,2615,1,0,250,0,0,1,0,0,0,0, 
2024,10,HUANUCO,04,HUACAYBAMBA,01,HUACAYBAMBA,14846,02,02,1,2,100431002,24.85746,1,,1,1,1,1,MAIZ CHOCLO,2109,1,0,200,0,0,1,0,0,0,0, 
2024,10,HUANUCO,04,HUACAYBAMBA,01,HUACAYBAMBA,14848,03,03,1,2,100431002,219.0611,1,,1,1,1,1,OCA,2608,1,0,050,0,0,0,0,0,1,0, 
2024,10,HUANUCO,03,DOS DE MAYO,23,YANAS,14855,01,01,1,2,100331002,155.4396,1,,1,1,2,1,HABA,2942,1,0,125,0,0,1,1,0,0,0, 
2024,10,HUANUCO,03,DOS DE MAYO,23,YANAS,14855,04,04,1,2,100331002,9.074918,1,,1,1,2,1,PAPA BLANCA,2612,1,0,060,0,0,1,0,0,0,0, 
2024,10,HUANUCO,03,DOS DE MAYO,23,YANAS,14855,04,04,1,2,100331002,9.074918,1,,1,1,1,1,PAPA BLANCA,2612,1,0,050,0,0,1,0,0,0,0, 
2024,10,HUANUCO,03,DOS DE MAYO,23,YANAS,14856,12,12,1,2,100332003,111.2739,1,,1,1,3,1,ARVEJA,2901,1,0,010,0,0,0,1,1,0,0, 
2024,10,HUANUCO,03,DOS DE MAYO,22,SILLAPATA,14857,02,02,1,2,100331004,.7194814,1,,1,1,6,1,CEBADA GRANO,2104,1,0,100,0,0,0,0,0,0,1, 
2024,10,HUANUCO,03,DOS DE MAYO,22,SILLAPATA,14857,03,03,1,2,100331004,.4123698,1,,1,1,2,1,PAPA BLANCA,2612,1,0,130,0,0,1,0,0,0,0, 
2024,10,HUANUCO,03,DOS DE MAYO,22,SILLAPATA,14857,03,03,1,2,100331004,.4123698,1,,1,1,1,1,PAPA BLANCA,2612,1,0,250,0,0,1,0,0,0,0, 
2024,10,HUANUCO,03,DOS DE MAYO,22,SILLAPATA,14857,04,04,1,2,100331004,3.020005,1,,1,1,2,1,PAPA NATIVA,2615,1,0,100,0,0,1,0,0,0,0, 
2024,10,HUANUCO,03,DOS DE MAYO,22,SILLAPATA,14858,06,06,1,2,100333004,.4158099,1,,1,1,2,1,PAPA NATIVA,2615,1,0,060,0,0,1,0,0,0,0, 
2024,10,HUANUCO,03,DOS DE MAYO,22,SILLAPATA,14858,06,06,1,2,100333004,.4158099,1,,1,1,2,2,PAPA BLANCA,2612,1,0,060,0,0,1,0,0,0,0, 
2024,10,HUANUCO,03,DOS DE MAYO,21,SHUNQUI,14859,01,01,1,2,100334002,7.707658,1,,1,1,4,1,PAPA BLANCA,2612,1,0,060,0,0,1,0,0,0,0, 
2024,10,HUANUCO,03,DOS DE MAYO,17,RIPAN,14860,02,02,1,2,100351002,.1743212,1,,1,1,1,1,PAPA NATIVA,2615,1,0,250,0,0,1,0,0,0,0, 
2024,10,HUANUCO,03,DOS DE MAYO,13,PACHAS,14867,02,02,1,2,100341003,53.71239,1,,1,1,2,1,PAPA NATIVA,2615,1,0,100,0,0,1,1,0,0,0, 
2024,10,HUANUCO,03,DOS DE MAYO,11,MARIAS,14878,01,01,1,2,100352003,.1277994,1,,1,1,1,1,AVENA FORRAJERA,2701,1,0,250,0,0,0,0,0,0,1, 
2024,10,HUANUCO,03,DOS DE MAYO,07,CHUQUIS,14888,01,01,1,2,100341002,32.34898,1,,1,1,2,1,OCA,2608,1,0,025,0,0,0,0,0,1,0, 
2024,10,HUANUCO,03,DOS DE MAYO,07,CHUQUIS,14888,01,01,1,2,100341002,32.34898,1,,1,1,2,2,OLLUCO,2609,1,0,025,0,0,0,0,0,1,0, 
2024,10,HUANUCO,03,DOS DE MAYO,01,LA UNION,14891,01,01,1,2,100354004,17.17405,1,,1,1,1,1,PAPA NATIVA,2615,1,0,180,0,0,0,1,1,0,0, 
2024,10,HUANUCO,03,DOS DE MAYO,01,LA UNION,14891,02,02,1,2,100354004,90.48717,1,,1,1,2,1,PAPA NATIVA,2615,1,0,670,0,0,0,1,1,0,0, 
2024,10,HUANUCO,03,DOS DE MAYO,01,LA UNION,14893,02,02,1,2,100353003,8.820806,1,,1,1,1,1,PAPA NATIVA,2615,1,0,157,0,0,1,1,0,0,0, 
2024,10,HUANUCO,03,DOS DE MAYO,01,LA UNION,14894,02,02,1,2,100344004,38.68465,1,,1,1,2,1,PAPA NATIVA,2615,1,0,350,0,0,0,0,1,0,0, 
2024,10,HUANUCO,03,DOS DE MAYO,01,LA UNION,14894,06,06,1,2,100344004,17.42528,1,,1,1,2,1,HABA,2942,1,0,600,0,0,1,1,0,0,0, 
2024,10,HUANUCO,03,DOS DE MAYO,01,LA UNION,14896,01,01,1,2,100343004,7.709111,1,,1,1,2,1,PAPA NATIVA,2615,1,0,250,0,0,0,1,0,0,0, 
2024,10,HUANUCO,03,DOS DE MAYO,01,LA UNION,14896,01,01,1,2,100343004,7.709111,1,,1,1,2,2,CEBADA GRANO,2104,1,0,250,0,0,0,1,0,0,0, 
2024,10,HUANUCO,03,DOS DE MAYO,01,LA UNION,14896,02,02,1,2,100343004,65.53931,1,,1,1,2,1,PAPA NATIVA,2615,1,0,380,0,0,0,1,0,0,0, 
2024,10,HUANUCO,02,AMBO,07,SAN RAFAEL,14900,01,01,1,2,100252002,11.14345,1,,1,1,8,1,PAPA AMARILLA,2611,1,0,300,0,0,0,1,1,0,0, 
2024,10,HUANUCO,02,AMBO,07,SAN RAFAEL,14900,03,03,1,2,100252002,.1403972,1,,1,1,5,1,PAPA AMARILLA,2611,1,0,150,0,0,1,0,0,0,0, 
2024,10,HUANUCO,02,AMBO,07,SAN RAFAEL,14902,02,02,1,2,100231003,24.08262,1,,1,1,3,1,PAPA AMARILLA,2611,1,0,180,0,0,0,1,1,0,0, 
2024,10,HUANUCO,02,AMBO,07,SAN RAFAEL,14903,01,01,1,2,100231003,36.56034,1,,1,1,1,1,ALFALFA,1401,3,0,100,0,0,1,0,0,0,0, 
2024,10,HUANUCO,02,AMBO,07,SAN RAFAEL,14905,02,02,1,2,100231005,38.66246,1,,1,1,8,1,ARVEJA,2901,1,1,000,0,0,1,0,0,0,0, 
2024,10,HUANUCO,02,AMBO,07,SAN RAFAEL,14905,02,02,1,2,100231005,38.66246,1,,1,1,8,2,PAPA BLANCA,2612,1,1,000,0,0,1,0,0,0,0, 
2024,10,HUANUCO,02,AMBO,07,SAN RAFAEL,14905,06,06,1,2,100231005,11.56646,1,,1,1,3,1,PAPA BLANCA,2612,1,0,250,0,0,1,0,0,0,0, 
2024,10,HUANUCO,02,AMBO,07,SAN RAFAEL,14909,03,03,1,2,100241002,50.64353,1,,1,1,2,1,ARVEJA,2901,1,0,800,0,0,1,1,0,0,0, 
2024,10,HUANUCO,02,AMBO,07,SAN RAFAEL,14909,05,05,1,2,100241002,459.648,1,,1,1,1,1,PAPA AMARILLA,2611,1,0,274,0,0,1,0,0,0,0, 
2024,10,HUANUCO,02,AMBO,07,SAN RAFAEL,14910,03,03,1,2,100231003,180.2881,1,,1,1,2,1,PAPA AMARILLA,2611,1,0,500,0,0,1,0,0,0,0, 
2024,10,HUANUCO,02,AMBO,05,HUACAR,14922,05,05,1,2,100271004,17.08718,1,,1,1,1,1,TARA,1225,2,1,000,0,0,1,0,0,1,0, 
2024,10,HUANUCO,02,AMBO,04,CONCHAMARCA,14923,14,14,1,2,100272003,1.54617,1,,1,1,1,1,MAIZ CHOCLO,2109,1,0,025,0,0,0,0,0,0,1, 
2024,10,HUANUCO,02,AMBO,04,CONCHAMARCA,14923,14,14,1,2,100272003,1.54617,1,,1,1,1,2,CAMOTE,2603,1,0,010,0,0,0,0,0,1,0, 
2024,10,HUANUCO,02,AMBO,01,AMBO,14937,03,03,1,2,100273003,2.710657,1,,1,1,1,1,MAIZ MORADO,2110,1,0,050,0,1,0,0,0,0,0, 
2024,10,HUANUCO,02,AMBO,01,AMBO,14937,03,03,1,2,100273003,2.710657,1,,1,1,1,2,ALFALFA,1401,3,0,200,0,1,0,0,0,0,0, 
2024,10,HUANUCO,02,AMBO,01,AMBO,14939,07,07,1,2,100232003,14.73312,1,,1,1,4,1,TRIGO,2113,1,0,100,0,0,0,0,0,0,1, 
2024,10,HUANUCO,02,AMBO,01,AMBO,14942,02,02,1,2,100253004,1.459326,1,,1,1,2,1,PAPA HUAYRO,2614,1,0,500,0,0,0,1,0,0,0, 
2024,10,HUANUCO,02,AMBO,01,AMBO,14943,01,01,1,2,100273002,9.329184,1,,1,1,1,1,ZAPALLO,2345,1,0,371,0,0,1,0,0,0,0, 
2024,10,HUANUCO,02,AMBO,01,AMBO,14943,04,04,1,2,100273002,.7332639,1,,1,1,1,1,MAIZ AMARILLO DURO,2107,1,0,071,0,0,1,0,0,0,0, 
2024,10,HUANUCO,02,AMBO,01,AMBO,14943,07,07,1,2,100273002,13.2311,1,,1,1,1,1,PALTO,1162,2,0,124,0,0,1,0,0,0,0, 
2024,10,HUANUCO,02,AMBO,01,AMBO,14943,07,07,1,2,100273002,13.2311,1,,1,1,1,2,MELOCOTONERO,1152,2,0,119,0,0,1,0,0,0,0, 
2024,10,HUANUCO,02,AMBO,01,AMBO,14951,01,01,1,2,100242002,93.56039,1,,1,1,9,1,MAIZ AMILACEO,2108,1,0,500,0,0,1,0,0,0,0, 
2024,10,HUANUCO,02,AMBO,01,AMBO,14953,02,02,1,2,100231003,156.5741,1,,1,1,2,1,VAINITA,2948,1,0,150,0,0,1,0,0,0,0, 
2024,10,HUANUCO,02,AMBO,01,AMBO,14953,02,02,1,2,100231003,156.5741,1,,1,1,2,2,ARVEJA,2901,1,0,150,0,0,1,0,0,0,0, 
2024,10,HUANUCO,02,AMBO,01,AMBO,14954,03,03,1,2,100233003,36.75344,1,,1,1,4,1,MELOCOTONERO,1152,2,0,002,0,0,1,0,0,0,0, 
2024,10,HUANUCO,02,AMBO,07,SAN RAFAEL,14957,02,02,1,2,100251003,1.400068,1,,1,1,4,1,PAPA HUAYRO,2614,1,0,250,0,0,0,1,0,0,0, 
2024,10,HUANUCO,02,AMBO,07,SAN RAFAEL,14957,06,06,1,2,100251003,40.52778,1,,1,1,2,1,PAPA NATIVA,2615,1,0,250,0,0,0,1,0,0,0, 
2024,10,HUANUCO,02,AMBO,07,SAN RAFAEL,14957,06,06,1,2,100251003,40.52778,1,,1,1,7,1,PAPA HUAYRO,2614,1,0,250,0,0,0,1,1,0,0, 
2024,10,HUANUCO,02,AMBO,01,AMBO,14958,04,04,1,2,100241005,.5512956,1,,1,1,2,1,PAPA AMARILLA,2611,1,0,250,0,0,1,0,0,0,0, 
2024,10,HUANUCO,02,AMBO,01,AMBO,14958,10,10,1,2,100241005,1.458672,1,,1,1,1,1,PAPA AMARILLA,2611,1,0,125,0,0,1,0,0,0,0, 
2024,10,HUANUCO,01,HUANUCO,13,SAN PABLO DE PILLAO,14961,01,01,1,3,100172004,76.6451,1,,1,1,1,1,CACAO,1202,3,0,500,0,0,1,0,0,1,0, 
2024,10,HUANUCO,01,HUANUCO,13,SAN PABLO DE PILLAO,14961,02,02,1,3,100172004,82.40729,1,,1,1,1,1,CAFE PERGAMINO,1203,2,1,000,0,0,1,0,0,0,0, 
2024,10,HUANUCO,01,HUANUCO,13,SAN PABLO DE PILLAO,14962,04,04,1,3,100183004,2.63132,1,,1,1,1,1,MAIZ AMARILLO DURO,2107,1,0,250,0,0,1,0,0,0,0, 
2024,10,HUANUCO,01,HUANUCO,13,SAN PABLO DE PILLAO,14964,03,03,1,3,100182004,1.340001,1,,1,1,1,1,CACAO,1202,3,0,300,1,0,0,0,0,0,0, 
2024,10,HUANUCO,01,HUANUCO,13,SAN PABLO DE PILLAO,14964,03,03,1,3,100182004,1.340001,1,,1,1,1,2,FRIJOL CHAUCHA,2912,1,1,000,1,0,0,0,0,0,0, 
2024,10,HUANUCO,01,HUANUCO,13,SAN PABLO DE PILLAO,14964,03,03,1,3,100182004,1.340001,1,,1,1,1,3,PLATANO,1171,3,0,250,1,0,0,0,0,0,0, 
2024,10,HUANUCO,01,HUANUCO,13,SAN PABLO DE PILLAO,14964,03,03,1,3,100182004,1.340001,1,,1,1,1,4,MAIZ AMARILLO DURO,2107,1,0,250,1,0,0,0,0,0,0, 
2024,10,HUANUCO,01,HUANUCO,13,SAN PABLO DE PILLAO,14964,03,03,1,3,100182004,1.340001,1,,1,1,1,5,MANDARINA,1146,2,0,100,1,0,0,0,0,0,0, 
2024,10,HUANUCO,01,HUANUCO,13,SAN PABLO DE PILLAO,14964,03,03,1,3,100182004,1.340001,1,,1,1,1,6,MANGO,1147,2,0,050,1,0,0,0,0,0,0, 
2024,10,HUANUCO,01,HUANUCO,13,SAN PABLO DE PILLAO,14964,03,03,1,3,100182004,1.340001,1,,1,1,1,7,PALTO,1162,2,0,050,1,0,0,0,0,0,0, 
2024,10,HUANUCO,01,HUANUCO,13,SAN PABLO DE PILLAO,14965,02,02,1,2,100131003,268.1141,1,,1,0,2,1,MAIZ AMILACEO,2108,1,0,125,0,0,1,0,0,0,0, 
2024,10,HUANUCO,01,HUANUCO,13,SAN PABLO DE PILLAO,14965,03,03,1,2,100131003,63.9966,1,,1,1,1,1,ROCOTO,2338,1,1,000,0,0,1,0,0,0,0, 
2024,10,HUANUCO,01,HUANUCO,13,SAN PABLO DE PILLAO,14966,02,02,1,2,100131003,113.6396,1,,1,1,2,1,ZANAHORIA,2344,1,0,250,0,0,1,0,0,0,0, 
2024,10,HUANUCO,01,HUANUCO,13,SAN PABLO DE PILLAO,14966,02,02,1,2,100131003,113.6396,1,,1,1,3,1,OLLUCO,2609,1,0,250,0,0,1,0,0,0,0, 
2024,10,HUANUCO,01,HUANUCO,13,SAN PABLO DE PILLAO,14966,03,03,1,2,100131003,30.79158,1,,1,1,3,1,ZANAHORIA,2344,1,0,500,0,0,1,0,0,0,0, 
2024,10,HUANUCO,01,HUANUCO,13,SAN PABLO DE PILLAO,14966,04,04,1,2,100131003,110.3674,1,,1,0,4,1,HABA,2942,1,0,250,0,0,1,0,0,0,0, 
2024,10,HUANUCO,01,HUANUCO,13,SAN PABLO DE PILLAO,14966,04,04,1,2,100131003,110.3674,1,,1,0,3,1,HABA,2942,1,0,875,0,0,1,0,0,0,0, 
2024,10,HUANUCO,01,HUANUCO,09,SANTA MARIA DEL VALLE,14976,01,01,1,2,100131002,102.3895,1,,1,1,1,1,OLLUCO,2609,1,0,500,0,0,1,1,0,1,0, 
2024,10,HUANUCO,01,HUANUCO,09,SANTA MARIA DEL VALLE,14978,04,04,1,2,100131003,31.03067,1,,1,1,1,1,ARVEJA,2901,1,0,250,0,0,1,0,0,0,0, 
2024,10,HUANUCO,01,HUANUCO,09,SANTA MARIA DEL VALLE,14983,02,02,1,2,100133005,.0400241,1,,1,1,2,1,PAPA AMARILLA,2611,1,1,000,0,0,1,0,0,0,0, 
2024,10,HUANUCO,01,HUANUCO,09,SANTA MARIA DEL VALLE,14985,01,01,1,2,100174003,39.02429,1,,1,0,2,1,PEREJIL,2334,1,0,025,0,0,1,0,0,0,0, 
2024,10,HUANUCO,01,HUANUCO,09,SANTA MARIA DEL VALLE,14985,01,01,1,2,100174003,39.02429,1,,1,0,1,1,MAIZ CHALA,2706,1,0,100,0,0,0,0,0,1,0, 
2024,10,HUANUCO,01,HUANUCO,08,SAN PEDRO DE CHAULAN,14994,02,02,1,2,100143005,7.416593,1,,1,1,6,1,PAPA BLANCA,2612,1,0,250,0,0,1,1,0,0,0, 
2024,10,HUANUCO,01,HUANUCO,08,SAN PEDRO DE CHAULAN,14994,02,02,1,2,100143005,7.416593,1,,1,1,7,1,PAPA BLANCA,2612,1,0,200,0,0,0,1,1,0,0, 
2024,10,HUANUCO,01,HUANUCO,08,SAN PEDRO DE CHAULAN,14994,03,03,1,2,100143005,.2948062,1,,1,1,3,1,PAPA BLANCA,2612,1,0,050,0,0,1,0,1,0,0, 
2024,10,HUANUCO,01,HUANUCO,08,SAN PEDRO DE CHAULAN,14994,07,07,1,2,100143005,1.422032,1,,1,1,1,1,PAPA BLANCA,2612,1,0,100,0,0,1,0,0,0,0, 
2024,10,HUANUCO,01,HUANUCO,08,SAN PEDRO DE CHAULAN,14994,10,10,1,2,100143005,4.288199,1,,1,1,4,1,PAPA AMARILLA,2611,1,0,200,0,0,1,0,0,0,0, 
2024,10,HUANUCO,01,HUANUCO,08,SAN PEDRO DE CHAULAN,14994,10,10,1,2,100143005,4.288199,1,,1,1,2,1,PAPA BLANCA,2612,1,0,250,0,0,1,0,0,0,0, 
2024,10,HUANUCO,01,HUANUCO,07,SAN FRANCISCO DE CAYRAN,14995,04,04,1,2,100131003,66.02557,1,,1,0,2,1,MELOCOTONERO,1152,2,0,250,0,0,1,0,0,0,0, 
2024,10,HUANUCO,01,HUANUCO,07,SAN FRANCISCO DE CAYRAN,14998,03,03,1,2,100171004,2.655512,1,,1,1,1,1,FRIJOL CANARIO,2910,1,0,300,0,0,1,0,0,0,0, 
2024,10,HUANUCO,01,HUANUCO,07,SAN FRANCISCO DE CAYRAN,14998,04,04,1,2,100171004,2.95113,1,,1,0,1,1,TARA,1225,2,0,100,0,0,0,0,0,0,1, 
2024,10,HUANUCO,01,HUANUCO,07,SAN FRANCISCO DE CAYRAN,14998,09,09,1,2,100171004,.7592376,1,,1,0,1,1,CHIRIMOYO,1121,2,0,002,0,0,1,0,0,0,0, 
2024,10,HUANUCO,01,HUANUCO,06,QUISQUI,15000,04,04,1,2,100171003,105.0274,1,,1,1,2,1,CHIRIMOYO,1121,2,0,001,0,0,1,0,0,0,0, 
2024,10,HUANUCO,01,HUANUCO,06,QUISQUI,15000,04,04,1,2,100171003,105.0274,1,,1,1,2,2,NISPERO,1157,2,0,001,0,0,1,0,0,0,0, 
2024,10,HUANUCO,01,HUANUCO,06,QUISQUI,15001,02,02,1,2,100171003,336.8905,1,,1,1,1,1,NISPERO,1157,2,0,044,0,0,1,0,0,0,0, 
2024,10,HUANUCO,01,HUANUCO,06,QUISQUI,15002,02,02,1,2,100131004,6.41487,1,,1,1,2,1,PAPA BLANCA,2612,1,0,500,0,0,0,0,1,0,0, 
2024,10,HUANUCO,01,HUANUCO,06,QUISQUI,15002,04,04,1,2,100131004,49.79202,1,,1,1,2,1,MAIZ AMILACEO,2108,1,0,500,0,0,0,0,1,0,0, 
2024,10,HUANUCO,01,HUANUCO,05,MARGOS,15009,04,04,1,2,100132003,267.8623,1,,1,1,1,1,MAIZ AMILACEO,2108,1,0,226,0,0,0,1,0,0,0, 
2024,10,HUANUCO,01,HUANUCO,05,MARGOS,15010,02,02,1,2,100141003,40.66645,1,,1,1,3,1,PAPA AMARILLA,2611,1,4,000,0,0,0,1,0,0,0, 
2024,10,HUANUCO,01,HUANUCO,05,MARGOS,15010,03,03,1,2,100141003,16.07063,1,,1,1,7,1,OCA,2608,1,0,100,0,0,0,0,1,0,0, 
2024,10,HUANUCO,01,HUANUCO,04,CHURUBAMBA,15012,01,01,1,2,100132004,108.1515,1,,1,1,2,1,PAPA NATIVA,2615,1,0,250,0,0,0,1,0,0,0, 
2024,10,HUANUCO,01,HUANUCO,04,CHURUBAMBA,15012,01,01,1,2,100132004,108.1515,1,,1,1,1,1,OLLUCO,2609,1,0,100,0,0,0,1,1,0,0, 
2024,10,HUANUCO,01,HUANUCO,04,CHURUBAMBA,15012,01,01,1,2,100132004,108.1515,1,,1,1,1,2,PAPA NATIVA,2615,1,0,250,0,0,0,1,1,0,0, 
2024,10,HUANUCO,01,HUANUCO,04,CHURUBAMBA,15012,02,02,1,2,100132004,61.52206,1,,1,1,4,1,HABA,2942,1,0,250,0,0,1,0,0,0,0, 
2024,10,HUANUCO,01,HUANUCO,04,CHURUBAMBA,15012,02,02,1,2,100132004,61.52206,1,,1,1,2,1,PAPA BLANCA,2612,1,0,521,0,0,1,0,0,0,0, 
2024,10,HUANUCO,01,HUANUCO,04,CHURUBAMBA,15012,02,02,1,2,100132004,61.52206,1,,1,1,4,2,PAPA BLANCA,2612,1,0,250,0,0,1,0,0,0,0, 
2024,10,HUANUCO,01,HUANUCO,04,CHURUBAMBA,15012,04,04,1,2,100132004,17.11842,1,,1,1,1,1,PAPA BLANCA,2612,1,0,400,0,0,0,1,0,0,0, 
2024,10,HUANUCO,01,HUANUCO,04,CHURUBAMBA,15012,05,05,1,2,100132004,3.430397,1,,1,1,4,1,PAPA NATIVA,2615,1,0,750,0,0,0,1,0,0,0, 
2024,10,HUANUCO,01,HUANUCO,04,CHURUBAMBA,15017,01,01,1,2,100132003,596.3504,1,,1,1,1,1,PAPA BLANCA,2612,1,0,200,0,0,1,0,0,0,0, 
2024,10,HUANUCO,01,HUANUCO,04,CHURUBAMBA,15017,01,01,1,2,100132003,596.3504,1,,1,1,2,1,OLLUCO,2609,1,0,329,0,0,1,0,0,0,0, 
2024,10,HUANUCO,01,HUANUCO,04,CHURUBAMBA,15017,02,02,1,2,100132003,303.5456,1,,1,1,4,1,PAPA BLANCA,2612,1,0,150,0,0,1,0,0,0,0, 
2024,10,HUANUCO,01,HUANUCO,04,CHURUBAMBA,15017,03,03,1,2,100132003,381.0474,1,,1,1,4,1,MAIZ AMILACEO,2108,1,0,050,0,0,1,0,0,0,0, 
2024,10,HUANUCO,01,HUANUCO,04,CHURUBAMBA,15018,01,01,1,2,100131003,97.81757,1,,1,1,1,1,PAPA BLANCA,2612,1,0,250,0,0,0,0,0,0,1, 
2024,10,HUANUCO,01,HUANUCO,04,CHURUBAMBA,15020,05,05,1,2,100131003,8.715803,1,,1,1,4,1,ARVEJA,2901,1,1,000,0,0,1,0,0,0,0, 
2024,10,HUANUCO,01,HUANUCO,04,CHURUBAMBA,15020,06,06,1,2,100131003,.2522379,1,,1,1,1,1,MAIZ AMILACEO,2108,1,0,351,0,0,0,0,0,1,0, 
2024,10,HUANUCO,01,HUANUCO,04,CHURUBAMBA,15022,01,01,1,2,100142004,13.61435,1,,1,1,3,1,PAPA BLANCA,2612,1,0,250,0,0,0,1,0,0,0, 
2024,10,HUANUCO,01,HUANUCO,04,CHURUBAMBA,15022,01,01,1,2,100142004,13.61435,1,,1,1,3,2,PAPA HUAYRO,2614,1,0,250,0,0,0,1,0,0,0, 
2024,10,HUANUCO,01,HUANUCO,04,CHURUBAMBA,15022,02,02,1,2,100142004,56.6489,1,,1,1,1,1,PAPA BLANCA,2612,1,0,500,0,0,0,1,0,0,0, 
2024,10,HUANUCO,01,HUANUCO,04,CHURUBAMBA,15022,02,02,1,2,100142004,56.6489,1,,1,1,4,1,OLLUCO,2609,1,0,250,0,0,0,1,0,0,0, 
2024,10,HUANUCO,01,HUANUCO,04,CHURUBAMBA,15022,02,02,1,2,100142004,56.6489,1,,1,1,2,1,PAPA NATIVA,2615,1,0,066,0,0,1,0,0,0,0, 
2024,10,HUANUCO,01,HUANUCO,04,CHURUBAMBA,15022,02,02,1,2,100142004,56.6489,1,,1,1,4,2,PAPA NATIVA,2615,1,0,500,0,0,0,1,0,0,0, 
2024,10,HUANUCO,01,HUANUCO,04,CHURUBAMBA,15022,03,03,1,2,100142004,22.81865,1,,1,1,2,1,PAPA AMARILLA,2611,1,0,750,0,0,1,1,0,0,0, 
2024,10,HUANUCO,01,HUANUCO,04,CHURUBAMBA,15022,03,03,1,2,100142004,22.81865,1,,1,1,1,1,OLLUCO,2609,1,0,408,0,0,1,0,1,0,0, 
2024,10,HUANUCO,01,HUANUCO,04,CHURUBAMBA,15022,03,03,1,2,100142004,22.81865,1,,1,1,1,2,PAPA BLANCA,2612,1,0,450,0,0,0,1,0,0,0, 
2024,10,HUANUCO,01,HUANUCO,04,CHURUBAMBA,15022,04,04,1,2,100142004,2.909368,1,,1,1,1,1,PAPA BLANCA,2612,1,0,172,0,0,0,1,0,0,0, 
2024,10,HUANUCO,01,HUANUCO,04,CHURUBAMBA,15022,04,04,1,2,100142004,2.909368,1,,1,1,7,1,PAPA NATIVA,2615,1,0,250,0,0,0,1,0,0,0, 
2024,10,HUANUCO,01,HUANUCO,04,CHURUBAMBA,15022,04,04,1,2,100142004,2.909368,1,,1,1,2,1,PAPA NATIVA,2615,1,0,250,0,0,1,0,0,0,0, 
2024,10,HUANUCO,01,HUANUCO,04,CHURUBAMBA,15022,04,04,1,2,100142004,2.909368,1,,1,1,1,2,ARVEJA,2901,1,0,096,0,0,0,1,0,0,0, 
2024,10,HUANUCO,01,HUANUCO,04,CHURUBAMBA,15022,04,04,1,2,100142004,2.909368,1,,1,1,2,2,PAPA AMARILLA,2611,1,0,250,0,0,1,0,0,0,0, 
2024,10,HUANUCO,01,HUANUCO,04,CHURUBAMBA,15022,05,05,1,2,100142004,16.66846,1,,1,1,1,1,OLLUCO,2609,1,0,211,0,0,0,0,1,0,0, 
2024,10,HUANUCO,01,HUANUCO,04,CHURUBAMBA,15022,05,05,1,2,100142004,16.66846,1,,1,1,2,1,PAPA BLANCA,2612,1,1,127,0,0,0,0,1,0,0, 
2024,10,HUANUCO,01,HUANUCO,04,CHURUBAMBA,15022,07,07,1,2,100142004,10.24134,1,,1,1,1,1,OLLUCO,2609,1,0,100,0,0,1,0,1,0,0, 
2024,10,HUANUCO,01,HUANUCO,04,CHURUBAMBA,15022,07,07,1,2,100142004,10.24134,1,,1,1,1,2,PAPA NATIVA,2615,1,0,250,0,0,1,0,1,0,0, 
2024,10,HUANUCO,01,HUANUCO,04,CHURUBAMBA,15022,08,08,1,2,100142004,29.23065,1,,1,1,1,1,PAPA BLANCA,2612,1,0,213,0,0,1,1,0,0,0, 
2024,10,HUANUCO,01,HUANUCO,04,CHURUBAMBA,15022,09,09,1,2,100142004,.2959639,1,,1,1,1,1,PAPA NATIVA,2615,1,0,300,0,0,1,1,0,0,0, 
2024,10,HUANUCO,01,HUANUCO,04,CHURUBAMBA,15022,09,09,1,2,100142004,.2959639,1,,1,1,1,2,OLLUCO,2609,1,0,200,0,0,1,1,0,0,0, 
2024,10,HUANUCO,01,HUANUCO,04,CHURUBAMBA,15022,09,09,1,2,100142004,.2959639,1,,1,1,1,3,PAPA BLANCA,2612,1,0,168,0,0,1,1,0,0,0, 
2024,10,HUANUCO,01,HUANUCO,04,CHURUBAMBA,15022,10,10,1,2,100142004,31.72151,1,,1,1,1,1,PAPA AMARILLA,2611,1,2,000,0,0,1,0,0,0,0, 
2024,10,HUANUCO,01,HUANUCO,04,CHURUBAMBA,15023,03,03,1,2,100131003,3.41492,1,,1,1,3,1,TARHUI,2947,1,0,250,0,0,0,0,0,1,0, 
2024,10,HUANUCO,01,HUANUCO,04,CHURUBAMBA,15023,05,05,1,2,100131003,70.19942,1,,1,1,1,1,MAIZ CHOCLO,2109,1,0,187,0,0,0,0,0,1,0, 
2024,10,HUANUCO,01,HUANUCO,04,CHURUBAMBA,15023,05,05,1,2,100131003,70.19942,1,,1,1,1,2,FRIJOL LANTREJA,2921,1,0,187,0,0,0,0,0,1,0, 
2024,10,HUANUCO,01,HUANUCO,02,AMARILIS,15034,03,03,1,2,100131003,45.62194,1,,1,1,1,1,PAPA AMARILLA,2611,1,0,310,0,0,1,0,0,1,0, 
2024,10,HUANUCO,01,HUANUCO,02,AMARILIS,15034,04,04,1,2,100131003,10.43616,1,,1,1,1,1,AGUAYMANTO,1103,2,0,130,0,0,0,1,0,0,0, 
2024,10,HUANUCO,01,HUANUCO,01,HUANUCO,15035,02,02,1,2,100131003,90.90092,1,,1,1,1,1,FLORES DE CORTE,4200,1,0,125,0,0,1,0,0,0,0, 
2024,10,HUANUCO,01,HUANUCO,01,HUANUCO,15036,01,01,1,2,100171002,29.9032,1,,1,1,1,1,TUNA FRUTA,1186,2,0,200,0,0,0,0,0,1,0, 
2024,10,HUANUCO,01,HUANUCO,01,HUANUCO,15036,02,02,1,2,100171002,44.26242,1,,1,1,1,1,TUNA FRUTA,1186,2,0,500,0,0,0,0,0,1,0, 
2024,10,HUANUCO,01,HUANUCO,01,HUANUCO,15037,03,03,1,3,100171003,17.63314,1,,1,1,2,1,PIMIENTO,2335,1,0,200,0,0,1,0,0,1,0, 
2024,09,HUANCAVELICA,07,TAYACAJA,20,ANDAYMARCA,15042,02,02,1,2,090773002,33.89105,1,,1,1,1,1,TUNA FRUTA,1186,2,0,817,0,0,0,0,0,1,0, 
2024,09,HUANCAVELICA,07,TAYACAJA,17,SURCUBAMBA,15048,02,02,1,2,090734002,820.6996,1,,1,1,2,1,FRIJOL CABALLERO,2908,1,0,100,0,0,1,0,0,0,0, 
2024,09,HUANCAVELICA,07,TAYACAJA,14,SALCABAMBA,15053,03,03,1,2,090732002,11.36735,1,,1,1,2,1,MAIZ AMILACEO,2108,1,0,900,0,0,0,0,0,0,1, 
2024,09,HUANCAVELICA,07,TAYACAJA,11,PAZOS,15059,04,04,1,2,090742002,180.3987,1,,1,1,8,1,OLLUCO,2609,1,0,200,0,0,1,1,0,0,0, 
2024,09,HUANCAVELICA,07,TAYACAJA,07,HUACHOCOLPA,15066,04,04,1,2,090731002,40.82763,1,,1,1,4,1,PAPA BLANCA,2612,1,0,375,0,0,1,1,0,1,0, 
2024,09,HUANCAVELICA,07,TAYACAJA,07,HUACHOCOLPA,15069,02,02,1,2,090731002,4.014743,1,,1,1,1,1,HABA,2942,1,0,040,0,0,1,0,0,0,0, 
2024,09,HUANCAVELICA,07,TAYACAJA,06,DANIEL HERNANDEZ,15070,07,07,1,2,090752003,.6476817,1,,1,1,6,1,ARVEJA,2901,1,0,250,0,0,0,0,0,1,0, 
2024,09,HUANCAVELICA,07,TAYACAJA,05,COLCABAMBA,15073,10,10,1,2,090741003,17.90503,1,,1,1,1,1,ARVEJA,2901,1,0,120,0,0,0,0,0,1,0, 
2024,09,HUANCAVELICA,07,TAYACAJA,05,COLCABAMBA,15081,01,01,1,2,090731002,97.67167,1,,1,1,1,1,MAIZ AMILACEO,2108,1,0,100,0,0,1,0,0,0,0, 
2024,09,HUANCAVELICA,07,TAYACAJA,02,ACOSTAMBO,15092,07,07,1,2,090742002,52.00152,1,,1,1,5,1,ARVEJA,2901,1,0,750,0,0,1,0,0,0,0, 
2024,09,HUANCAVELICA,07,TAYACAJA,02,ACOSTAMBO,15093,01,01,1,2,090732002,214.8874,1,,1,1,3,1,ARVEJA,2901,1,0,150,0,0,0,1,0,0,0, 
2024,09,HUANCAVELICA,07,TAYACAJA,02,ACOSTAMBO,15094,01,01,1,2,090732002,36.45679,1,,1,1,4,1,TRIGO,2113,1,0,050,0,0,0,1,0,1,0, 
2024,09,HUANCAVELICA,07,TAYACAJA,02,ACOSTAMBO,15094,01,01,1,2,090732002,36.45679,1,,1,1,2,1,OLLUCO,2609,1,0,050,0,0,0,1,0,1,0, 
2024,09,HUANCAVELICA,07,TAYACAJA,02,ACOSTAMBO,15095,02,02,1,2,090743002,25.23386,1,,1,1,1,1,HABA,2942,1,0,100,0,0,0,1,1,1,0, 
2024,09,HUANCAVELICA,07,TAYACAJA,02,ACOSTAMBO,15096,01,01,1,2,090732002,24.12307,1,,1,1,1,1,ARVEJA,2901,1,0,020,0,0,0,1,0,1,0, 
2024,09,HUANCAVELICA,07,TAYACAJA,02,ACOSTAMBO,15096,02,02,1,2,090732002,58.35991,1,,1,1,1,1,HABA,2942,1,0,004,0,0,0,1,0,1,0, 
2024,09,HUANCAVELICA,07,TAYACAJA,02,ACOSTAMBO,15096,02,02,1,2,090732002,58.35991,1,,1,1,2,1,AVENA GRANO,2102,1,0,035,0,0,0,1,0,1,0, 
2024,09,HUANCAVELICA,07,TAYACAJA,02,ACOSTAMBO,15096,02,02,1,2,090732002,58.35991,1,,1,1,2,2,MAIZ AMILACEO,2108,1,0,040,0,0,0,1,0,1,0, 
2024,09,HUANCAVELICA,07,TAYACAJA,02,ACOSTAMBO,15096,02,02,1,2,090732002,58.35991,1,,1,1,1,2,MAIZ AMILACEO,2108,1,0,010,0,0,0,1,0,1,0, 
2024,09,HUANCAVELICA,07,TAYACAJA,02,ACOSTAMBO,15096,07,07,1,2,090732002,1.089658,1,,1,1,1,1,MAIZ AMILACEO,2108,1,0,050,0,0,1,1,0,1,0, 
2024,09,HUANCAVELICA,07,TAYACAJA,02,ACOSTAMBO,15096,07,07,1,2,090732002,1.089658,1,,1,1,1,2,HABA,2942,1,0,030,0,0,1,1,0,1,0, 
2024,09,HUANCAVELICA,07,TAYACAJA,01,PAMPAS,15098,04,04,1,2,090742003,1085.936,1,,1,1,6,1,CEBADA GRANO,2104,1,0,250,0,0,1,0,0,1,0, 
2024,09,HUANCAVELICA,06,HUAYTARA,13,SANTIAGO DE CHOCORVOS,15106,01,01,1,2,090641002,370.5974,1,,1,1,1,1,CEBADA GRANO,2104,1,0,300,0,0,1,1,0,0,0, 
2024,09,HUANCAVELICA,06,HUAYTARA,13,SANTIAGO DE CHOCORVOS,15108,01,01,1,2,090632002,45.1574,1,,1,1,6,1,TRIGO,2113,1,0,500,0,0,1,0,0,0,0, 
2024,09,HUANCAVELICA,06,HUAYTARA,11,SAN FRANCISCO DE SANGAYAICO,15115,01,01,1,2,090641002,34.49354,1,,1,1,10,1,HABA,2942,1,0,040,0,0,1,1,0,0,0, 
2024,09,HUANCAVELICA,06,HUAYTARA,11,SAN FRANCISCO DE SANGAYAICO,15115,01,01,1,2,090641002,34.49354,1,,1,1,5,1,PAPA BLANCA,2612,1,0,015,0,0,1,1,0,0,0, 
2024,09,HUANCAVELICA,06,HUAYTARA,11,SAN FRANCISCO DE SANGAYAICO,15115,01,01,1,2,090641002,34.49354,1,,1,1,10,2,MAIZ AMILACEO,2108,1,0,035,0,0,1,1,0,0,0, 
2024,09,HUANCAVELICA,06,HUAYTARA,09,QUITO-ARMA,15120,04,04,1,2,090631002,86.57209,1,,1,1,3,1,PAPA BLANCA,2612,1,0,100,0,0,1,0,1,0,0, 
2024,09,HUANCAVELICA,06,HUAYTARA,09,QUITO-ARMA,15120,04,04,1,2,090631002,86.57209,1,,1,1,2,1,PAPA BLANCA,2612,1,0,300,0,0,1,0,1,0,0, 
2024,09,HUANCAVELICA,06,HUAYTARA,09,QUITO-ARMA,15121,01,01,1,2,090632002,10.5056,1,,1,1,9,1,PAPA BLANCA,2612,1,0,100,0,0,1,0,0,0,0, 
2024,09,HUANCAVELICA,06,HUAYTARA,08,QUERCO,15125,01,01,1,2,090644004,19.82531,1,,1,1,2,1,PAPA HUAYRO,2614,1,0,010,0,0,1,0,0,0,0, 
2024,09,HUANCAVELICA,06,HUAYTARA,03,CORDOVA,15138,01,01,1,2,090631002,83.21275,1,,1,1,1,1,PAPA NATIVA,2615,1,0,110,0,0,1,0,0,0,0, 
2024,09,HUANCAVELICA,06,HUAYTARA,03,CORDOVA,15138,01,01,1,2,090631002,83.21275,1,,1,1,1,2,HABA,2942,1,0,197,0,0,1,0,0,0,0, 
2024,09,HUANCAVELICA,06,HUAYTARA,03,CORDOVA,15138,02,02,1,2,090631002,11.19156,1,,1,1,1,1,PAPA NATIVA,2615,1,0,500,0,0,1,1,0,0,0, 
2024,09,HUANCAVELICA,05,CHURCAMPA,11,COSME,15144,02,02,1,2,090544002,30.20812,1,,1,1,10,1,MAIZ AMILACEO,2108,1,0,100,0,0,0,1,0,0,1, 
2024,09,HUANCAVELICA,05,CHURCAMPA,11,COSME,15144,02,02,1,2,090544002,30.20812,1,,1,1,8,1,MAIZ AMILACEO,2108,1,0,100,0,0,0,0,1,0,1, 
2024,09,HUANCAVELICA,05,CHURCAMPA,11,COSME,15144,02,02,1,2,090544002,30.20812,1,,1,1,6,1,HABA,2942,1,0,125,0,0,1,1,0,0,0, 
2024,09,HUANCAVELICA,05,CHURCAMPA,11,COSME,15144,02,02,1,2,090544002,30.20812,1,,1,1,7,1,PAPA AMARILLA,2611,1,0,140,0,0,1,0,1,0,0, 
2024,09,HUANCAVELICA,05,CHURCAMPA,11,COSME,15144,02,02,1,2,090544002,30.20812,1,,1,1,3,1,MASHUA,2606,1,0,150,0,0,1,0,0,0,0, 
2024,09,HUANCAVELICA,05,CHURCAMPA,11,COSME,15145,02,02,1,2,090533002,.1469547,1,,1,1,4,1,PAPA BLANCA,2612,1,2500,000,0,0,1,0,0,0,0, 
2024,09,HUANCAVELICA,05,CHURCAMPA,10,PACHAMARCA,15146,01,01,1,2,090531003,5.276412,1,,1,1,4,1,MAIZ AMILACEO,2108,1,0,120,0,0,1,0,0,1,0, 
2024,09,HUANCAVELICA,05,CHURCAMPA,10,PACHAMARCA,15146,06,06,1,2,090531003,15.46546,1,,1,1,5,1,PAPA BLANCA,2612,1,0,120,0,0,1,0,0,1,0, 
2024,09,HUANCAVELICA,05,CHURCAMPA,10,PACHAMARCA,15146,08,08,1,2,090531003,.2660249,1,,1,1,2,1,PAPA BLANCA,2612,1,0,120,0,0,0,0,1,0,0, 
2024,09,HUANCAVELICA,05,CHURCAMPA,10,PACHAMARCA,15147,01,01,1,2,090541003,15.46567,1,,1,1,6,1,ARVEJA,2901,1,0,050,0,0,1,1,0,0,0, 
2024,09,HUANCAVELICA,05,CHURCAMPA,10,PACHAMARCA,15148,01,01,1,2,090532002,20.77256,1,,1,1,4,1,MAIZ AMILACEO,2108,1,0,300,0,0,1,0,0,0,0, 
2024,09,HUANCAVELICA,05,CHURCAMPA,10,PACHAMARCA,15148,01,01,1,2,090532002,20.77256,1,,1,1,9,1,PALTO,1162,2,0,060,1,0,0,0,0,0,0, 
2024,09,HUANCAVELICA,05,CHURCAMPA,10,PACHAMARCA,15148,01,01,1,2,090532002,20.77256,1,,1,1,9,2,PAPAYA,1163,2,0,030,1,0,0,0,0,0,0, 
2024,09,HUANCAVELICA,05,CHURCAMPA,10,PACHAMARCA,15148,01,01,1,2,090532002,20.77256,1,,1,1,4,2,FRIJOL PANAMITO,2929,1,0,200,0,0,1,0,0,0,0, 
2024,09,HUANCAVELICA,05,CHURCAMPA,10,PACHAMARCA,15148,01,01,1,2,090532002,20.77256,1,,1,1,9,3,CAÑA DE AZUCAR PARA FRUTA,2811,1,0,010,1,0,0,0,0,0,0, 
2024,09,HUANCAVELICA,05,CHURCAMPA,10,PACHAMARCA,15149,01,01,1,2,090534002,257.9477,1,,1,1,5,1,MAIZ AMILACEO,2108,1,0,060,0,0,0,1,1,0,0, 
2024,09,HUANCAVELICA,05,CHURCAMPA,10,PACHAMARCA,15149,02,02,1,2,090534002,2.546715,1,,1,1,6,1,PAPA NATIVA,2615,1,0,150,0,0,1,0,0,0,0, 
2024,09,HUANCAVELICA,05,CHURCAMPA,10,PACHAMARCA,15149,02,02,1,2,090534002,2.546715,1,,1,1,2,1,PAPA BLANCA,2612,1,0,435,0,0,1,0,0,0,0, 
2024,09,HUANCAVELICA,05,CHURCAMPA,10,PACHAMARCA,15149,03,03,1,2,090534002,226.0197,1,,1,1,6,1,PAPA COLOR,2613,1,0,250,0,0,1,0,0,0,0, 
2024,09,HUANCAVELICA,05,CHURCAMPA,10,PACHAMARCA,15149,03,03,1,2,090534002,226.0197,1,,1,1,7,1,MAIZ AMILACEO,2108,1,0,250,0,0,0,1,1,0,0, 
2024,09,HUANCAVELICA,05,CHURCAMPA,10,PACHAMARCA,15150,01,01,1,2,090531003,76.99391,1,,1,1,1,1,MAIZ AMILACEO,2108,1,0,445,0,0,0,0,0,0,1, 
2024,09,HUANCAVELICA,05,CHURCAMPA,10,PACHAMARCA,15150,01,01,1,2,090531003,76.99391,1,,1,1,4,1,LINAZA,2819,1,0,100,0,0,1,0,0,0,0, 
2024,09,HUANCAVELICA,05,CHURCAMPA,10,PACHAMARCA,15150,02,02,1,2,090531003,11.62641,1,,1,1,5,1,MAIZ AMILACEO,2108,1,0,500,0,0,0,0,0,0,1, 
2024,09,HUANCAVELICA,05,CHURCAMPA,08,SAN MIGUEL DE MAYOCC,15155,03,03,1,2,090534004,82.52962,1,,1,0,1,1,ALFALFA,1401,3,0,069,0,0,0,0,0,0,1, 
2024,09,HUANCAVELICA,05,CHURCAMPA,08,SAN MIGUEL DE MAYOCC,15156,01,01,1,2,090572003,1.597619,1,,1,1,1,1,MAIZ AMILACEO,2108,1,0,020,0,0,0,1,0,1,0, 
2024,09,HUANCAVELICA,05,CHURCAMPA,08,SAN MIGUEL DE MAYOCC,15156,03,03,1,2,090572003,2.101052,1,,1,0,1,1,PACAE,1159,2,0,010,0,0,1,0,0,0,0, 
2024,09,HUANCAVELICA,05,CHURCAMPA,08,SAN MIGUEL DE MAYOCC,15156,06,06,1,2,090572003,2.528141,1,,1,0,1,1,PACAE,1159,2,0,100,0,0,1,0,0,0,0, 
2024,09,HUANCAVELICA,05,CHURCAMPA,08,SAN MIGUEL DE MAYOCC,15156,09,09,1,2,090572003,1.234284,1,,1,1,1,1,MAIZ AMILACEO,2108,1,0,015,0,0,0,0,0,1,0, 
2024,09,HUANCAVELICA,05,CHURCAMPA,08,SAN MIGUEL DE MAYOCC,15156,11,11,1,2,090572003,2.89892,1,,1,0,1,1,NARANJO,1156,2,0,015,0,0,0,0,0,1,1, 
2024,09,HUANCAVELICA,05,CHURCAMPA,08,SAN MIGUEL DE MAYOCC,15156,11,11,1,2,090572003,2.89892,1,,1,0,1,2,MANDARINA,1146,2,0,020,0,0,0,0,0,1,0, 
2024,09,HUANCAVELICA,05,CHURCAMPA,08,SAN MIGUEL DE MAYOCC,15156,11,11,1,2,090572003,2.89892,1,,1,0,1,3,LIMON ACIDO,1140,3,0,005,0,0,0,0,0,1,0, 
2024,09,HUANCAVELICA,05,CHURCAMPA,08,SAN MIGUEL DE MAYOCC,15156,11,11,1,2,090572003,2.89892,1,,1,0,1,4,PALTO,1162,2,0,088,0,0,0,0,0,1,0, 
2024,09,HUANCAVELICA,05,CHURCAMPA,07,PAUCARBAMBA,15159,03,03,1,2,090541002,.2995677,1,,1,1,2,1,MAIZ AMILACEO,2108,1,0,145,0,0,0,0,0,0,1, 
2024,09,HUANCAVELICA,05,CHURCAMPA,07,PAUCARBAMBA,15159,04,04,1,2,090541002,30.96755,1,,1,1,3,1,MAIZ AMILACEO,2108,1,0,200,0,0,0,0,0,0,1, 
2024,09,HUANCAVELICA,05,CHURCAMPA,07,PAUCARBAMBA,15159,04,04,1,2,090541002,30.96755,1,,1,1,5,1,MAIZ AMILACEO,2108,1,0,150,0,0,0,0,0,0,1, 
2024,09,HUANCAVELICA,05,CHURCAMPA,07,PAUCARBAMBA,15159,05,05,1,2,090541002,8.378787,1,,1,1,2,1,MAIZ AMILACEO,2108,1,0,195,0,0,0,0,0,0,1, 
2024,09,HUANCAVELICA,05,CHURCAMPA,07,PAUCARBAMBA,15159,05,05,1,2,090541002,8.378787,1,,1,1,4,1,MAIZ AMILACEO,2108,1,0,130,0,0,0,0,0,0,1, 
2024,09,HUANCAVELICA,05,CHURCAMPA,07,PAUCARBAMBA,15159,05,05,1,2,090541002,8.378787,1,,1,1,3,1,MAIZ AMILACEO,2108,1,0,120,0,0,0,0,0,0,1, 
2024,09,HUANCAVELICA,05,CHURCAMPA,07,PAUCARBAMBA,15160,09,09,1,2,090541003,.8181722,1,,1,1,4,1,HABA,2942,1,0,250,0,0,1,1,0,0,0, 
2024,09,HUANCAVELICA,05,CHURCAMPA,07,PAUCARBAMBA,15160,09,09,1,2,090541003,.8181722,1,,1,1,6,1,OLLUCO,2609,1,0,100,0,0,1,1,0,0,0, 
2024,09,HUANCAVELICA,05,CHURCAMPA,07,PAUCARBAMBA,15160,09,09,1,2,090541003,.8181722,1,,1,1,6,2,MASHUA,2606,1,0,100,0,0,1,1,0,0,0, 
2024,09,HUANCAVELICA,05,CHURCAMPA,07,PAUCARBAMBA,15163,04,04,1,2,090552003,.5185199,1,,1,1,7,1,PAPA BLANCA,2612,1,0,230,0,0,1,1,0,0,0, 
2024,09,HUANCAVELICA,05,CHURCAMPA,07,PAUCARBAMBA,15163,04,04,1,2,090552003,.5185199,1,,1,1,5,1,PAPA AMARILLA,2611,1,0,240,0,0,1,1,0,0,0, 
2024,09,HUANCAVELICA,05,CHURCAMPA,07,PAUCARBAMBA,15163,04,04,1,2,090552003,.5185199,1,,1,1,2,1,MAIZ AMILACEO,2108,1,0,695,0,0,0,0,0,0,1, 
2024,09,HUANCAVELICA,05,CHURCAMPA,07,PAUCARBAMBA,15163,04,04,1,2,090552003,.5185199,1,,1,1,4,1,PAPA AMARILLA,2611,1,0,330,0,0,1,1,0,0,0, 
2024,09,HUANCAVELICA,05,CHURCAMPA,07,PAUCARBAMBA,15163,05,05,1,2,090552003,2.636052,1,,1,1,2,1,MAIZ AMILACEO,2108,1,0,100,0,0,0,0,0,0,1, 
2024,09,HUANCAVELICA,05,CHURCAMPA,07,PAUCARBAMBA,15163,05,05,1,2,090552003,2.636052,1,,1,1,2,2,PAPA BLANCA,2612,1,0,040,0,0,1,1,0,0,0, 
2024,09,HUANCAVELICA,05,CHURCAMPA,07,PAUCARBAMBA,15163,06,06,1,2,090552003,1.961841,1,,1,1,4,1,MAIZ AMILACEO,2108,1,0,100,0,0,0,0,0,0,1, 
2024,09,HUANCAVELICA,05,CHURCAMPA,07,PAUCARBAMBA,15163,07,07,1,2,090552003,1.676337,1,,1,1,2,1,PAPA BLANCA,2612,1,0,200,0,0,1,1,0,0,0, 
2024,09,HUANCAVELICA,05,CHURCAMPA,07,PAUCARBAMBA,15163,07,07,1,2,090552003,1.676337,1,,1,1,4,1,HABA,2942,1,0,200,0,0,0,0,0,0,1, 
2024,09,HUANCAVELICA,05,CHURCAMPA,07,PAUCARBAMBA,15163,07,07,1,2,090552003,1.676337,1,,1,1,5,1,OCA,2608,1,0,010,0,0,1,1,0,0,0, 
2024,09,HUANCAVELICA,05,CHURCAMPA,07,PAUCARBAMBA,15163,07,07,1,2,090552003,1.676337,1,,1,1,5,2,OLLUCO,2609,1,0,010,0,0,1,1,0,0,0, 
2024,09,HUANCAVELICA,05,CHURCAMPA,07,PAUCARBAMBA,15163,07,07,1,2,090552003,1.676337,1,,1,1,5,3,MASHUA,2606,1,0,010,0,0,1,1,0,0,0, 
2024,09,HUANCAVELICA,05,CHURCAMPA,07,PAUCARBAMBA,15163,08,08,1,2,090552003,.3161624,1,,1,1,2,1,ARVEJA,2901,1,0,350,0,0,0,1,0,0,0, 
2024,09,HUANCAVELICA,05,CHURCAMPA,07,PAUCARBAMBA,15164,01,01,1,2,090541003,158.5624,1,,1,1,2,1,PAPA HUAYRO,2614,1,1,000,0,0,1,1,0,0,0, 
2024,09,HUANCAVELICA,05,CHURCAMPA,07,PAUCARBAMBA,15164,01,01,1,2,090541003,158.5624,1,,1,1,8,1,MAIZ AMILACEO,2108,1,0,240,0,0,0,1,0,1,0, 
2024,09,HUANCAVELICA,05,CHURCAMPA,07,PAUCARBAMBA,15164,01,01,1,2,090541003,158.5624,1,,1,1,2,2,PAPA BLANCA,2612,1,1,000,0,0,1,1,0,0,0, 
2024,09,HUANCAVELICA,05,CHURCAMPA,07,PAUCARBAMBA,15164,01,01,1,2,090541003,158.5624,1,,1,1,2,3,PAPA COLOR,2613,1,1,000,0,0,1,1,0,0,0, 
2024,09,HUANCAVELICA,05,CHURCAMPA,06,LOCROJA,15166,08,08,1,2,090531003,14.70935,1,,1,0,4,1,HABA,2942,1,0,500,0,0,1,0,0,0,0, 
2024,09,HUANCAVELICA,05,CHURCAMPA,06,LOCROJA,15168,02,02,1,2,090541003,9.168735,1,,1,1,6,1,PAPA COLOR,2613,1,0,250,0,1,1,1,0,0,0, 
2024,09,HUANCAVELICA,05,CHURCAMPA,05,LA MERCED,15173,01,01,1,2,090534005,26.21342,1,,1,1,9,1,TUNA FRUTA,1186,2,0,250,0,0,0,0,0,0,1, 
2024,09,HUANCAVELICA,05,CHURCAMPA,05,LA MERCED,15174,02,02,1,2,090571003,2.813865,1,,1,1,3,1,HABA,2942,1,0,250,0,0,1,0,0,0,0, 
2024,09,HUANCAVELICA,05,CHURCAMPA,04,EL CARMEN,15178,03,03,1,2,090541003,6.830356,1,,1,1,2,1,PAPA BLANCA,2612,1,0,200,0,0,1,1,0,0,0, 
2024,09,HUANCAVELICA,05,CHURCAMPA,03,CHINCHIHUASI,15179,02,02,1,2,090554003,27.34608,1,,1,1,20,1,PAPA BLANCA,2612,1,0,500,0,0,1,0,0,0,0, 
2024,09,HUANCAVELICA,05,CHURCAMPA,03,CHINCHIHUASI,15179,02,02,1,2,090554003,27.34608,1,,1,1,11,1,TARHUI,2947,1,2,000,0,0,0,1,0,0,0, 
2024,09,HUANCAVELICA,05,CHURCAMPA,02,ANCO,15183,01,01,1,2,090531003,57.84075,1,,1,1,8,1,ARVEJA,2901,1,0,500,0,0,1,1,0,1,0, 
2024,09,HUANCAVELICA,05,CHURCAMPA,02,ANCO,15183,01,01,1,2,090531003,57.84075,1,,1,1,7,1,ARVEJA,2901,1,0,500,0,0,1,1,0,1,0, 
2024,09,HUANCAVELICA,05,CHURCAMPA,02,ANCO,15184,01,01,1,2,090554002,7.595442,1,,1,1,4,1,HABA,2942,1,0,345,0,0,0,0,1,0,0, 
2024,09,HUANCAVELICA,05,CHURCAMPA,02,ANCO,15188,02,02,1,2,090542002,4.888833,1,,1,1,1,1,ALFALFA,1401,3,0,022,0,0,1,0,0,0,0, 
2024,09,HUANCAVELICA,05,CHURCAMPA,01,CHURCAMPA,15191,03,03,1,2,090531003,38.01365,1,,1,0,1,1,ARVEJA,2901,1,0,082,0,0,1,1,0,0,0, 
2024,09,HUANCAVELICA,05,CHURCAMPA,01,CHURCAMPA,15191,04,04,1,2,090531003,.5820446,1,,1,1,2,1,PAPA BLANCA,2612,1,0,025,0,0,1,0,0,0,0, 
2024,09,HUANCAVELICA,05,CHURCAMPA,01,CHURCAMPA,15191,05,05,1,2,090531003,102.7692,1,,1,1,2,1,HABA,2942,1,0,078,0,0,1,0,0,0,0, 
2024,09,HUANCAVELICA,04,CASTROVIRREYNA,13,TICRAPO,15197,02,02,1,1,090423002,88.15316,1,,1,1,3,1,PALTO,1162,2,0,210,0,0,1,0,0,0,0, 
2024,09,HUANCAVELICA,04,CASTROVIRREYNA,09,MOLLEPAMPA,15203,02,02,1,2,090431003,7.969458,1,,1,1,2,1,PALTO,1162,2,0,125,1,0,0,0,0,0,0, 
2024,09,HUANCAVELICA,04,CASTROVIRREYNA,09,MOLLEPAMPA,15204,01,01,1,2,090422003,3.379247,1,,1,1,1,1,PASTO KIKUYO,1438,3,0,880,1,0,0,0,0,0,0, 
2024,09,HUANCAVELICA,04,CASTROVIRREYNA,09,MOLLEPAMPA,15204,04,04,1,2,090422003,.9750081,1,,1,1,2,1,MAIZ CHOCLO,2109,1,0,100,0,0,1,1,0,0,0, 
2024,09,HUANCAVELICA,04,CASTROVIRREYNA,09,MOLLEPAMPA,15204,04,04,1,2,090422003,.9750081,1,,1,1,3,1,PAPA BLANCA,2612,1,0,250,1,0,0,0,0,0,0, 
2024,09,HUANCAVELICA,04,CASTROVIRREYNA,08,HUAMATAMBO,15205,01,01,1,2,090431002,54.01907,1,,1,1,3,1,TRIGO,2113,1,0,080,0,0,1,0,0,0,0, 
2024,09,HUANCAVELICA,04,CASTROVIRREYNA,08,HUAMATAMBO,15205,01,01,1,2,090431002,54.01907,1,,1,1,2,1,TRIGO,2113,1,0,223,0,0,1,0,0,0,0, 
2024,09,HUANCAVELICA,04,CASTROVIRREYNA,08,HUAMATAMBO,15207,01,01,1,2,090431002,71.83973,1,,1,1,5,1,MAIZ AMILACEO,2108,1,0,050,0,0,1,0,0,0,0, 
2024,09,HUANCAVELICA,04,CASTROVIRREYNA,08,HUAMATAMBO,15207,01,01,1,2,090431002,71.83973,1,,1,1,4,1,MAIZ AMILACEO,2108,1,0,080,0,0,1,0,0,0,0, 
2024,09,HUANCAVELICA,04,CASTROVIRREYNA,08,HUAMATAMBO,15207,03,03,1,2,090431002,58.30538,1,,1,1,6,1,TRIGO,2113,1,0,050,0,0,1,0,0,0,0, 
2024,09,HUANCAVELICA,04,CASTROVIRREYNA,07,HUACHOS,15208,02,02,1,2,090431002,152.9161,1,,1,1,3,1,AJO,2303,1,0,010,0,0,0,1,0,0,0, 
2024,09,HUANCAVELICA,04,CASTROVIRREYNA,05,CHUPAMARCA,15213,02,02,1,2,090444003,3.988695,1,,1,1,5,1,PAPA HUAYRO,2614,1,0,080,0,0,1,0,0,0,0, 
2024,09,HUANCAVELICA,04,CASTROVIRREYNA,05,CHUPAMARCA,15213,04,04,1,2,090444003,15.59011,1,,1,1,8,1,PAPA HUAYRO,2614,1,0,100,0,0,1,0,0,0,0, 
2024,09,HUANCAVELICA,04,CASTROVIRREYNA,05,CHUPAMARCA,15213,04,04,1,2,090444003,15.59011,1,,1,1,2,1,PAPA HUAYRO,2614,1,0,090,0,0,1,0,0,0,0, 
2024,09,HUANCAVELICA,04,CASTROVIRREYNA,05,CHUPAMARCA,15214,01,01,1,2,090443002,1.539929,1,,1,1,4,1,PAPA HUAYRO,2614,1,0,490,0,0,1,0,0,0,0, 
2024,09,HUANCAVELICA,04,CASTROVIRREYNA,05,CHUPAMARCA,15214,02,02,1,2,090443002,.0126204,1,,1,1,5,1,PAPA HUAYRO,2614,1,0,100,0,0,1,0,0,0,0, 
2024,09,HUANCAVELICA,04,CASTROVIRREYNA,05,CHUPAMARCA,15214,02,02,1,2,090443002,.0126204,1,,1,1,8,1,PAPA BLANCA,2612,1,0,070,0,0,1,0,0,0,0, 
2024,09,HUANCAVELICA,04,CASTROVIRREYNA,05,CHUPAMARCA,15214,03,03,1,2,090443002,5.297668,1,,1,1,2,1,PAPA BLANCA,2612,1,0,280,0,0,1,0,0,0,0, 
2024,09,HUANCAVELICA,04,CASTROVIRREYNA,04,CAPILLAS,15215,01,01,1,2,090434004,12.68111,1,,1,1,2,1,PAPA BLANCA,2612,1,0,250,0,0,1,1,0,0,0, 
2024,09,HUANCAVELICA,04,CASTROVIRREYNA,04,CAPILLAS,15215,01,01,1,2,090434004,12.68111,1,,1,1,2,2,MAIZ AMILACEO,2108,1,0,250,0,0,1,1,0,0,0, 
2024,09,HUANCAVELICA,04,CASTROVIRREYNA,04,CAPILLAS,15216,01,01,1,2,090434005,56.59012,1,,1,0,1,1,MASHUA,2606,1,0,020,0,0,0,1,0,1,0, 
2024,09,HUANCAVELICA,04,CASTROVIRREYNA,04,CAPILLAS,15216,01,01,1,2,090434005,56.59012,1,,1,0,3,1,ALFALFA,1401,3,0,080,0,0,0,1,0,1,0, 
2024,09,HUANCAVELICA,04,CASTROVIRREYNA,04,CAPILLAS,15216,01,01,1,2,090434005,56.59012,1,,1,0,3,2,TRIGO,2113,1,0,020,0,0,0,1,0,1,0, 
2024,09,HUANCAVELICA,04,CASTROVIRREYNA,04,CAPILLAS,15216,02,02,1,2,090434005,64.21128,1,,1,1,1,1,PAPA BLANCA,2612,1,0,089,0,0,0,1,0,0,0, 
2024,09,HUANCAVELICA,04,CASTROVIRREYNA,04,CAPILLAS,15216,02,02,1,2,090434005,64.21128,1,,1,1,1,2,HABA,2942,1,0,034,0,0,0,1,0,0,0, 
2024,09,HUANCAVELICA,04,CASTROVIRREYNA,02,ARMA,15223,02,02,1,2,090441002,15.13863,1,,1,1,4,1,MAIZ AMILACEO,2108,1,0,200,0,0,1,1,0,0,0, 
2024,09,HUANCAVELICA,04,CASTROVIRREYNA,01,CASTROVIRREYNA,15227,01,01,1,2,090442002,318.5514,1,,1,1,6,1,PAPA COLOR,2613,1,0,020,0,0,0,1,0,0,0, 
2024,09,HUANCAVELICA,03,ANGARAES,12,SECCLLA,15231,01,01,1,2,090331002,51.71048,1,,1,1,1,1,HABA,2942,1,0,050,0,0,1,1,0,0,0, 
2024,09,HUANCAVELICA,03,ANGARAES,10,SAN ANTONIO DE ANTAPARCO,15232,01,01,1,2,090342002,360.8364,1,,1,1,2,1,TARHUI,2947,1,2,750,0,0,1,1,0,0,0, 
2024,09,HUANCAVELICA,03,ANGARAES,10,SAN ANTONIO DE ANTAPARCO,15232,01,01,1,2,090342002,360.8364,1,,1,1,1,1,TARHUI,2947,1,1,855,0,0,1,1,0,0,0, 
2024,09,HUANCAVELICA,03,ANGARAES,10,SAN ANTONIO DE ANTAPARCO,15232,02,02,1,2,090342002,20.05253,1,,1,1,10,1,TARHUI,2947,1,1,000,0,0,1,0,0,0,0, 
2024,09,HUANCAVELICA,03,ANGARAES,09,JULCAMARCA,15235,03,03,1,2,090332003,.7525632,1,,1,1,3,1,QUINUA,2111,1,0,100,0,0,1,0,0,1,0, 
2024,09,HUANCAVELICA,03,ANGARAES,09,JULCAMARCA,15235,04,04,1,2,090332003,1.010278,1,,1,1,4,1,MAIZ AMILACEO,2108,1,0,250,0,0,1,0,0,1,0, 
2024,09,HUANCAVELICA,03,ANGARAES,09,JULCAMARCA,15235,08,08,1,2,090332003,21.75863,1,,1,1,1,1,TRIGO,2113,1,0,135,0,0,1,0,0,1,0, 
2024,09,HUANCAVELICA,03,ANGARAES,08,HUAYLLAY GRANDE,15236,02,02,1,2,090342002,235.2722,1,,1,1,6,1,ARVEJA,2901,1,0,100,0,0,1,1,0,0,0, 
2024,09,HUANCAVELICA,03,ANGARAES,08,HUAYLLAY GRANDE,15236,06,06,1,2,090342002,322.1305,1,,1,1,12,1,MAIZ AMILACEO,2108,1,0,100,0,0,1,1,0,0,0, 
2024,09,HUANCAVELICA,03,ANGARAES,06,CONGALLA,15239,04,04,1,2,090344003,1082.889,1,,1,1,8,1,TRIGO,2113,1,0,050,0,0,0,1,1,0,0, 
2024,09,HUANCAVELICA,03,ANGARAES,06,CONGALLA,15239,04,04,1,2,090344003,1082.889,1,,1,1,8,2,AVENA GRANO,2102,1,0,050,0,0,0,1,1,0,0, 
2024,09,HUANCAVELICA,03,ANGARAES,06,CONGALLA,15242,06,06,1,2,090344004,113.5021,1,,1,1,20,1,HABA,2942,1,0,100,0,0,0,1,0,0,0, 
2024,09,HUANCAVELICA,03,ANGARAES,06,CONGALLA,15242,06,06,1,2,090344004,113.5021,1,,1,1,19,1,HABA,2942,1,0,150,0,0,0,1,0,0,0, 
2024,09,HUANCAVELICA,03,ANGARAES,06,CONGALLA,15242,06,06,1,2,090344004,113.5021,1,,1,1,20,2,MASHUA,2606,1,0,070,0,0,0,1,0,0,0, 
2024,09,HUANCAVELICA,03,ANGARAES,06,CONGALLA,15242,06,06,1,2,090344004,113.5021,1,,1,1,20,3,OLLUCO,2609,1,0,080,0,0,0,1,0,0,0, 
2024,09,HUANCAVELICA,03,ANGARAES,06,CONGALLA,15243,01,01,1,2,090344002,27.17565,1,,1,1,1,1,CEBADA GRANO,2104,1,0,051,0,0,0,1,0,0,0, 
2024,09,HUANCAVELICA,03,ANGARAES,06,CONGALLA,15243,01,01,1,2,090344002,27.17565,1,,1,1,1,2,AVENA FORRAJERA,2701,1,0,050,0,0,0,1,0,0,0, 
2024,09,HUANCAVELICA,03,ANGARAES,06,CONGALLA,15243,06,06,1,2,090344002,19.34868,1,,1,0,4,1,ARVEJA,2901,1,0,100,0,0,0,1,0,0,0, 
2024,09,HUANCAVELICA,03,ANGARAES,06,CONGALLA,15244,01,01,1,2,090342002,340.2784,1,,1,1,3,1,AVENA GRANO,2102,1,0,160,0,0,0,1,0,0,0, 
2024,09,HUANCAVELICA,03,ANGARAES,02,ANCHONGA,15251,02,02,1,2,090342002,16.95998,1,,1,1,1,1,HABA,2942,1,0,050,0,0,1,0,0,0,0, 
2024,09,HUANCAVELICA,03,ANGARAES,01,LIRCAY,15252,01,01,1,2,090352002,35.78877,1,,1,1,1,1,PAPA COLOR,2613,1,0,033,0,0,1,0,0,1,0, 
2024,09,HUANCAVELICA,03,ANGARAES,01,LIRCAY,15252,01,01,1,2,090352002,35.78877,1,,1,1,9,1,OLLUCO,2609,1,0,020,1,0,0,0,0,0,0, 
2024,09,HUANCAVELICA,03,ANGARAES,01,LIRCAY,15252,01,01,1,2,090352002,35.78877,1,,1,1,9,2,MASHUA,2606,1,0,020,1,0,0,0,0,0,0, 
2024,09,HUANCAVELICA,03,ANGARAES,01,LIRCAY,15252,01,01,1,2,090352002,35.78877,1,,1,1,9,3,OCA,2608,1,0,040,1,0,0,0,0,0,0, 
2024,09,HUANCAVELICA,03,ANGARAES,01,LIRCAY,15256,04,04,1,2,090343002,115.9054,1,,1,1,7,1,PAPA BLANCA,2612,1,0,040,0,0,1,0,0,0,0, 
2024,09,HUANCAVELICA,03,ANGARAES,01,LIRCAY,15258,01,01,1,2,090342002,65.35111,1,,1,1,3,1,AVENA GRANO,2102,1,0,080,0,0,1,0,0,0,0, 
2024,09,HUANCAVELICA,03,ANGARAES,01,LIRCAY,15258,04,04,1,2,090342002,4.236858,1,,1,1,11,1,MAIZ AMILACEO,2108,1,0,080,0,0,1,1,0,1,0, 
2024,09,HUANCAVELICA,03,ANGARAES,01,LIRCAY,15258,04,04,1,2,090342002,4.236858,1,,1,1,9,1,ARVEJA,2901,1,0,020,0,0,0,0,0,1,0, 
2024,09,HUANCAVELICA,03,ANGARAES,01,LIRCAY,15258,04,04,1,2,090342002,4.236858,1,,1,1,7,1,HABA,2942,1,0,200,0,0,1,0,0,1,0, 
2024,09,HUANCAVELICA,03,ANGARAES,01,LIRCAY,15258,04,04,1,2,090342002,4.236858,1,,1,1,6,1,CEBADA GRANO,2104,1,0,200,0,0,1,0,0,1,0, 
2024,09,HUANCAVELICA,03,ANGARAES,01,LIRCAY,15258,04,04,1,2,090342002,4.236858,1,,1,1,6,2,PAPA NATIVA,2615,1,0,060,0,0,1,0,0,1,0, 
2024,09,HUANCAVELICA,03,ANGARAES,01,LIRCAY,15258,04,04,1,2,090342002,4.236858,1,,1,1,7,2,ARVEJA,2901,1,0,050,0,0,1,0,0,1,0, 
2024,09,HUANCAVELICA,03,ANGARAES,01,LIRCAY,15258,04,04,1,2,090342002,4.236858,1,,1,1,6,3,OLLUCO,2609,1,0,060,0,0,1,0,0,1,0, 
2024,09,HUANCAVELICA,03,ANGARAES,01,LIRCAY,15258,05,05,1,2,090342002,14.91626,1,,1,1,13,1,HABA,2942,1,0,080,0,0,0,1,0,1,0, 
2024,09,HUANCAVELICA,03,ANGARAES,01,LIRCAY,15258,05,05,1,2,090342002,14.91626,1,,1,1,23,1,ARVEJA,2901,1,0,160,0,0,1,1,0,1,0, 
2024,09,HUANCAVELICA,03,ANGARAES,01,LIRCAY,15258,05,05,1,2,090342002,14.91626,1,,1,1,9,1,PAPA COLOR,2613,1,0,150,0,0,0,1,0,1,0, 
2024,09,HUANCAVELICA,03,ANGARAES,01,LIRCAY,15258,05,05,1,2,090342002,14.91626,1,,1,1,9,2,PAPA BLANCA,2612,1,0,150,0,0,0,1,0,1,0, 
2024,09,HUANCAVELICA,02,ACOBAMBA,08,ROSARIO,15261,02,02,1,2,090241003,.1492567,1,,1,1,3,1,HABA,2942,1,0,400,0,0,1,0,0,0,0, 
2024,09,HUANCAVELICA,02,ACOBAMBA,08,ROSARIO,15262,03,03,1,2,090241003,4.091322,1,,1,1,8,1,TARHUI,2947,1,0,100,0,0,1,1,0,0,0, 
2024,09,HUANCAVELICA,02,ACOBAMBA,08,ROSARIO,15262,07,07,1,2,090241003,13.81301,1,,1,1,8,1,ARVEJA,2901,1,0,120,0,0,1,0,0,0,0, 
2024,09,HUANCAVELICA,02,ACOBAMBA,08,ROSARIO,15262,08,08,1,2,090241003,19.3846,1,,1,1,8,1,TARHUI,2947,1,0,120,0,0,1,0,0,0,0, 
2024,09,HUANCAVELICA,02,ACOBAMBA,08,ROSARIO,15265,03,03,1,2,090241003,39.90274,1,,1,1,3,1,ARVEJA,2901,1,0,200,0,0,0,1,0,1,0, 
2024,09,HUANCAVELICA,02,ACOBAMBA,08,ROSARIO,15267,03,03,1,2,090241003,322.7616,1,,1,1,2,1,HABA,2942,1,0,100,0,0,1,0,0,0,0, 
2024,09,HUANCAVELICA,02,ACOBAMBA,07,POMACOCHA,15268,03,03,1,2,090231002,37.99773,1,,1,0,1,1,ARVEJA,2901,1,0,500,0,0,1,0,0,0,0, 
2024,09,HUANCAVELICA,02,ACOBAMBA,07,POMACOCHA,15268,04,04,1,2,090231002,5.371674,1,,1,1,2,1,HABA,2942,1,1,000,0,0,1,0,0,0,0, 
2024,09,HUANCAVELICA,02,ACOBAMBA,07,POMACOCHA,15269,02,02,1,2,090241003,26.68373,1,,1,0,2,1,QUINUA,2111,1,0,400,0,0,0,0,0,1,0, 
2024,09,HUANCAVELICA,02,ACOBAMBA,07,POMACOCHA,15269,07,07,1,2,090241003,41.27381,1,,1,1,10,1,TARHUI,2947,1,0,250,0,0,0,1,0,0,0, 
2024,09,HUANCAVELICA,02,ACOBAMBA,07,POMACOCHA,15271,02,02,1,2,090241003,47.67683,1,,1,1,4,1,TARHUI,2947,1,0,500,0,0,1,0,0,0,0, 
2024,09,HUANCAVELICA,02,ACOBAMBA,07,POMACOCHA,15271,02,02,1,2,090241003,47.67683,1,,1,1,9,1,TARHUI,2947,1,0,050,0,0,1,0,0,0,0, 
2024,09,HUANCAVELICA,02,ACOBAMBA,07,POMACOCHA,15271,02,02,1,2,090241003,47.67683,1,,1,1,3,1,ARVEJA,2901,1,0,250,0,0,1,1,0,0,0, 
2024,09,HUANCAVELICA,02,ACOBAMBA,07,POMACOCHA,15271,05,05,1,2,090241003,93.94878,1,,1,1,3,1,TARHUI,2947,1,0,250,0,0,1,0,0,0,0, 
2024,09,HUANCAVELICA,02,ACOBAMBA,07,POMACOCHA,15271,05,05,1,2,090241003,93.94878,1,,1,1,4,1,TARHUI,2947,1,0,250,0,0,1,0,0,0,0, 
2024,09,HUANCAVELICA,02,ACOBAMBA,07,POMACOCHA,15271,08,08,1,2,090241003,20.00311,1,,1,1,8,1,TARHUI,2947,1,0,250,0,0,1,0,0,0,0, 
2024,09,HUANCAVELICA,02,ACOBAMBA,07,POMACOCHA,15271,09,09,1,2,090241003,54.7625,1,,1,1,2,1,TARHUI,2947,1,0,093,0,0,1,0,0,0,0, 
2024,09,HUANCAVELICA,02,ACOBAMBA,07,POMACOCHA,15271,11,11,1,2,090241003,16.35288,1,,1,1,2,1,TARHUI,2947,1,0,050,0,0,1,0,0,0,0, 
2024,09,HUANCAVELICA,02,ACOBAMBA,07,POMACOCHA,15272,02,02,1,2,090231003,45.70667,1,,1,0,1,1,HABA,2942,1,0,150,0,0,1,0,0,1,0, 
2024,09,HUANCAVELICA,02,ACOBAMBA,07,POMACOCHA,15272,02,02,1,2,090231003,45.70667,1,,1,0,2,1,ARVEJA,2901,1,0,150,0,0,1,0,0,0,0, 
2024,09,HUANCAVELICA,02,ACOBAMBA,07,POMACOCHA,15272,05,05,1,2,090231003,1.854825,1,,1,1,1,1,QUINUA,2111,1,0,040,0,0,1,0,0,1,0, 
2024,09,HUANCAVELICA,02,ACOBAMBA,07,POMACOCHA,15272,10,10,1,2,090231003,5.083411,1,,1,1,6,1,MAIZ AMILACEO,2108,1,0,150,0,0,1,1,0,0,0, 
2024,09,HUANCAVELICA,02,ACOBAMBA,06,PAUCARA,15276,01,01,1,2,090242002,68.98972,1,,1,1,2,1,PAPA BLANCA,2612,1,0,050,0,0,1,1,0,0,0, 
2024,09,HUANCAVELICA,02,ACOBAMBA,06,PAUCARA,15277,05,05,1,2,090242003,5.002518,1,,1,1,2,1,PAPA NATIVA,2615,1,0,500,1,0,0,0,0,0,0, 
2024,09,HUANCAVELICA,02,ACOBAMBA,06,PAUCARA,15277,05,05,1,2,090242003,5.002518,1,,1,1,1,1,PAPA NATIVA,2615,1,0,250,0,0,0,1,1,0,0, 
2024,09,HUANCAVELICA,02,ACOBAMBA,06,PAUCARA,15278,02,02,1,2,090244002,36.7362,1,,1,1,1,1,TARHUI,2947,1,0,130,0,0,0,1,0,0,0, 
2024,09,HUANCAVELICA,02,ACOBAMBA,06,PAUCARA,15281,04,04,1,2,090241003,46.85632,1,,1,1,4,1,PAPA BLANCA,2612,1,0,050,0,0,1,0,0,0,0, 
2024,09,HUANCAVELICA,02,ACOBAMBA,06,PAUCARA,15281,04,04,1,2,090241003,46.85632,1,,1,1,4,2,PAPA COLOR,2613,1,0,050,0,0,1,0,0,0,0, 
2024,09,HUANCAVELICA,02,ACOBAMBA,05,MARCAS,15287,01,01,1,2,090231003,25.23517,1,,1,1,2,1,LINAZA,2819,1,0,650,0,0,1,0,0,0,0, 
2024,09,HUANCAVELICA,02,ACOBAMBA,05,MARCAS,15287,04,04,1,2,090231003,6.555758,1,,1,1,2,1,ARVEJA,2901,1,0,500,0,0,1,0,0,0,0, 
2024,09,HUANCAVELICA,02,ACOBAMBA,05,MARCAS,15288,01,01,1,2,090274003,5.302407,1,,1,1,7,1,PALTO,1162,2,0,010,0,0,0,0,0,1,0, 
2024,09,HUANCAVELICA,02,ACOBAMBA,05,MARCAS,15288,01,01,1,2,090274003,5.302407,1,,1,1,7,2,LUCUMO,1143,3,0,010,0,0,0,0,0,1,0, 
2024,09,HUANCAVELICA,02,ACOBAMBA,05,MARCAS,15288,04,04,1,2,090274003,10.01677,1,,1,1,2,1,MAIZ AMILACEO,2108,1,0,500,0,0,0,0,0,1,0, 
2024,09,HUANCAVELICA,02,ACOBAMBA,05,MARCAS,15288,04,04,1,2,090274003,10.01677,1,,1,1,2,2,ARVEJA,2901,1,0,500,0,0,0,0,0,1,0, 
2024,09,HUANCAVELICA,02,ACOBAMBA,05,MARCAS,15288,04,04,1,2,090274003,10.01677,1,,1,1,2,3,HABA,2942,1,0,250,0,0,0,0,0,1,0, 
2024,09,HUANCAVELICA,02,ACOBAMBA,05,MARCAS,15291,04,04,1,2,090234004,77.80298,1,,1,1,4,1,ARVEJA,2901,1,0,094,0,0,1,0,0,0,0, 
2024,09,HUANCAVELICA,02,ACOBAMBA,05,MARCAS,15291,04,04,1,2,090234004,77.80298,1,,1,1,4,2,FRIJOL GUINDA,2915,1,0,145,0,0,1,0,0,0,0, 
2024,09,HUANCAVELICA,02,ACOBAMBA,05,MARCAS,15293,01,01,1,2,090272003,.5175246,1,,1,1,1,1,PACAE,1159,2,0,050,0,0,1,0,0,0,0, 
2024,09,HUANCAVELICA,02,ACOBAMBA,05,MARCAS,15293,06,06,1,2,090272003,1.372511,1,,1,0,1,1,YUCA,2620,1,0,010,0,0,0,1,0,0,0, 
2024,09,HUANCAVELICA,02,ACOBAMBA,05,MARCAS,15293,06,06,1,2,090272003,1.372511,1,,1,0,1,2,CAÑA DE AZUCAR PARA ALCOHOL,2807,1,0,010,0,0,0,1,0,0,0, 
2024,09,HUANCAVELICA,02,ACOBAMBA,05,MARCAS,15293,10,10,1,2,090272003,1.371961,1,,1,1,1,1,PACAE,1159,2,0,066,0,0,0,1,0,0,0, 
2024,09,HUANCAVELICA,02,ACOBAMBA,05,MARCAS,15294,03,03,1,2,090231003,18.98824,1,,1,1,6,1,HABA,2942,1,0,050,0,0,1,0,0,0,0, 
2024,09,HUANCAVELICA,02,ACOBAMBA,05,MARCAS,15294,04,04,1,2,090231003,5.519923,1,,1,1,2,1,ARVEJA,2901,1,0,245,0,0,1,0,0,0,0, 
2024,09,HUANCAVELICA,02,ACOBAMBA,04,CAJA,15295,05,05,1,2,090231003,10.28627,1,,1,1,5,1,ARVEJA,2901,1,0,250,0,0,1,0,0,0,0, 
2024,09,HUANCAVELICA,02,ACOBAMBA,04,CAJA,15295,07,07,1,2,090231003,12.42231,1,,1,1,6,1,ARVEJA,2901,1,0,150,0,0,1,0,0,0,0, 
2024,09,HUANCAVELICA,02,ACOBAMBA,04,CAJA,15295,07,07,1,2,090231003,12.42231,1,,1,1,2,1,ARVEJA,2901,1,0,100,0,0,1,0,0,0,0, 
2024,09,HUANCAVELICA,02,ACOBAMBA,04,CAJA,15295,07,07,1,2,090231003,12.42231,1,,1,1,7,1,ARVEJA,2901,1,0,050,0,0,1,0,0,0,0, 
2024,09,HUANCAVELICA,02,ACOBAMBA,04,CAJA,15295,09,09,1,2,090231003,11.42989,1,,1,1,3,1,HABA,2942,1,0,050,0,0,1,0,0,1,0, 
2024,09,HUANCAVELICA,02,ACOBAMBA,04,CAJA,15295,09,09,1,2,090231003,11.42989,1,,1,1,2,1,MASHUA,2606,1,0,050,0,0,1,0,0,1,0, 
2024,09,HUANCAVELICA,02,ACOBAMBA,04,CAJA,15295,09,09,1,2,090231003,11.42989,1,,1,1,2,2,FRIJOL GUINDA,2915,1,0,050,0,0,1,0,0,1,0, 
2024,09,HUANCAVELICA,02,ACOBAMBA,04,CAJA,15297,02,02,1,2,090232003,8.360691,1,,1,0,1,1,TUNA FRUTA,1186,2,0,227,0,0,0,0,0,0,1, 
2024,09,HUANCAVELICA,02,ACOBAMBA,04,CAJA,15297,03,03,1,2,090232003,29.18065,1,,1,1,2,1,ARVEJA,2901,1,0,250,0,0,1,0,0,0,0, 
2024,09,HUANCAVELICA,02,ACOBAMBA,02,ANDABAMBA,15300,01,01,1,2,090231003,6.275905,1,,1,1,1,1,PAPA HUAYRO,2614,1,0,124,0,0,0,1,0,0,0, 
2024,09,HUANCAVELICA,02,ACOBAMBA,02,ANDABAMBA,15300,07,07,1,2,090231003,53.23248,1,,1,1,1,1,ARVEJA,2901,1,0,070,0,0,1,0,0,0,0, 
2024,09,HUANCAVELICA,02,ACOBAMBA,02,ANDABAMBA,15300,08,08,1,2,090231003,14.80793,1,,1,1,9,1,FRIJOL GUINDA,2915,1,0,250,0,0,1,1,0,0,0, 
2024,09,HUANCAVELICA,02,ACOBAMBA,02,ANDABAMBA,15300,09,09,1,2,090231003,43.36095,1,,1,1,2,1,ARVEJA,2901,1,0,120,0,0,0,1,0,1,0, 
2024,09,HUANCAVELICA,02,ACOBAMBA,02,ANDABAMBA,15302,01,01,1,2,090251002,3.730059,1,,1,1,3,1,PAPA COLOR,2613,1,0,250,0,0,0,1,0,1,0, 
2024,09,HUANCAVELICA,02,ACOBAMBA,02,ANDABAMBA,15302,06,06,1,2,090251002,1.394774,1,,1,1,2,1,HABA,2942,1,0,050,0,0,0,1,0,1,0, 
2024,09,HUANCAVELICA,02,ACOBAMBA,02,ANDABAMBA,15302,06,06,1,2,090251002,1.394774,1,,1,1,5,1,TARHUI,2947,1,0,050,0,0,0,1,0,1,0, 
2024,09,HUANCAVELICA,02,ACOBAMBA,02,ANDABAMBA,15305,02,02,1,2,090241003,274.2284,1,,1,1,4,1,TARHUI,2947,1,0,150,0,0,0,1,0,1,0, 
2024,09,HUANCAVELICA,02,ACOBAMBA,02,ANDABAMBA,15306,05,05,1,2,090251003,13.10417,1,,1,1,4,1,HABA,2942,1,0,175,0,0,0,1,0,1,0, 
2024,09,HUANCAVELICA,02,ACOBAMBA,01,ACOBAMBA,15307,02,02,1,2,090231003,90.32859,1,,1,1,8,1,TRIGO,2113,1,0,180,0,0,1,1,0,0,0, 
2024,09,HUANCAVELICA,02,ACOBAMBA,01,ACOBAMBA,15307,07,07,1,2,090231003,5.83615,1,,1,1,1,1,ARVEJA,2901,1,0,028,0,0,1,0,0,1,0, 
2024,09,HUANCAVELICA,02,ACOBAMBA,01,ACOBAMBA,15307,10,10,1,2,090231003,21.5549,1,,1,1,6,1,ARVEJA,2901,1,0,080,0,0,1,0,0,1,0, 
2024,09,HUANCAVELICA,02,ACOBAMBA,01,ACOBAMBA,15308,02,02,1,2,090241003,2.482792,1,,1,1,3,1,ARVEJA,2901,1,0,200,0,0,1,1,0,1,0, 
2024,09,HUANCAVELICA,02,ACOBAMBA,01,ACOBAMBA,15308,04,04,1,2,090241003,104.3432,1,,1,1,2,1,LINAZA,2819,1,0,250,0,0,1,0,0,0,0, 
2024,09,HUANCAVELICA,02,ACOBAMBA,01,ACOBAMBA,15308,08,08,1,2,090241003,39.41789,1,,1,1,4,1,HABA,2942,1,0,050,0,0,1,1,0,1,0, 
2024,09,HUANCAVELICA,02,ACOBAMBA,01,ACOBAMBA,15310,02,02,1,2,090241003,38.12817,1,,1,1,11,1,ARVEJA,2901,1,0,100,0,0,0,0,1,0,0, 
2024,09,HUANCAVELICA,02,ACOBAMBA,01,ACOBAMBA,15310,02,02,1,2,090241003,38.12817,1,,1,1,6,1,HABA,2942,1,0,250,0,0,1,0,0,0,0, 
2024,09,HUANCAVELICA,01,HUANCAVELICA,12,MOYA,15323,02,02,1,2,090152002,32.39285,1,,1,1,3,1,HABA,2942,1,210,000,0,0,0,1,1,0,0, 
2024,09,HUANCAVELICA,01,HUANCAVELICA,12,MOYA,15323,02,02,1,2,090152002,32.39285,1,,1,1,2,1,CEBADA GRANO,2104,1,800,000,0,0,0,1,1,0,0, 
2024,09,HUANCAVELICA,01,HUANCAVELICA,12,MOYA,15323,05,05,1,2,090152002,64.45565,1,,1,1,14,1,ARVEJA,2901,1,400,000,0,0,0,1,0,0,0, 
2024,09,HUANCAVELICA,01,HUANCAVELICA,10,MANTA,15325,01,01,1,2,090142002,389.9764,1,,1,1,16,1,PAPA BLANCA,2612,1,0,240,0,0,0,1,0,0,0, 
2024,09,HUANCAVELICA,01,HUANCAVELICA,05,CUENCA,15330,06,06,1,2,090131003,.7299851,1,,1,1,2,1,LINAZA,2819,1,0,125,0,0,1,0,0,0,0, 
2024,09,HUANCAVELICA,01,HUANCAVELICA,05,CUENCA,15331,01,01,1,2,090153003,.7953305,1,,1,1,7,1,HABA,2942,1,1250,000,0,0,0,1,0,0,0, 
2024,09,HUANCAVELICA,01,HUANCAVELICA,05,CUENCA,15331,05,05,1,2,090153003,.0563168,1,,1,1,5,1,HABA,2942,1,0,100,0,0,0,1,0,0,0, 
2024,09,HUANCAVELICA,01,HUANCAVELICA,05,CUENCA,15331,05,05,1,2,090153003,.0563168,1,,1,1,4,1,HABA,2942,1,0,100,0,0,0,1,0,0,0, 
2024,09,HUANCAVELICA,01,HUANCAVELICA,05,CUENCA,15331,06,06,1,2,090153003,.314378,1,,1,1,6,1,HABA,2942,1,0,100,0,0,0,1,0,0,0, 
2024,09,HUANCAVELICA,01,HUANCAVELICA,05,CUENCA,15332,08,08,1,2,090142003,3.860956,1,,1,1,2,1,PAPA BLANCA,2612,1,625,000,0,0,0,1,1,0,0, 
2024,09,HUANCAVELICA,01,HUANCAVELICA,03,ACORIA,15335,02,02,1,2,090132002,824.3448,1,,1,0,2,1,MAIZ AMILACEO,2108,1,0,100,1,0,0,0,0,0,0, 
2024,09,HUANCAVELICA,01,HUANCAVELICA,03,ACORIA,15336,01,01,1,2,090142002,61.1344,1,,1,1,2,1,PAPA COLOR,2613,1,0,030,0,0,1,1,0,1,0, 
2024,09,HUANCAVELICA,01,HUANCAVELICA,03,ACORIA,15337,03,03,1,2,090134004,7.598876,1,,1,1,7,1,MAIZ AMILACEO,2108,1,0,250,0,0,0,0,0,1,0, 
2024,09,HUANCAVELICA,01,HUANCAVELICA,03,ACORIA,15337,08,08,1,2,090134004,20.06989,1,,1,1,13,1,MAIZ AMILACEO,2108,1,0,030,0,0,0,0,0,1,0, 
2024,09,HUANCAVELICA,01,HUANCAVELICA,03,ACORIA,15337,08,08,1,2,090134004,20.06989,1,,1,1,7,1,MAIZ AMILACEO,2108,1,0,060,0,0,1,0,0,1,0, 
2024,09,HUANCAVELICA,01,HUANCAVELICA,03,ACORIA,15343,03,03,1,2,090152003,1.342952,1,,1,1,8,1,ARVEJA,2901,1,1,500,0,0,0,1,0,0,0, 
2024,08,CUSCO,13,URUBAMBA,06,OLLANTAYTAMBO,15350,03,03,1,2,081334005,2.30426,1,,1,1,2,1,CULANTRO,2321,1,1000,000,0,0,1,0,0,0,0, 
2024,08,CUSCO,13,URUBAMBA,06,OLLANTAYTAMBO,15354,06,06,1,2,081342004,1.969124,1,,1,1,8,1,OLLUCO,2609,1,0,030,0,0,1,0,0,0,0, 
2024,08,CUSCO,13,URUBAMBA,06,OLLANTAYTAMBO,15364,02,02,1,2,081352004,14.36428,1,,1,1,3,1,OLLUCO,2609,1,0,020,0,0,1,1,0,0,0, 
2024,08,CUSCO,13,URUBAMBA,06,OLLANTAYTAMBO,15364,06,06,1,2,081352004,14.52297,1,,1,1,7,1,OLLUCO,2609,1,0,050,0,0,1,1,0,0,0, 
2024,08,CUSCO,13,URUBAMBA,05,MARAS,15368,02,02,1,2,081341002,124.5701,1,,1,1,4,1,HABA,2942,1,700,000,0,0,0,1,1,0,0, 
2024,08,CUSCO,13,URUBAMBA,05,MARAS,15368,02,02,1,2,081341002,124.5701,1,,1,1,6,1,MAIZ AMILACEO,2108,1,600,000,0,0,0,1,1,1,0, 
2024,08,CUSCO,13,URUBAMBA,05,MARAS,15368,03,03,1,2,081341002,57.02069,1,,1,1,5,1,HABA,2942,1,1200,000,0,0,0,1,1,1,0, 
2024,08,CUSCO,13,URUBAMBA,05,MARAS,15368,03,03,1,2,081341002,57.02069,1,,1,1,8,1,HABA,2942,1,1000,000,0,0,0,1,1,1,0, 
2024,08,CUSCO,13,URUBAMBA,05,MARAS,15369,02,02,1,2,081331002,183.8876,1,,1,1,10,1,PAPA BLANCA,2612,1,6000,000,0,0,0,0,0,1,0, 
2024,08,CUSCO,13,URUBAMBA,05,MARAS,15369,03,03,1,2,081331002,10.00555,1,,1,1,3,1,AVENA GRANO,2102,1,20000,000,0,0,0,0,0,1,0, 
2024,08,CUSCO,13,URUBAMBA,05,MARAS,15369,04,04,1,2,081331002,4.863572,1,,1,1,2,1,HABA,2942,1,2500,000,0,0,0,0,0,1,0, 
2024,08,CUSCO,13,URUBAMBA,05,MARAS,15369,04,04,1,2,081331002,4.863572,1,,1,1,3,1,TRIGO,2113,1,2000,000,0,0,0,0,0,1,0, 
2024,08,CUSCO,13,URUBAMBA,05,MARAS,15369,04,04,1,2,081331002,4.863572,1,,1,1,2,2,CEBADA GRANO,2104,1,2500,000,0,0,0,0,0,1,0, 
2024,08,CUSCO,13,URUBAMBA,05,MARAS,15370,02,02,1,2,081331002,77.81163,1,,1,1,2,1,CEBADA FORRAJERA,2703,1,1,500,0,0,0,0,0,1,0, 
2024,08,CUSCO,13,URUBAMBA,05,MARAS,15370,04,04,1,2,081331002,53.40787,1,,1,0,5,1,HABA,2942,1,0,001,0,0,1,0,0,0,0, 
2024,08,CUSCO,13,URUBAMBA,05,MARAS,15375,01,01,1,2,081341002,157.8295,1,,1,1,1,1,TRIGO,2113,1,2000,000,0,0,1,0,1,0,0, 
2024,08,CUSCO,13,URUBAMBA,05,MARAS,15375,01,01,1,2,081341002,157.8295,1,,1,1,1,2,CEBADA GRANO,2104,1,1500,000,0,0,1,0,1,0,0, 
2024,08,CUSCO,13,URUBAMBA,05,MARAS,15375,04,04,1,2,081341002,30.04175,1,,1,1,4,1,TRIGO,2113,1,3300,000,0,0,0,1,0,0,0, 
2024,08,CUSCO,13,URUBAMBA,05,MARAS,15376,09,09,1,2,081342003,12.68777,1,,1,1,3,1,PAPA AMARILLA,2611,1,200,000,0,0,1,1,0,0,0, 
2024,08,CUSCO,13,URUBAMBA,05,MARAS,15376,09,09,1,2,081342003,12.68777,1,,1,1,2,1,PAPA AMARILLA,2611,1,250,000,0,0,1,0,0,1,0, 
2024,08,CUSCO,13,URUBAMBA,05,MARAS,15376,09,09,1,2,081342003,12.68777,1,,1,1,2,2,PAPA HUAYRO,2614,1,250,000,0,0,1,0,0,0,0, 
2024,08,CUSCO,13,URUBAMBA,05,MARAS,15376,09,09,1,2,081342003,12.68777,1,,1,1,3,2,PAPA HUAYRO,2614,1,200,000,0,0,1,1,0,0,0, 
2024,08,CUSCO,13,URUBAMBA,05,MARAS,15377,03,03,1,2,081341005,23.86931,1,,1,1,2,1,CEBADA GRANO,2104,1,3300,000,0,0,0,1,0,1,0, 
2024,08,CUSCO,13,URUBAMBA,05,MARAS,15377,04,04,1,2,081341005,66.77505,1,,1,1,1,1,TRIGO,2113,1,5700,000,1,0,0,1,0,0,0, 
2024,08,CUSCO,13,URUBAMBA,05,MARAS,15378,01,01,1,2,081343002,.9916068,1,,1,1,17,1,HABA,2942,1,1200,000,0,0,1,0,0,0,0, 
2024,08,CUSCO,13,URUBAMBA,05,MARAS,15378,01,01,1,2,081343002,.9916068,1,,1,1,6,1,HABA,2942,1,2000,000,0,0,0,0,0,1,0, 
2024,08,CUSCO,13,URUBAMBA,05,MARAS,15378,05,05,1,2,081343002,.6644627,1,,1,1,1,1,CEBADA GRANO,2104,1,1000,000,0,0,0,0,0,1,0, 
2024,08,CUSCO,13,URUBAMBA,03,HUAYLLABAMBA,15381,02,02,1,2,081341002,144.8549,1,,1,1,4,1,AVENA GRANO,2102,1,3300,000,0,0,0,1,0,1,1, 
2024,08,CUSCO,13,URUBAMBA,03,HUAYLLABAMBA,15381,03,03,1,2,081341002,22.10131,1,,1,1,13,1,AVENA GRANO,2102,1,400,000,0,0,0,0,0,0,1, 
2024,08,CUSCO,13,URUBAMBA,03,HUAYLLABAMBA,15383,04,04,1,2,081341002,227.945,1,,1,1,4,1,HABA,2942,1,1500,000,0,0,0,1,0,0,0, 
2024,08,CUSCO,13,URUBAMBA,03,HUAYLLABAMBA,15383,04,04,1,2,081341002,227.945,1,,1,1,3,1,HABA,2942,1,3400,000,0,0,0,1,0,0,0, 
2024,08,CUSCO,13,URUBAMBA,02,CHINCHERO,15386,02,02,1,2,081341004,1.235329,1,,1,1,7,1,PAPA NATIVA,2615,1,1000,000,0,0,0,0,0,0,1, 
2024,08,CUSCO,13,URUBAMBA,02,CHINCHERO,15386,02,02,1,2,081341004,1.235329,1,,1,1,9,1,PAPA BLANCA,2612,1,900,000,0,0,0,0,0,0,1, 
2024,08,CUSCO,13,URUBAMBA,02,CHINCHERO,15386,02,02,1,2,081341004,1.235329,1,,1,1,11,1,PAPA NATIVA,2615,1,800,000,0,0,0,0,0,0,1, 
2024,08,CUSCO,12,QUISPICANCHI,12,QUIQUIJANA,15392,02,02,1,2,081231004,1.232934,1,,1,0,3,1,ZANAHORIA,2344,1,0,470,0,0,0,0,0,0,1, 
2024,08,CUSCO,12,QUISPICANCHI,12,QUIQUIJANA,15392,03,03,1,2,081231004,1.115724,1,,1,1,9,1,TARHUI,2947,1,0,030,0,1,0,0,0,0,0, 
2024,08,CUSCO,12,QUISPICANCHI,12,QUIQUIJANA,15392,05,05,1,2,081231004,.1787404,1,,1,1,8,1,MAIZ AMILACEO,2108,1,0,080,0,1,1,1,0,0,0, 
2024,08,CUSCO,12,QUISPICANCHI,12,QUIQUIJANA,15393,02,02,1,2,081244003,20.62803,1,,1,1,3,1,MAIZ AMILACEO,2108,1,0,060,0,0,0,0,1,0,0, 
2024,08,CUSCO,12,QUISPICANCHI,12,QUIQUIJANA,15395,01,01,1,2,081232002,128.1296,1,,1,1,2,1,MAIZ AMILACEO,2108,1,700,000,0,1,0,0,0,0,0, 
2024,08,CUSCO,12,QUISPICANCHI,12,QUIQUIJANA,15396,02,02,1,2,081254005,20702.72,1,,1,1,11,1,PAPA BLANCA,2612,1,1000,000,0,0,1,0,0,0,0, 
2024,08,CUSCO,12,QUISPICANCHI,11,OROPESA,15399,02,02,1,2,081232002,9.350742,1,,1,1,3,1,PAPA BLANCA,2612,1,100,000,0,0,1,0,0,0,0, 
2024,08,CUSCO,12,QUISPICANCHI,10,OCONGATE,15402,01,01,1,2,081244002,17.17793,1,,1,1,1,1,HABA,2942,1,0,020,0,0,0,1,1,0,0, 
2024,08,CUSCO,12,QUISPICANCHI,07,HUARO,15410,01,01,1,2,081254004,29.22692,1,,1,1,1,1,RYE GRASS,1476,3,0,200,0,0,0,1,1,1,0, 
2024,08,CUSCO,12,QUISPICANCHI,07,HUARO,15410,01,01,1,2,081254004,29.22692,1,,1,1,1,2,TREBOL,1477,3,0,200,0,0,0,1,1,1,0, 
2024,08,CUSCO,12,QUISPICANCHI,06,CUSIPATA,15412,01,01,1,2,081243002,19.10143,1,,1,1,1,1,OCA,2608,1,100,000,0,0,1,0,0,1,0, 
2024,08,CUSCO,12,QUISPICANCHI,06,CUSIPATA,15412,01,01,1,2,081243002,19.10143,1,,1,1,1,2,MASHUA,2606,1,100,000,0,0,1,0,0,1,0, 
2024,08,CUSCO,12,QUISPICANCHI,05,CCATCA,15420,05,05,1,2,081241002,48.70848,1,,1,1,2,1,PAPA NATIVA,2615,1,1600,000,0,0,0,1,1,0,0, 
2024,08,CUSCO,12,QUISPICANCHI,05,CCATCA,15420,07,07,1,2,081241002,4.807307,1,,1,1,2,1,OCA,2608,1,100,000,0,0,0,1,1,0,0, 
2024,08,CUSCO,12,QUISPICANCHI,05,CCATCA,15420,07,07,1,2,081241002,4.807307,1,,1,1,3,1,OCA,2608,1,100,000,0,0,0,1,1,0,0, 
2024,08,CUSCO,12,QUISPICANCHI,05,CCATCA,15420,07,07,1,2,081241002,4.807307,1,,1,1,2,2,OLLUCO,2609,1,100,000,0,0,0,1,1,0,0, 
2024,08,CUSCO,12,QUISPICANCHI,05,CCATCA,15420,07,07,1,2,081241002,4.807307,1,,1,1,3,2,MASHUA,2606,1,100,000,0,0,0,1,1,0,0, 
2024,08,CUSCO,12,QUISPICANCHI,05,CCATCA,15420,07,07,1,2,081241002,4.807307,1,,1,1,2,3,MASHUA,2606,1,100,000,0,0,0,1,1,0,0, 
2024,08,CUSCO,12,QUISPICANCHI,05,CCATCA,15421,01,01,1,2,081231002,367.2537,1,,1,0,2,1,AVENA FORRAJERA,2701,1,0,500,1,0,0,0,0,0,0, 
2024,08,CUSCO,12,QUISPICANCHI,05,CCATCA,15424,09,09,1,2,081241002,.2181808,1,,1,1,1,1,TARHUI,2947,1,1100,000,0,0,1,0,0,0,0, 
2024,08,CUSCO,12,QUISPICANCHI,05,CCATCA,15424,09,09,1,2,081241002,.2181808,1,,1,1,7,1,TARHUI,2947,1,500,000,0,0,1,0,0,0,0, 
2024,08,CUSCO,12,QUISPICANCHI,05,CCATCA,15426,01,01,1,2,081242002,7.475454,1,,1,1,2,1,TARHUI,2947,1,0,250,0,0,1,1,1,1,0, 
2024,08,CUSCO,12,QUISPICANCHI,05,CCATCA,15426,01,01,1,2,081242002,7.475454,1,,1,1,2,2,HABA,2942,1,0,250,0,0,1,1,1,1,0, 
2024,08,CUSCO,12,QUISPICANCHI,05,CCATCA,15428,01,01,1,2,081253003,10.67101,1,,1,1,1,1,CEBADA GRANO,2104,1,0,130,0,0,0,1,0,0,0, 
2024,08,CUSCO,12,QUISPICANCHI,05,CCATCA,15428,02,02,1,2,081253003,3.31742,1,,1,1,9,1,PAPA NATIVA,2615,1,0,250,0,0,1,0,0,0,0, 
2024,08,CUSCO,12,QUISPICANCHI,01,URCOS,15445,01,01,1,2,081232003,.0127216,1,,1,1,10,1,TARHUI,2947,1,0,080,0,0,1,0,0,1,0, 
2024,08,CUSCO,11,PAUCARTAMBO,05,HUANCARANI,15462,03,03,1,2,081141003,36.3759,1,,1,1,4,1,MAIZ AMILACEO,2108,1,500,000,0,0,1,0,0,0,0, 
2024,08,CUSCO,11,PAUCARTAMBO,05,HUANCARANI,15462,05,05,1,2,081141003,8.106095,1,,1,1,5,1,HABA,2942,1,2500,000,0,0,1,0,0,0,0, 
2024,08,CUSCO,11,PAUCARTAMBO,05,HUANCARANI,15462,10,10,1,2,081141003,9.893566,1,,1,1,2,1,HABA,2942,1,2500,000,0,0,1,0,0,0,0, 
2024,08,CUSCO,11,PAUCARTAMBO,05,HUANCARANI,15464,07,07,1,2,081144003,96.17395,1,,1,1,5,1,TARHUI,2947,1,2000,000,0,0,1,0,0,0,0, 
2024,08,CUSCO,11,PAUCARTAMBO,04,COLQUEPATA,15469,01,01,1,2,081141002,73.25628,1,,1,1,7,1,TARHUI,2947,1,0,100,0,0,1,0,1,0,0, 
2024,08,CUSCO,11,PAUCARTAMBO,04,COLQUEPATA,15469,05,05,1,2,081141002,7.387887,1,,1,1,3,1,OLLUCO,2609,1,300,000,0,0,1,0,1,0,0, 
2024,08,CUSCO,11,PAUCARTAMBO,04,COLQUEPATA,15469,05,05,1,2,081141002,7.387887,1,,1,1,3,2,MASHUA,2606,1,300,000,0,0,1,0,1,0,0, 
2024,08,CUSCO,11,PAUCARTAMBO,04,COLQUEPATA,15470,01,01,1,2,081141002,34.58566,1,,1,1,6,1,PAPA NATIVA,2615,1,2800,000,0,0,1,0,0,0,0, 
2024,08,CUSCO,11,PAUCARTAMBO,04,COLQUEPATA,15480,03,03,1,2,081144005,14065.11,1,,1,1,4,1,TARHUI,2947,1,0,500,1,0,1,0,0,0,0, 
2024,08,CUSCO,11,PAUCARTAMBO,04,COLQUEPATA,15480,10,10,1,2,081144005,6956.444,1,,1,1,7,1,PAPA NATIVA,2615,1,1500,000,0,0,1,0,0,0,0, 
2024,08,CUSCO,11,PAUCARTAMBO,03,CHALLABAMBA,15483,01,01,1,2,081134004,.8480802,1,,1,1,2,1,TARHUI,2947,1,0,250,0,0,1,1,0,1,0, 
2024,08,CUSCO,11,PAUCARTAMBO,03,CHALLABAMBA,15483,01,01,1,2,081134004,.8480802,1,,1,1,1,1,TARHUI,2947,1,0,016,0,0,1,1,0,0,0, 
2024,08,CUSCO,11,PAUCARTAMBO,03,CHALLABAMBA,15483,04,04,1,2,081134004,19.87197,1,,1,1,7,1,TARHUI,2947,1,0,050,0,0,1,1,0,0,0, 
2024,08,CUSCO,11,PAUCARTAMBO,03,CHALLABAMBA,15484,01,01,1,2,081133004,1.834043,1,,1,1,1,1,ARVEJA,2901,1,0,250,0,0,0,0,0,0,1, 
2024,08,CUSCO,11,PAUCARTAMBO,03,CHALLABAMBA,15485,01,01,1,2,081143004,8.29213,1,,1,1,5,1,TARHUI,2947,1,0,100,0,0,1,1,0,0,0, 
2024,08,CUSCO,11,PAUCARTAMBO,03,CHALLABAMBA,15485,01,01,1,2,081143004,8.29213,1,,1,1,4,1,TARHUI,2947,1,0,100,0,0,1,1,0,0,0, 
2024,08,CUSCO,11,PAUCARTAMBO,03,CHALLABAMBA,15485,02,02,1,2,081143004,5.349348,1,,1,1,5,1,TARHUI,2947,1,0,100,0,0,1,1,0,0,0, 
2024,08,CUSCO,11,PAUCARTAMBO,03,CHALLABAMBA,15487,02,02,1,2,081134003,13.42027,1,,1,1,1,1,PAPA NATIVA,2615,1,0,500,0,0,1,1,1,0,1, 
2024,08,CUSCO,11,PAUCARTAMBO,03,CHALLABAMBA,15487,02,02,1,2,081134003,13.42027,1,,1,1,1,2,PAPA HUAYRO,2614,1,0,500,0,0,1,1,1,0,1, 
2024,08,CUSCO,11,PAUCARTAMBO,03,CHALLABAMBA,15489,02,02,1,2,081131002,24.00152,1,,1,1,3,1,TARHUI,2947,1,0,200,0,0,1,1,1,0,0, 
2024,08,CUSCO,11,PAUCARTAMBO,03,CHALLABAMBA,15490,04,04,1,2,081131004,11.57898,1,,1,1,1,1,TARHUI,2947,1,0,180,0,0,1,1,0,0,0, 
2024,08,CUSCO,11,PAUCARTAMBO,03,CHALLABAMBA,15491,01,01,1,2,081132004,.3172629,1,,1,1,1,1,TARHUI,2947,1,0,300,0,0,0,1,0,0,0, 
2024,08,CUSCO,11,PAUCARTAMBO,02,CAICAY,15492,03,03,1,2,081141002,96.34167,1,,1,1,5,1,TARHUI,2947,1,600,000,0,0,0,1,0,0,0, 
2024,08,CUSCO,11,PAUCARTAMBO,02,CAICAY,15492,04,04,1,2,081141002,1.514318,1,,1,1,1,1,CEBADA GRANO,2104,1,200,000,0,0,0,1,0,0,1, 
2024,08,CUSCO,11,PAUCARTAMBO,02,CAICAY,15492,04,04,1,2,081141002,1.514318,1,,1,1,5,1,TARHUI,2947,1,500,000,0,0,0,1,0,0,0, 
2024,08,CUSCO,11,PAUCARTAMBO,02,CAICAY,15493,02,02,1,2,081134002,66.89101,1,,1,1,1,1,MAIZ AMILACEO,2108,1,80,000,0,0,1,0,0,0,0, 
2024,08,CUSCO,11,PAUCARTAMBO,02,CAICAY,15493,02,02,1,2,081134002,66.89101,1,,1,1,1,2,PAPA BLANCA,2612,1,80,000,0,0,1,0,0,0,0, 
2024,08,CUSCO,11,PAUCARTAMBO,01,PAUCARTAMBO,15496,01,01,1,2,081131003,.793027,1,,1,1,1,1,PAPA NATIVA,2615,1,480,000,0,0,1,1,0,1,0, 
2024,08,CUSCO,11,PAUCARTAMBO,01,PAUCARTAMBO,15496,02,02,1,2,081131003,29.97591,1,,1,1,2,1,MAIZ AMILACEO,2108,1,0,100,0,0,1,1,0,1,0, 
2024,08,CUSCO,11,PAUCARTAMBO,01,PAUCARTAMBO,15507,03,03,1,2,081141003,41.42679,1,,1,1,2,1,PAPA BLANCA,2612,1,0,100,0,0,1,1,0,0,0, 
2024,08,CUSCO,11,PAUCARTAMBO,01,PAUCARTAMBO,15507,04,04,1,2,081141003,82.60972,1,,1,1,1,1,AVENA GRANO,2102,1,0,300,0,0,1,1,0,0,0, 
2024,08,CUSCO,11,PAUCARTAMBO,01,PAUCARTAMBO,15507,04,04,1,2,081141003,82.60972,1,,1,1,1,2,HABA,2942,1,0,280,0,0,1,1,0,0,0, 
2024,08,CUSCO,11,PAUCARTAMBO,01,PAUCARTAMBO,15509,02,02,1,2,081142002,68.78463,1,,1,0,4,1,CEBADA GRANO,2104,1,2000,000,0,0,0,1,0,0,0, 
2024,08,CUSCO,10,PARURO,05,HUANOQUITE,15530,02,02,1,2,081042002,45.81915,1,,1,1,3,1,CEBADA GRANO,2104,1,1200,000,0,0,0,1,0,0,0, 
2024,08,CUSCO,10,PARURO,05,HUANOQUITE,15530,02,02,1,2,081042002,45.81915,1,,1,1,4,1,HABA,2942,1,1000,000,0,0,0,1,0,0,0, 
2024,08,CUSCO,10,PARURO,05,HUANOQUITE,15530,06,06,1,2,081042002,.0351278,1,,1,1,3,1,CEBADA GRANO,2104,1,100,000,0,0,0,1,0,0,0, 
2024,08,CUSCO,10,PARURO,05,HUANOQUITE,15530,06,06,1,2,081042002,.0351278,1,,1,1,7,1,CEBADA GRANO,2104,1,1000,000,0,0,0,1,0,0,0, 
2024,08,CUSCO,10,PARURO,05,HUANOQUITE,15530,06,06,1,2,081042002,.0351278,1,,1,1,2,1,CEBADA GRANO,2104,1,1000,000,0,0,0,1,0,0,0, 
2024,08,CUSCO,10,PARURO,05,HUANOQUITE,15531,01,01,1,2,081032005,1.448884,1,,1,1,6,1,AVENA FORRAJERA,2701,1,1200,000,0,0,0,1,0,0,0, 
2024,08,CUSCO,10,PARURO,05,HUANOQUITE,15531,03,03,1,2,081032005,.0674376,1,,1,1,2,1,CEBADA GRANO,2104,1,1200,000,0,0,0,1,0,0,0, 
2024,08,CUSCO,10,PARURO,05,HUANOQUITE,15531,04,04,1,2,081032005,1.707083,1,,1,1,5,1,HABA,2942,1,500,000,0,0,0,1,0,0,0, 
2024,08,CUSCO,10,PARURO,05,HUANOQUITE,15531,04,04,1,2,081032005,1.707083,1,,1,1,5,2,CEBADA GRANO,2104,1,500,000,0,0,0,1,0,0,0, 
2024,08,CUSCO,10,PARURO,05,HUANOQUITE,15531,05,05,1,2,081032005,.4282654,1,,1,1,2,1,MAIZ AMILACEO,2108,1,500,000,0,0,0,1,0,0,0, 
2024,08,CUSCO,10,PARURO,05,HUANOQUITE,15531,08,08,1,2,081032005,.1581724,1,,1,1,3,1,CEBADA GRANO,2104,1,1000,000,0,0,0,1,0,0,0, 
2024,08,CUSCO,10,PARURO,05,HUANOQUITE,15531,08,08,1,2,081032005,.1581724,1,,1,1,2,1,HABA,2942,1,3000,000,0,0,0,1,0,0,0, 
2024,08,CUSCO,10,PARURO,05,HUANOQUITE,15531,08,08,1,2,081032005,.1581724,1,,1,1,4,1,CEBADA GRANO,2104,1,2000,000,0,0,0,1,1,0,0, 
2024,08,CUSCO,10,PARURO,05,HUANOQUITE,15532,02,02,1,2,081042005,11.35585,1,,1,0,3,1,CEBADA GRANO,2104,1,1000,000,0,0,0,1,0,0,0, 
2024,08,CUSCO,10,PARURO,05,HUANOQUITE,15532,02,02,1,2,081042005,11.35585,1,,1,0,6,1,CEBADA GRANO,2104,1,500,000,0,0,0,1,0,0,0, 
2024,08,CUSCO,10,PARURO,05,HUANOQUITE,15532,07,07,1,2,081042005,.9253593,1,,1,1,5,1,TRIGO,2113,1,2000,000,0,0,0,1,0,0,0, 
2024,08,CUSCO,10,PARURO,05,HUANOQUITE,15532,07,07,1,2,081042005,.9253593,1,,1,1,4,1,HABA,2942,1,1000,000,0,0,0,1,0,0,0, 
2024,08,CUSCO,10,PARURO,05,HUANOQUITE,15532,07,07,1,2,081042005,.9253593,1,,1,1,2,1,CEBADA GRANO,2104,1,2000,000,0,0,0,1,0,0,0, 
2024,08,CUSCO,10,PARURO,05,HUANOQUITE,15532,07,07,1,2,081042005,.9253593,1,,1,1,3,1,PAPA NATIVA,2615,1,500,000,0,0,0,1,0,0,0, 
2024,08,CUSCO,10,PARURO,05,HUANOQUITE,15532,08,08,1,2,081042005,.0394407,1,,1,1,3,1,CEBADA GRANO,2104,1,1200,000,0,0,0,1,0,0,0, 
2024,08,CUSCO,10,PARURO,05,HUANOQUITE,15532,09,09,1,2,081042005,1.067477,1,,1,1,4,1,HABA,2942,1,1500,000,0,0,0,1,0,0,0, 
2024,08,CUSCO,10,PARURO,05,HUANOQUITE,15532,09,09,1,2,081042005,1.067477,1,,1,1,2,1,CEBADA GRANO,2104,1,1500,000,0,0,0,1,0,0,0, 
2024,08,CUSCO,10,PARURO,05,HUANOQUITE,15532,09,09,1,2,081042005,1.067477,1,,1,1,5,1,CEBADA GRANO,2104,1,1000,000,0,0,0,1,0,0,0, 
2024,08,CUSCO,10,PARURO,05,HUANOQUITE,15532,09,09,1,2,081042005,1.067477,1,,1,1,3,1,CEBADA GRANO,2104,1,1000,000,0,0,0,1,0,0,0, 
2024,08,CUSCO,10,PARURO,05,HUANOQUITE,15532,09,09,1,2,081042005,1.067477,1,,1,1,1,1,HABA,2942,1,2000,000,0,0,0,1,0,0,0, 
2024,08,CUSCO,10,PARURO,05,HUANOQUITE,15532,09,09,1,2,081042005,1.067477,1,,1,1,9,1,CEBADA GRANO,2104,1,5000,000,0,0,0,1,0,0,0, 
2024,08,CUSCO,10,PARURO,05,HUANOQUITE,15532,10,10,1,2,081042005,1.472529,1,,1,1,1,1,HABA,2942,1,1500,000,0,0,0,1,0,0,0, 
2024,08,CUSCO,10,PARURO,05,HUANOQUITE,15532,10,10,1,2,081042005,1.472529,1,,1,1,3,1,CEBADA GRANO,2104,1,15000,000,0,0,0,1,0,0,0, 
2024,08,CUSCO,10,PARURO,05,HUANOQUITE,15532,11,11,1,2,081042005,.827337,1,,1,1,3,1,CEBADA GRANO,2104,1,1000,000,0,0,0,1,0,0,0, 
2024,08,CUSCO,10,PARURO,05,HUANOQUITE,15532,11,11,1,2,081042005,.827337,1,,1,1,1,1,HABA,2942,1,2000,000,0,0,0,1,0,0,0, 
2024,08,CUSCO,10,PARURO,05,HUANOQUITE,15532,11,11,1,2,081042005,.827337,1,,1,1,5,1,CEBADA GRANO,2104,1,1000,000,0,0,0,1,0,0,0, 
2024,08,CUSCO,10,PARURO,05,HUANOQUITE,15536,01,01,1,2,081031005,1.472398,1,,1,1,6,1,HABA,2942,1,2000,000,0,0,0,0,1,0,0, 
2024,08,CUSCO,10,PARURO,04,COLCHA,15542,05,05,1,2,081032004,30.98006,1,,1,1,2,1,TRIGO,2113,1,1000,000,0,0,0,1,0,1,0, 
2024,08,CUSCO,10,PARURO,03,CCAPI,15544,05,05,1,2,081052003,6.896271,1,,1,1,18,1,HABA,2942,1,1000,000,0,0,0,0,1,0,0, 
2024,08,CUSCO,10,PARURO,01,PARURO,15549,02,02,1,2,081043003,.7394574,1,,1,1,3,1,CEBADA GRANO,2104,1,2000,000,0,0,0,1,0,0,0, 
2024,08,CUSCO,10,PARURO,01,PARURO,15550,01,01,1,2,081043004,3.826558,1,,1,1,6,1,CEBADA GRANO,2104,1,1,000,0,0,0,1,0,0,0, 
2024,08,CUSCO,10,PARURO,01,PARURO,15550,01,01,1,2,081043004,3.826558,1,,1,1,2,1,HABA,2942,1,0,500,0,0,0,1,0,0,0, 
2024,08,CUSCO,10,PARURO,01,PARURO,15550,05,05,1,2,081043004,.0959866,1,,1,1,9,1,CEBADA GRANO,2104,1,0,100,0,0,0,1,1,0,0, 
2024,08,CUSCO,10,PARURO,01,PARURO,15550,05,05,1,2,081043004,.0959866,1,,1,1,2,1,CEBADA GRANO,2104,1,0,350,0,0,0,1,1,0,0, 
2024,08,CUSCO,10,PARURO,01,PARURO,15550,05,05,1,2,081043004,.0959866,1,,1,1,4,1,CEBADA GRANO,2104,1,0,250,0,0,0,1,1,0,0, 
2024,08,CUSCO,10,PARURO,01,PARURO,15550,05,05,1,2,081043004,.0959866,1,,1,1,3,1,HABA,2942,1,0,300,0,0,0,1,1,0,0, 
2024,08,CUSCO,10,PARURO,01,PARURO,15550,05,05,1,2,081043004,.0959866,1,,1,1,5,1,TRIGO,2113,1,0,200,0,0,0,1,1,0,0, 
2024,08,CUSCO,10,PARURO,01,PARURO,15550,06,06,1,2,081043004,2.234731,1,,1,1,2,1,HABA,2942,1,3000,000,0,0,0,1,1,0,0, 
2024,08,CUSCO,10,PARURO,01,PARURO,15551,01,01,1,2,081034005,17.43418,1,,1,1,3,1,MAIZ AMILACEO,2108,1,100,000,0,0,0,0,0,1,0, 
2024,08,CUSCO,10,PARURO,01,PARURO,15552,01,01,1,2,081043002,12.21903,1,,1,1,1,1,PAPA NATIVA,2615,1,3015,000,0,0,1,1,0,0,0, 
2024,08,CUSCO,09,LA CONVENCION,10,PICHARI,15562,01,01,1,3,080992002,215.4848,1,,1,1,3,1,CACAO,1202,3,3,380,1,1,0,0,0,0,0, 
2024,08,CUSCO,09,LA CONVENCION,02,ECHARATE,15568,06,06,1,3,080972005,.2859294,1,,1,1,1,1,PALTO,1162,2,0,050,0,0,1,0,0,0,0, 
2024,08,CUSCO,09,LA CONVENCION,02,ECHARATE,15568,06,06,1,3,080972005,.2859294,1,,1,1,2,1,CAFE PERGAMINO,1203,2,0,500,0,0,1,0,0,0,0, 
2024,08,CUSCO,09,LA CONVENCION,02,ECHARATE,15568,06,06,1,3,080972005,.2859294,1,,1,1,2,2,PLATANO,1171,3,0,400,0,0,1,0,0,0,0, 
2024,08,CUSCO,09,LA CONVENCION,02,ECHARATE,15568,06,06,1,3,080972005,.2859294,1,,1,1,1,2,LIMON ACIDO,1140,3,0,020,0,0,1,0,0,0,0, 
2024,08,CUSCO,09,LA CONVENCION,02,ECHARATE,15568,07,07,1,3,080972005,8.116542,1,,1,1,3,1,CAFE PERGAMINO,1203,2,5,000,0,0,1,0,0,0,0, 
2024,08,CUSCO,09,LA CONVENCION,02,ECHARATE,15572,04,04,1,3,080992005,31.90713,1,,1,1,1,1,NARANJO,1156,2,0,500,0,0,1,0,0,0,0, 
2024,08,CUSCO,08,ESPINAR,08,ALTO PICHIGUA,15583,01,01,1,2,080854005,2776.602,1,,1,1,1,1,AVENA FORRAJERA,2701,1,0,050,0,0,0,1,0,0,1, 
2024,08,CUSCO,08,ESPINAR,03,COPORAQUE,15600,05,05,1,2,080841003,1.335118,1,,1,1,1,1,QUINUA,2111,1,0,436,0,0,1,1,1,0,0, 
2024,08,CUSCO,08,ESPINAR,01,ESPINAR,15623,01,01,1,2,080841003,15.76599,1,,1,1,1,1,PAPA BLANCA,2612,1,2,000,0,0,0,1,1,0,0, 
2024,08,CUSCO,08,ESPINAR,01,ESPINAR,15625,07,07,1,2,080841005,4.374775,1,,1,1,2,1,AVENA FORRAJERA,2701,1,0,050,0,0,0,1,0,0,0, 
2024,08,CUSCO,07,CHUMBIVILCAS,06,LLUSCO,15629,12,12,1,2,080732003,61.18467,1,,1,1,3,1,CAPULI,1113,2,150,000,0,0,0,1,0,1,0, 
2024,08,CUSCO,07,CHUMBIVILCAS,06,LLUSCO,15629,12,12,1,2,080732003,61.18467,1,,1,1,4,1,CAPULI,1113,2,100,000,0,0,0,1,0,1,0, 
2024,08,CUSCO,07,CHUMBIVILCAS,06,LLUSCO,15629,12,12,1,2,080732003,61.18467,1,,1,1,2,1,CAPULI,1113,2,150,000,0,0,0,1,0,1,0, 
2024,08,CUSCO,07,CHUMBIVILCAS,06,LLUSCO,15629,12,12,1,2,080732003,61.18467,1,,1,1,3,2,HIGUERA,1136,2,10,000,0,0,0,1,0,1,0, 
2024,08,CUSCO,07,CHUMBIVILCAS,06,LLUSCO,15629,12,12,1,2,080732003,61.18467,1,,1,1,2,2,MELOCOTONERO,1152,2,60,000,0,0,0,1,0,1,0, 
2024,08,CUSCO,07,CHUMBIVILCAS,06,LLUSCO,15629,12,12,1,2,080732003,61.18467,1,,1,1,4,2,MELOCOTONERO,1152,2,100,000,0,0,0,1,0,1,0, 
2024,08,CUSCO,07,CHUMBIVILCAS,06,LLUSCO,15629,12,12,1,2,080732003,61.18467,1,,1,1,2,3,MANZANO,1149,2,40,000,0,0,0,1,0,1,0, 
2024,08,CUSCO,07,CHUMBIVILCAS,04,COLQUEMARCA,15638,03,03,1,2,080732004,91.37032,1,,1,1,4,1,TUNA FRUTA,1186,2,0,300,0,0,1,0,0,0,0, 
2024,08,CUSCO,07,CHUMBIVILCAS,04,COLQUEMARCA,15638,03,03,1,2,080732004,91.37032,1,,1,1,1,1,TARHUI,2947,1,0,200,0,0,0,1,0,0,1, 
2024,08,CUSCO,07,CHUMBIVILCAS,04,COLQUEMARCA,15638,05,05,1,2,080732004,1.495178,1,,1,1,2,1,MAIZ AMILACEO,2108,1,0,200,0,0,0,1,1,1,0, 
2024,08,CUSCO,07,CHUMBIVILCAS,04,COLQUEMARCA,15638,06,06,1,2,080732004,14.45069,1,,1,1,5,1,TARHUI,2947,1,0,250,0,0,1,1,1,0,0, 
2024,08,CUSCO,07,CHUMBIVILCAS,04,COLQUEMARCA,15641,01,01,1,2,080731003,.6371952,1,,1,1,9,1,HABA,2942,1,0,150,0,0,1,0,0,0,0, 
2024,08,CUSCO,07,CHUMBIVILCAS,04,COLQUEMARCA,15642,06,06,1,2,080742004,282.9048,1,,1,1,2,1,TARHUI,2947,1,0,500,0,1,1,0,0,0,0, 
2024,08,CUSCO,07,CHUMBIVILCAS,04,COLQUEMARCA,15642,06,06,1,2,080742004,282.9048,1,,1,1,2,2,HABA,2942,1,0,200,0,1,1,0,0,0,0, 
2024,08,CUSCO,07,CHUMBIVILCAS,04,COLQUEMARCA,15642,08,08,1,2,080742004,39.67234,1,,1,1,1,1,ARVEJA,2901,1,0,080,0,0,1,0,0,0,0, 
2024,08,CUSCO,07,CHUMBIVILCAS,04,COLQUEMARCA,15644,01,01,1,2,080741003,4.205348,1,,1,1,3,1,TARHUI,2947,1,500,000,0,0,0,0,1,0,0, 
2024,08,CUSCO,07,CHUMBIVILCAS,02,CAPACMARCA,15649,05,05,1,2,080732002,282.9936,1,,1,1,2,1,LIMA,1139,2,20,000,0,0,1,0,0,0,0, 
2024,08,CUSCO,07,CHUMBIVILCAS,02,CAPACMARCA,15649,11,11,1,2,080732002,447.6799,1,,1,1,1,1,MAIZ AMILACEO,2108,1,1500,000,0,0,1,0,0,0,0, 
2024,08,CUSCO,07,CHUMBIVILCAS,02,CAPACMARCA,15649,11,11,1,2,080732002,447.6799,1,,1,1,1,2,PAPA COLOR,2613,1,1500,000,0,0,1,0,0,0,0, 
2024,08,CUSCO,07,CHUMBIVILCAS,02,CAPACMARCA,15650,02,02,1,2,080752004,7.792823,1,,1,1,17,1,TRIGO,2113,1,250,000,0,0,1,0,0,0,0, 
2024,08,CUSCO,07,CHUMBIVILCAS,02,CAPACMARCA,15650,03,03,1,2,080752004,56.33178,1,,1,1,5,1,OCA,2608,1,250,000,0,0,1,0,0,0,0, 
2024,08,CUSCO,07,CHUMBIVILCAS,02,CAPACMARCA,15650,04,04,1,2,080752004,9.072731,1,,1,1,2,1,PAPA BLANCA,2612,1,1000,000,0,0,1,0,0,0,0, 
2024,08,CUSCO,06,CANCHIS,08,TINTA,15662,05,05,1,2,080642002,161.9732,1,,1,1,10,1,PAPA BLANCA,2612,1,200,000,0,0,1,1,0,0,0, 
2024,08,CUSCO,06,CANCHIS,08,TINTA,15665,02,02,1,2,080653002,2.121011,1,,1,1,2,1,CEBADA GRANO,2104,1,2000,000,0,0,1,1,1,0,0, 
2024,08,CUSCO,06,CANCHIS,08,TINTA,15665,02,02,1,2,080653002,2.121011,1,,1,1,2,2,AVENA FORRAJERA,2701,1,2000,000,0,0,0,1,1,1,0, 
2024,08,CUSCO,06,CANCHIS,08,TINTA,15665,07,07,1,2,080653002,3.295456,1,,1,1,19,1,PAPA NATIVA,2615,1,140,000,0,0,1,1,1,0,0, 
2024,08,CUSCO,06,CANCHIS,08,TINTA,15666,01,01,1,2,080632002,107.6546,1,,1,1,7,1,HABA,2942,1,1000,000,0,0,1,1,1,0,0, 
2024,08,CUSCO,06,CANCHIS,08,TINTA,15666,07,07,1,2,080632002,.4058804,1,,1,1,5,1,HABA,2942,1,900,000,0,0,1,0,0,0,0, 
2024,08,CUSCO,06,CANCHIS,08,TINTA,15666,07,07,1,2,080632002,.4058804,1,,1,1,4,1,HABA,2942,1,2000,000,0,0,1,1,0,0,0, 
2024,08,CUSCO,06,CANCHIS,08,TINTA,15667,07,07,1,2,080652003,1.295223,1,,1,1,15,1,HABA,2942,1,500,000,0,0,1,1,1,0,0, 
2024,08,CUSCO,06,CANCHIS,07,SAN PEDRO,15669,04,04,1,2,080631002,60.80599,1,,1,1,1,1,ARVEJA,2901,1,0,330,0,1,0,0,0,0,0, 
2024,08,CUSCO,06,CANCHIS,06,SAN PABLO,15670,08,08,1,2,080631003,.5367121,1,,1,1,1,1,HABA,2942,1,0,100,0,0,1,0,0,0,0, 
2024,08,CUSCO,06,CANCHIS,06,SAN PABLO,15670,11,11,1,2,080631003,.772851,1,,1,1,5,1,AVENA GRANO,2102,1,2,000,0,0,0,1,0,0,0, 
2024,08,CUSCO,06,CANCHIS,06,SAN PABLO,15671,02,02,1,2,080631002,13.08317,1,,1,1,1,1,MAIZ AMILACEO,2108,1,1000,000,0,0,0,1,0,0,0, 
2024,08,CUSCO,06,CANCHIS,06,SAN PABLO,15671,02,02,1,2,080631002,13.08317,1,,1,1,2,1,HABA,2942,1,500,000,0,0,0,1,0,0,0, 
2024,08,CUSCO,06,CANCHIS,06,SAN PABLO,15671,03,03,1,2,080631002,135.5525,1,,1,1,3,1,MAIZ AMILACEO,2108,1,500,000,0,0,0,1,0,0,0, 
2024,08,CUSCO,06,CANCHIS,06,SAN PABLO,15671,08,08,1,2,080631002,10.73798,1,,1,1,1,1,HABA,2942,1,270,000,0,0,1,0,0,0,0, 
2024,08,CUSCO,06,CANCHIS,05,PITUMARCA,15674,02,02,1,2,080654003,7.600533,1,,1,1,2,1,TREBOL,1477,3,0,100,0,0,0,1,1,0,0, 
2024,08,CUSCO,06,CANCHIS,05,PITUMARCA,15676,03,03,1,2,080641002,103.941,1,,1,1,7,1,PAPA NATIVA,2615,1,100,000,0,0,1,1,0,0,0, 
2024,08,CUSCO,06,CANCHIS,05,PITUMARCA,15676,08,08,1,2,080641002,12.17345,1,,1,1,1,1,PAPA NATIVA,2615,1,1190,000,0,0,1,1,0,0,0, 
2024,08,CUSCO,06,CANCHIS,05,PITUMARCA,15676,12,12,1,2,080641002,38.60535,1,,1,1,6,1,PAPA NATIVA,2615,1,100,000,0,0,1,1,0,0,0, 
2024,08,CUSCO,06,CANCHIS,04,MARANGANI,15679,01,01,1,2,080654005,186.638,1,,1,1,3,1,HABA,2942,1,100,000,0,0,1,0,1,0,0, 
2024,08,CUSCO,06,CANCHIS,04,MARANGANI,15679,01,01,1,2,080654005,186.638,1,,1,1,2,1,TRIGO,2113,1,50,000,0,0,0,0,1,0,0, 
2024,08,CUSCO,06,CANCHIS,04,MARANGANI,15679,04,04,1,2,080654005,3862.893,1,,1,1,7,1,AVENA FORRAJERA,2701,1,100,000,0,0,1,0,1,0,1, 
2024,08,CUSCO,06,CANCHIS,04,MARANGANI,15679,05,05,1,2,080654005,1100.034,1,,1,1,4,1,CEBADA FORRAJERA,2703,1,50,000,0,0,1,0,1,0,0, 
2024,08,CUSCO,06,CANCHIS,03,COMBAPATA,15683,04,04,1,2,080631002,76.63269,1,,1,1,1,1,MAIZ AMILACEO,2108,1,1744,000,0,0,1,0,0,0,0, 
2024,08,CUSCO,06,CANCHIS,03,COMBAPATA,15683,07,07,1,2,080631002,48.5719,1,,1,1,1,1,MAIZ AMILACEO,2108,1,420,000,0,0,1,0,0,0,0, 
2024,08,CUSCO,06,CANCHIS,02,CHECACUPE,15687,03,03,1,2,080644005,324.616,1,,1,1,8,1,PAPA BLANCA,2612,1,0,150,1,1,0,0,0,0,0, 
2024,08,CUSCO,06,CANCHIS,02,CHECACUPE,15687,06,06,1,2,080644005,600.7022,1,,1,1,10,1,PAPA BLANCA,2612,1,0,060,0,0,1,0,0,0,0, 
2024,08,CUSCO,06,CANCHIS,01,SICUANI,15694,09,09,1,2,080641002,29.05258,1,,1,1,3,1,HABA,2942,1,200,000,0,0,0,0,1,1,0, 
2024,08,CUSCO,06,CANCHIS,01,SICUANI,15695,02,02,1,2,080641002,141.4315,1,,1,1,1,1,HABA,2942,1,2000,000,0,0,0,1,0,0,0, 
2024,08,CUSCO,06,CANCHIS,01,SICUANI,15695,02,02,1,2,080641002,141.4315,1,,1,1,1,2,AVENA FORRAJERA,2701,1,2935,000,0,0,0,1,0,0,0, 
2024,08,CUSCO,06,CANCHIS,01,SICUANI,15697,01,01,1,2,080641002,33.62197,1,,1,0,4,1,HABA,2942,1,400,000,0,0,1,0,0,0,0, 
2024,08,CUSCO,06,CANCHIS,01,SICUANI,15697,02,02,1,2,080641002,213.6866,1,,1,1,1,1,HABA,2942,1,500,000,0,0,1,0,0,0,0, 
2024,08,CUSCO,06,CANCHIS,01,SICUANI,15697,03,03,1,2,080641002,62.4443,1,,1,1,5,1,HABA,2942,1,1200,000,0,0,1,0,0,0,0, 
2024,08,CUSCO,06,CANCHIS,01,SICUANI,15697,03,03,1,2,080641002,62.4443,1,,1,1,6,1,HABA,2942,1,1000,000,0,0,1,0,0,0,0, 
2024,08,CUSCO,06,CANCHIS,01,SICUANI,15697,03,03,1,2,080641002,62.4443,1,,1,1,16,1,HABA,2942,1,800,000,0,0,1,0,0,0,0, 
2024,08,CUSCO,06,CANCHIS,01,SICUANI,15697,06,06,1,2,080641002,113.0631,1,,1,1,2,1,HABA,2942,1,100,000,0,0,1,0,0,1,0, 
2024,08,CUSCO,06,CANCHIS,01,SICUANI,15697,07,07,1,2,080641002,52.68927,1,,1,1,4,1,HABA,2942,1,500,000,0,0,1,0,0,0,0, 
2024,08,CUSCO,06,CANCHIS,01,SICUANI,15697,07,07,1,2,080641002,52.68927,1,,1,1,1,1,HABA,2942,1,1000,000,0,0,1,0,0,0,0, 
2024,08,CUSCO,06,CANCHIS,01,SICUANI,15697,07,07,1,2,080641002,52.68927,1,,1,1,3,1,HABA,2942,1,500,000,0,0,1,0,0,0,0, 
2024,08,CUSCO,05,CANAS,08,TUPAC AMARU,15699,04,04,1,2,080541005,14.95889,1,,1,1,6,1,PAPA NATIVA,2615,1,830,000,0,0,1,1,1,0,0, 
2024,08,CUSCO,05,CANAS,08,TUPAC AMARU,15700,03,03,1,2,080542003,9.51172,1,,1,1,4,1,CEBADA GRANO,2104,1,200,000,0,0,1,1,1,0,0, 
2024,08,CUSCO,05,CANAS,08,TUPAC AMARU,15700,06,06,1,2,080542003,4.225581,1,,1,1,6,1,PAPA NATIVA,2615,1,300,000,0,0,1,1,1,0,0, 
2024,08,CUSCO,05,CANAS,08,TUPAC AMARU,15703,02,02,1,2,080541002,54.44846,1,,1,1,1,1,RYE GRASS,1476,3,1000,000,0,0,0,1,1,1,0, 
2024,08,CUSCO,05,CANAS,08,TUPAC AMARU,15703,02,02,1,2,080541002,54.44846,1,,1,1,2,1,ALFALFA,1401,3,200,000,0,0,0,0,0,1,1, 
2024,08,CUSCO,05,CANAS,08,TUPAC AMARU,15703,06,06,1,2,080541002,112.1092,1,,1,1,4,1,PAPA BLANCA,2612,1,500,000,0,1,1,0,0,0,0, 
2024,08,CUSCO,05,CANAS,08,TUPAC AMARU,15706,03,03,1,2,080544003,4.788175,1,,1,1,3,1,AVENA FORRAJERA,2701,1,500,000,0,1,0,0,0,0,1, 
2024,08,CUSCO,05,CANAS,08,TUPAC AMARU,15706,04,04,1,2,080544003,25.06361,1,,1,1,3,1,PAPA BLANCA,2612,1,400,000,0,0,1,0,0,0,0, 
2024,08,CUSCO,05,CANAS,06,PAMPAMARCA,15709,10,10,1,2,080532002,1.052172,1,,1,1,2,1,HABA,2942,1,700,000,0,0,0,1,1,0,0, 
2024,08,CUSCO,05,CANAS,06,PAMPAMARCA,15710,09,09,1,2,080531003,.0263992,1,,1,1,8,1,MAIZ AMILACEO,2108,1,250,000,0,0,1,1,1,0,0, 
2024,08,CUSCO,05,CANAS,06,PAMPAMARCA,15710,14,14,1,2,080531003,.0342097,1,,1,1,2,1,PAPA NATIVA,2615,1,1000,000,0,0,1,1,0,0,0, 
2024,08,CUSCO,05,CANAS,06,PAMPAMARCA,15710,14,14,1,2,080531003,.0342097,1,,1,1,14,1,MAIZ AMILACEO,2108,1,500,000,0,0,1,1,0,0,0, 
2024,08,CUSCO,05,CANAS,06,PAMPAMARCA,15710,14,14,1,2,080531003,.0342097,1,,1,1,7,1,PAPA NATIVA,2615,1,1000,000,0,0,1,1,0,0,0, 
2024,08,CUSCO,05,CANAS,06,PAMPAMARCA,15710,14,14,1,2,080531003,.0342097,1,,1,1,5,1,MAIZ AMILACEO,2108,1,1000,000,0,0,1,1,0,0,0, 
2024,08,CUSCO,05,CANAS,06,PAMPAMARCA,15710,14,14,1,2,080531003,.0342097,1,,1,1,6,1,PAPA NATIVA,2615,1,1000,000,0,0,1,1,0,0,0, 
2024,08,CUSCO,05,CANAS,06,PAMPAMARCA,15710,14,14,1,2,080531003,.0342097,1,,1,1,4,1,MAIZ AMILACEO,2108,1,1000,000,0,0,1,1,0,0,0, 
2024,08,CUSCO,05,CANAS,06,PAMPAMARCA,15710,14,14,1,2,080531003,.0342097,1,,1,1,2,2,MAIZ AMILACEO,2108,1,1000,000,0,0,1,1,0,0,0, 
2024,08,CUSCO,05,CANAS,05,LAYO,15713,03,03,1,2,080551002,7.15859,1,,1,1,2,1,PAPA NATIVA,2615,1,500,000,0,0,0,1,1,0,0, 
2024,08,CUSCO,05,CANAS,05,LAYO,15713,05,05,1,2,080551002,.4104214,1,,1,1,2,1,TRIGO,2113,1,100,000,0,0,1,0,0,0,0, 
2024,08,CUSCO,05,CANAS,05,LAYO,15714,02,02,1,2,080551004,74.8565,1,,1,1,2,1,PAPA NATIVA,2615,1,0,100,0,0,0,1,1,0,0, 
2024,08,CUSCO,05,CANAS,05,LAYO,15715,01,01,1,2,080554004,19.26187,1,,1,1,2,1,PAPA NATIVA,2615,1,0,250,0,0,1,1,0,0,0, 
2024,08,CUSCO,05,CANAS,05,LAYO,15716,01,01,1,2,080551004,112.6724,1,,1,1,4,1,QUINUA,2111,1,0,150,0,0,0,0,1,0,0, 
2024,08,CUSCO,05,CANAS,05,LAYO,15716,07,07,1,2,080551004,2.216378,1,,1,1,3,1,QUINUA,2111,1,0,250,0,0,0,0,1,0,0, 
2024,08,CUSCO,05,CANAS,05,LAYO,15716,07,07,1,2,080551004,2.216378,1,,1,1,2,1,PAPA NATIVA,2615,1,0,125,0,0,1,0,1,0,0, 
2024,08,CUSCO,05,CANAS,05,LAYO,15718,01,01,1,2,080551002,110.0988,1,,1,1,6,1,HABA,2942,1,0,020,0,0,1,0,0,0,0, 
2024,08,CUSCO,05,CANAS,05,LAYO,15720,03,03,1,2,080551004,20.38526,1,,1,1,1,1,HABA,2942,1,0,050,0,0,0,1,1,0,0, 
2024,08,CUSCO,04,CALCA,08,YANATILE,15737,02,02,1,2,080472005,5.845113,1,,1,1,2,1,PACAE,1159,2,0,010,0,0,1,0,0,0,0, 
2024,08,CUSCO,04,CALCA,08,YANATILE,15737,02,02,1,2,080472005,5.845113,1,,1,1,1,1,PACAE,1159,2,0,060,0,0,1,0,0,0,0, 
2024,08,CUSCO,04,CALCA,08,YANATILE,15737,02,02,1,2,080472005,5.845113,1,,1,1,4,1,PACAE,1159,2,0,090,0,0,1,0,0,0,0, 
2024,08,CUSCO,04,CALCA,08,YANATILE,15737,02,02,1,2,080472005,5.845113,1,,1,1,1,2,NARANJO,1156,2,0,010,0,0,1,0,0,0,0, 
2024,08,CUSCO,04,CALCA,08,YANATILE,15737,03,03,1,2,080472005,11.31536,1,,1,1,1,1,PACAE,1159,2,0,770,0,0,1,0,0,0,0, 
2024,08,CUSCO,04,CALCA,08,YANATILE,15737,03,03,1,2,080472005,11.31536,1,,1,1,2,1,PLATANO,1171,3,0,015,0,0,1,0,0,0,0, 
2024,08,CUSCO,04,CALCA,08,YANATILE,15737,03,03,1,2,080472005,11.31536,1,,1,1,3,1,PACAE,1159,2,0,025,0,0,1,0,0,0,0, 
2024,08,CUSCO,04,CALCA,08,YANATILE,15737,04,04,1,2,080472005,7.293145,1,,1,0,2,1,LUCUMO,1143,3,0,030,0,0,1,0,0,0,0, 
2024,08,CUSCO,04,CALCA,08,YANATILE,15737,04,04,1,2,080472005,7.293145,1,,1,0,1,1,PACAE,1159,2,0,200,0,0,1,0,0,0,0, 
2024,08,CUSCO,04,CALCA,08,YANATILE,15737,04,04,1,2,080472005,7.293145,1,,1,0,2,2,NARANJO,1156,2,0,030,0,0,1,0,0,0,0, 
2024,08,CUSCO,04,CALCA,08,YANATILE,15737,05,05,1,2,080472005,11.96821,1,,1,1,1,1,CAFE PERGAMINO,1203,2,0,910,0,0,1,0,0,0,0, 
2024,08,CUSCO,04,CALCA,08,YANATILE,15737,07,07,1,2,080472005,1.0297,1,,1,1,1,1,PACAE,1159,2,0,064,0,0,1,0,0,0,0, 
2024,08,CUSCO,04,CALCA,08,YANATILE,15737,07,07,1,2,080472005,1.0297,1,,1,1,1,2,NARANJO,1156,2,0,060,0,0,1,0,0,0,0, 
2024,08,CUSCO,04,CALCA,08,YANATILE,15738,01,01,1,3,080472002,157.1759,1,,1,1,3,1,PLATANO,1171,3,0,100,0,0,1,0,0,0,0, 
2024,08,CUSCO,04,CALCA,08,YANATILE,15740,05,05,1,2,080472003,18.52944,1,,1,1,1,1,PAPA BLANCA,2612,1,0,100,0,0,1,0,0,0,0, 
2024,08,CUSCO,04,CALCA,07,TARAY,15743,02,02,1,2,080444002,58.62415,1,,1,1,8,1,CEBOLLA CHINA,2316,1,0,015,0,0,0,0,1,0,0, 
2024,08,CUSCO,04,CALCA,07,TARAY,15743,04,04,1,2,080444002,2.958377,1,,1,1,2,1,TARHUI,2947,1,0,100,0,0,1,0,0,0,0, 
2024,08,CUSCO,04,CALCA,07,TARAY,15743,05,05,1,2,080444002,.0158906,1,,1,1,25,1,PAPA BLANCA,2612,1,150,000,0,0,0,0,0,0,1, 
2024,08,CUSCO,04,CALCA,07,TARAY,15743,05,05,1,2,080444002,.0158906,1,,1,1,6,1,ZANAHORIA,2344,1,250,000,0,0,0,0,1,0,0, 
2024,08,CUSCO,04,CALCA,07,TARAY,15743,05,05,1,2,080444002,.0158906,1,,1,1,6,2,BETARRAGA,2310,1,250,000,0,0,0,1,1,0,0, 
2024,08,CUSCO,04,CALCA,07,TARAY,15743,06,06,1,2,080444002,1.138325,1,,1,1,4,1,TRIGO,2113,1,0,100,0,0,1,1,1,0,0, 
2024,08,CUSCO,04,CALCA,07,TARAY,15746,01,01,1,2,080432002,1020.394,1,,1,1,4,1,HIERBA BUENA,2323,1,0,002,0,0,1,0,0,0,0, 
2024,08,CUSCO,04,CALCA,06,SAN SALVADOR,15747,02,02,1,2,080442004,6.627107,1,,1,1,2,1,HABA,2942,1,2500,000,0,0,0,0,0,1,0, 
2024,08,CUSCO,04,CALCA,06,SAN SALVADOR,15747,07,07,1,2,080442004,8.453208,1,,1,1,15,1,PAPA BLANCA,2612,1,200,000,0,0,1,1,1,1,0, 
2024,08,CUSCO,04,CALCA,06,SAN SALVADOR,15747,07,07,1,2,080442004,8.453208,1,,1,1,7,1,PAPA BLANCA,2612,1,1000,000,0,0,1,1,1,0,0, 
2024,08,CUSCO,04,CALCA,06,SAN SALVADOR,15747,07,07,1,2,080442004,8.453208,1,,1,1,15,2,OCA,2608,1,150,000,0,0,1,1,1,1,0, 
2024,08,CUSCO,04,CALCA,06,SAN SALVADOR,15747,07,07,1,2,080442004,8.453208,1,,1,1,15,3,OLLUCO,2609,1,150,000,0,0,1,1,1,1,0, 
2024,08,CUSCO,04,CALCA,06,SAN SALVADOR,15749,07,07,1,2,080434005,43.43335,1,,1,1,1,1,PAPA BLANCA,2612,1,100,000,0,0,0,0,0,1,0, 
2024,08,CUSCO,04,CALCA,06,SAN SALVADOR,15750,02,02,1,2,080452002,46.05972,1,,1,1,3,1,PAPA NATIVA,2615,1,250,000,0,0,1,1,0,0,0, 
2024,08,CUSCO,04,CALCA,05,PISAC,15751,03,03,1,2,080454005,218.8149,1,,1,1,3,1,ARVEJA,2901,1,0,100,0,0,0,1,1,1,0, 
2024,08,CUSCO,04,CALCA,05,PISAC,15751,04,04,1,2,080454005,15083.86,1,,1,1,12,1,HABA,2942,1,0,080,0,0,1,1,1,1,0, 
2024,08,CUSCO,04,CALCA,04,LARES,15760,05,05,1,2,080443003,.2775471,1,,1,1,1,1,PAPA NATIVA,2615,1,100,000,0,0,1,1,0,0,0, 
2024,08,CUSCO,04,CALCA,04,LARES,15761,01,01,1,2,080453002,10.58331,1,,1,1,7,1,COL,2319,1,50,000,0,0,0,1,1,0,0, 
2024,08,CUSCO,04,CALCA,04,LARES,15761,02,02,1,2,080453002,.7243174,1,,1,1,2,1,COL,2319,1,5,000,0,0,0,0,0,0,1, 
2024,08,CUSCO,04,CALCA,03,LAMAY,15763,03,03,1,2,080444004,34.65582,1,,1,1,8,1,TRIGO,2113,1,3300,000,0,0,0,1,1,0,0, 
2024,08,CUSCO,04,CALCA,03,LAMAY,15764,02,02,1,2,080443004,.9811071,1,,1,1,10,1,CEBADA GRANO,2104,1,1800,000,0,0,0,1,1,0,1, 
2024,08,CUSCO,04,CALCA,03,LAMAY,15764,02,02,1,2,080443004,.9811071,1,,1,1,5,1,TRIGO,2113,1,3300,000,0,0,0,1,1,0,1, 
2024,08,CUSCO,04,CALCA,02,COYA,15765,05,05,1,2,080432002,440.9036,1,,1,1,1,1,HABA,2942,1,100,000,0,0,1,0,0,0,0, 
2024,08,CUSCO,04,CALCA,02,COYA,15765,09,09,1,2,080432002,208.0211,1,,1,1,1,1,HABA,2942,1,20,000,0,0,1,0,0,0,0, 
2024,08,CUSCO,04,CALCA,02,COYA,15765,09,09,1,2,080432002,208.0211,1,,1,1,1,2,ARVEJA,2901,1,30,000,0,0,1,0,0,0,0, 
2024,08,CUSCO,04,CALCA,01,CALCA,15769,04,04,1,2,080431002,.4499961,1,,1,1,3,1,MAIZ AMILACEO,2108,1,3000,000,0,0,1,0,0,0,0, 
2024,08,CUSCO,03,ANTA,09,ZURITE,15776,07,07,1,2,080331005,1.978793,1,,1,1,4,1,MAIZ AMILACEO,2108,1,0,100,0,0,1,0,0,0,0, 
2024,08,CUSCO,03,ANTA,07,MOLLEPATA,15781,02,02,1,2,080332003,126.6948,1,,1,1,3,1,ZAPALLO,2345,1,0,500,0,0,0,1,0,0,1, 
2024,08,CUSCO,03,ANTA,07,MOLLEPATA,15785,01,01,1,2,080372003,1.699897,1,,1,1,1,1,MAIZ AMILACEO,2108,1,25000,000,0,0,1,1,1,1,0, 
2024,08,CUSCO,03,ANTA,06,LIMATAMBO,15787,01,01,1,2,080334004,4.904325,1,,1,1,2,1,MAIZ AMARILLO DURO,2107,1,2500,000,0,0,1,1,1,1,0, 
2024,08,CUSCO,03,ANTA,06,LIMATAMBO,15789,01,01,1,2,080342003,257.5275,1,,1,1,8,1,AJO,2303,1,0,010,0,0,1,1,0,0,0, 
2024,08,CUSCO,03,ANTA,06,LIMATAMBO,15789,02,02,1,2,080342003,27.4378,1,,1,1,2,1,HABA,2942,1,1000,000,0,0,1,0,0,0,0, 
2024,08,CUSCO,03,ANTA,06,LIMATAMBO,15790,09,09,1,2,080332005,1.194529,1,,1,1,3,1,HABA,2942,1,300,000,0,0,1,0,0,0,0, 
2024,08,CUSCO,03,ANTA,04,CHINCHAYPUJIO,15802,02,02,1,2,080333003,1.863892,1,,1,1,1,1,TARHUI,2947,1,1000,000,0,0,0,0,0,1,0, 
2024,08,CUSCO,03,ANTA,04,CHINCHAYPUJIO,15802,02,02,1,2,080333003,1.863892,1,,1,1,6,1,TARHUI,2947,1,3300,000,0,0,1,1,1,0,0, 
2024,08,CUSCO,03,ANTA,04,CHINCHAYPUJIO,15803,01,01,1,2,080352002,1.162521,1,,1,1,4,1,TARHUI,2947,1,1000,000,0,1,1,0,0,0,0, 
2024,08,CUSCO,03,ANTA,04,CHINCHAYPUJIO,15803,02,02,1,2,080352002,.025083,1,,1,1,6,1,CEBADA GRANO,2104,1,3000,000,0,0,0,0,1,0,0, 
2024,08,CUSCO,03,ANTA,03,CACHIMAYO,15805,01,01,1,2,080331002,10.10466,1,,1,1,1,1,HABA,2942,1,100,000,0,0,0,1,0,0,0, 
2024,08,CUSCO,03,ANTA,03,CACHIMAYO,15805,01,01,1,2,080331002,10.10466,1,,1,1,1,2,AVENA GRANO,2102,1,100,000,0,0,0,1,0,0,0, 
2024,08,CUSCO,03,ANTA,03,CACHIMAYO,15805,01,01,1,2,080331002,10.10466,1,,1,1,1,3,CEBADA FORRAJERA,2703,1,100,000,0,0,0,1,0,0,0, 
2024,08,CUSCO,03,ANTA,03,CACHIMAYO,15805,03,03,1,2,080331002,4.439167,1,,1,1,4,1,TRIGO,2113,1,1200,000,0,0,0,1,1,0,0, 
2024,08,CUSCO,03,ANTA,03,CACHIMAYO,15805,04,04,1,2,080331002,63.38624,1,,1,0,2,1,MAIZ AMILACEO,2108,1,0,500,0,0,0,1,0,0,0, 
2024,08,CUSCO,03,ANTA,03,CACHIMAYO,15805,04,04,1,2,080331002,63.38624,1,,1,0,3,1,MAIZ AMILACEO,2108,1,0,500,0,0,0,1,0,0,0, 
2024,08,CUSCO,03,ANTA,03,CACHIMAYO,15805,04,04,1,2,080331002,63.38624,1,,1,0,4,1,MAIZ AMILACEO,2108,1,0,250,0,0,0,1,0,0,0, 
2024,08,CUSCO,03,ANTA,03,CACHIMAYO,15808,01,01,1,2,080341003,1.95372,1,,1,1,4,1,CEBADA FORRAJERA,2703,1,2000,000,0,0,0,1,0,0,1, 
2024,08,CUSCO,03,ANTA,03,CACHIMAYO,15808,02,02,1,2,080341003,13.66264,1,,1,1,1,1,CEBADA FORRAJERA,2703,1,0,500,0,0,0,1,0,0,1, 
2024,08,CUSCO,03,ANTA,03,CACHIMAYO,15808,04,04,1,2,080341003,11.96805,1,,1,1,3,1,CEBADA GRANO,2104,1,3000,000,0,0,0,1,0,0,1, 
2024,08,CUSCO,03,ANTA,03,CACHIMAYO,15808,04,04,1,2,080341003,11.96805,1,,1,1,2,1,CEBADA FORRAJERA,2703,1,1000,000,0,0,0,1,0,0,1, 
2024,08,CUSCO,03,ANTA,03,CACHIMAYO,15808,04,04,1,2,080341003,11.96805,1,,1,1,1,1,AVENA GRANO,2102,1,1000,000,0,0,0,1,0,0,1, 
2024,08,CUSCO,03,ANTA,03,CACHIMAYO,15808,07,07,1,2,080341003,12.60283,1,,1,1,7,1,TARHUI,2947,1,5000,000,0,0,0,1,0,0,1, 
2024,08,CUSCO,03,ANTA,03,CACHIMAYO,15808,08,08,1,2,080341003,15.52834,1,,1,1,10,1,AVENA FORRAJERA,2701,1,2500,000,0,0,0,1,0,1,0, 
2024,08,CUSCO,03,ANTA,02,ANCAHUASI,15809,07,07,1,2,080341004,114.3471,1,,1,1,1,1,PAPA BLANCA,2612,1,150,000,0,0,0,1,0,0,0, 
2024,08,CUSCO,03,ANTA,02,ANCAHUASI,15811,02,02,1,2,080332002,651.6106,1,,1,1,3,1,TRIGO,2113,1,3300,000,0,0,0,0,0,1,0, 
2024,08,CUSCO,03,ANTA,02,ANCAHUASI,15812,01,01,1,2,080341002,.0085785,1,,1,1,1,1,HABA,2942,1,145,000,0,0,1,0,0,0,0, 
2024,08,CUSCO,03,ANTA,02,ANCAHUASI,15812,01,01,1,2,080341002,.0085785,1,,1,1,4,1,MAIZ AMILACEO,2108,1,1000,000,0,0,0,0,0,0,1, 
2024,08,CUSCO,03,ANTA,02,ANCAHUASI,15813,04,04,1,2,080341002,27.31132,1,,1,1,6,1,HABA,2942,1,1600,000,0,0,0,0,1,0,0, 
2024,08,CUSCO,03,ANTA,02,ANCAHUASI,15813,04,04,1,2,080341002,27.31132,1,,1,1,5,1,HABA,2942,1,800,000,0,0,0,0,1,0,0, 
2024,08,CUSCO,03,ANTA,02,ANCAHUASI,15814,01,01,1,2,080354002,11.67812,1,,1,1,8,1,HABA,2942,1,0,500,0,0,0,1,1,0,0, 
2024,08,CUSCO,03,ANTA,02,ANCAHUASI,15817,03,03,1,2,080331004,545.4412,1,,1,1,1,1,ZANAHORIA,2344,1,1000,000,0,0,0,0,0,0,1, 
2024,08,CUSCO,03,ANTA,02,ANCAHUASI,15817,05,05,1,2,080331004,71.62323,1,,1,1,1,1,HABA,2942,1,200,000,0,0,1,1,1,0,0, 
2024,08,CUSCO,03,ANTA,02,ANCAHUASI,15819,02,02,1,2,080351002,.3267364,1,,1,1,7,1,HABA,2942,1,0,500,0,0,0,1,0,0,0, 
2024,08,CUSCO,03,ANTA,01,ANTA,15825,01,01,1,2,080331002,39.70241,1,,1,1,2,1,QUINUA,2111,1,2000,000,0,0,0,0,1,0,0, 
2024,08,CUSCO,03,ANTA,01,ANTA,15825,02,02,1,2,080331002,29.60761,1,,1,1,6,1,PAPA BLANCA,2612,1,100,000,0,0,1,0,0,1,0, 
2024,08,CUSCO,03,ANTA,01,ANTA,15825,03,03,1,2,080331002,12.53795,1,,1,1,4,1,HABA,2942,1,100,000,0,0,1,0,0,1,0, 
2024,08,CUSCO,03,ANTA,01,ANTA,15825,04,04,1,2,080331002,90.53044,1,,1,1,5,1,CEBADA FORRAJERA,2703,1,600,000,0,0,0,1,1,1,0, 
2024,08,CUSCO,03,ANTA,01,ANTA,15825,06,06,1,2,080331002,11.68712,1,,1,1,3,1,QUINUA,2111,1,3000,000,0,0,0,0,1,0,0, 
2024,08,CUSCO,03,ANTA,01,ANTA,15825,07,07,1,2,080331002,2.67681,1,,1,1,1,1,HABA,2942,1,2000,000,0,0,0,1,1,1,0, 
2024,08,CUSCO,03,ANTA,01,ANTA,15825,07,07,1,2,080331002,2.67681,1,,1,1,4,1,HABA,2942,1,200,000,0,0,0,0,0,1,0, 
2024,08,CUSCO,02,ACOMAYO,06,RONDOCAN,15835,02,02,1,2,080233003,.2199508,1,,1,1,1,1,AVENA FORRAJERA,2701,1,1900,000,0,0,0,0,0,1,0, 
2024,08,CUSCO,02,ACOMAYO,06,RONDOCAN,15836,02,02,1,2,080232002,262.4055,1,,1,1,11,1,MAIZ AMILACEO,2108,1,0,025,0,0,1,0,0,0,0, 
2024,08,CUSCO,02,ACOMAYO,06,RONDOCAN,15837,01,01,1,2,080244002,30.59992,1,,1,1,11,1,OCA,2608,1,100,000,0,0,1,0,0,0,0, 
2024,08,CUSCO,02,ACOMAYO,06,RONDOCAN,15837,01,01,1,2,080244002,30.59992,1,,1,1,2,1,HABA,2942,1,200,000,0,0,1,0,0,0,0, 
2024,08,CUSCO,02,ACOMAYO,06,RONDOCAN,15837,01,01,1,2,080244002,30.59992,1,,1,1,11,2,MASHUA,2606,1,100,000,0,0,1,0,0,0,0, 
2024,08,CUSCO,02,ACOMAYO,06,RONDOCAN,15838,02,02,1,2,080243003,.273747,1,,1,1,9,1,OCA,2608,1,50,000,0,0,1,0,0,0,0, 
2024,08,CUSCO,02,ACOMAYO,06,RONDOCAN,15838,02,02,1,2,080243003,.273747,1,,1,1,7,1,HABA,2942,1,1650,000,0,0,1,0,0,0,0, 
2024,08,CUSCO,02,ACOMAYO,06,RONDOCAN,15838,02,02,1,2,080243003,.273747,1,,1,1,9,2,MASHUA,2606,1,50,000,0,0,1,0,0,0,0, 
2024,08,CUSCO,02,ACOMAYO,06,RONDOCAN,15841,01,01,1,2,080244003,22.3061,1,,1,1,3,1,HABA,2942,1,1000,000,0,0,1,0,0,0,0, 
2024,08,CUSCO,02,ACOMAYO,06,RONDOCAN,15841,02,02,1,2,080244003,17.7916,1,,1,1,4,1,HABA,2942,1,0,100,0,0,1,0,0,0,0, 
2024,08,CUSCO,02,ACOMAYO,06,RONDOCAN,15841,02,02,1,2,080244003,17.7916,1,,1,1,2,1,TARHUI,2947,1,0,050,0,0,0,1,1,0,0, 
2024,08,CUSCO,02,ACOMAYO,05,POMACANCHI,15848,02,02,1,2,080254003,8.446301,1,,1,1,15,1,PAPA NATIVA,2615,1,500,000,0,1,0,0,0,0,0, 
2024,08,CUSCO,02,ACOMAYO,05,POMACANCHI,15848,02,02,1,2,080254003,8.446301,1,,1,1,5,1,MAIZ AMILACEO,2108,1,900,000,0,1,0,0,0,0,0, 
2024,08,CUSCO,02,ACOMAYO,05,POMACANCHI,15851,01,01,1,2,080253002,20.19573,1,,1,1,6,1,HABA,2942,1,1000,000,0,0,1,0,0,0,0, 
2024,08,CUSCO,02,ACOMAYO,03,ACOS,15854,01,01,1,2,080254002,59.25708,1,,1,1,5,1,PAPA NATIVA,2615,1,0,100,0,0,1,1,1,0,0, 
2024,08,CUSCO,02,ACOMAYO,03,ACOS,15854,01,01,1,2,080254002,59.25708,1,,1,1,8,1,PAPA NATIVA,2615,1,0,015,0,0,1,0,0,0,0, 
2024,08,CUSCO,02,ACOMAYO,03,ACOS,15854,01,01,1,2,080254002,59.25708,1,,1,1,8,2,HABA,2942,1,0,015,0,0,1,0,0,0,0, 
2024,08,CUSCO,02,ACOMAYO,01,ACOMAYO,15861,02,02,1,2,080244005,170.0285,1,,1,1,2,1,PAPA HUAYRO,2614,1,0,020,0,0,1,1,1,0,0, 
2024,08,CUSCO,02,ACOMAYO,01,ACOMAYO,15863,03,03,1,2,080242005,3.217284,1,,1,1,2,1,PAPA BLANCA,2612,1,0,040,0,0,1,0,1,1,0, 
2024,08,CUSCO,01,CUSCO,07,SAYLLA,15864,02,02,1,2,080144005,.942391,1,,1,0,2,1,CEBADA GRANO,2104,1,1,500,0,0,0,1,0,0,0, 
2024,08,CUSCO,01,CUSCO,07,SAYLLA,15864,02,02,1,2,080144005,.942391,1,,1,0,2,2,AVENA GRANO,2102,1,1,200,0,0,0,1,0,0,0, 
2024,08,CUSCO,01,CUSCO,07,SAYLLA,15864,02,02,1,2,080144005,.942391,1,,1,0,2,3,RYE GRASS,1476,3,0,040,0,0,0,0,0,1,0, 
2024,08,CUSCO,01,CUSCO,05,SAN SEBASTIAN,15873,02,02,1,2,080132003,2.866725,1,,1,1,2,1,CEBADA FORRAJERA,2703,1,100,000,0,0,0,0,0,1,0, 
2024,08,CUSCO,01,CUSCO,05,SAN SEBASTIAN,15873,02,02,1,2,080132003,2.866725,1,,1,1,1,1,BETARRAGA,2310,1,1250,000,0,0,0,0,1,1,0, 
2024,08,CUSCO,01,CUSCO,05,SAN SEBASTIAN,15873,10,10,1,2,080132003,6.438951,1,,1,0,1,1,HABA,2942,1,150,000,0,0,0,0,0,1,0, 
2024,08,CUSCO,01,CUSCO,04,SAN JERONIMO,15877,02,02,1,2,080133005,.2858121,1,,1,1,2,1,MAIZ AMILACEO,2108,1,750,000,0,0,1,0,0,1,0, 
2024,08,CUSCO,01,CUSCO,04,SAN JERONIMO,15877,03,03,1,2,080133005,.6887906,1,,1,1,4,1,HABA,2942,1,3200,000,0,0,0,1,0,0,0, 
2024,07,CALLAO,01,CALLAO,06,VENTANILLA,15884,01,01,1,1,070111002,.1616955,1,,1,1,1,1,FRIJOL CAUPI,2911,1,0,775,0,0,0,0,0,1,0, 
2024,07,CALLAO,01,CALLAO,06,VENTANILLA,15885,01,01,1,1,070111002,1.35737,1,,1,0,1,1,ALBAHACA,2304,1,1,760,0,1,0,0,0,0,0, 
2024,07,CALLAO,01,CALLAO,06,VENTANILLA,15885,01,01,1,1,070111002,1.35737,1,,1,0,1,2,AJI,2302,1,1,135,0,1,0,0,0,0,0, 
2024,06,CAJAMARCA,13,SANTA CRUZ,10,UTICYACU,15890,02,02,1,2,061331003,104.4877,1,,1,1,1,1,FRIJOL BLANCO,2907,1,0,010,0,0,1,0,0,0,0, 
2024,06,CAJAMARCA,13,SANTA CRUZ,09,SEXI,15892,01,01,1,2,061323005,.787396,1,,1,1,2,1,TRIGO,2113,1,0,200,0,0,0,0,0,1,0, 
2024,06,CAJAMARCA,13,SANTA CRUZ,06,NINABAMBA,15903,01,01,1,2,061321003,326.4952,1,,1,1,1,1,GUAYABO,1134,2,0,040,0,0,1,0,0,0,0, 
2024,06,CAJAMARCA,13,SANTA CRUZ,06,NINABAMBA,15903,04,04,1,2,061321003,110.2317,1,,1,1,3,1,PAPA BLANCA,2612,1,0,050,0,0,1,0,0,0,0, 
2024,06,CAJAMARCA,13,SANTA CRUZ,06,NINABAMBA,15904,02,02,1,2,061321003,114.1965,1,,1,1,2,1,PAPA BLANCA,2612,1,0,050,0,0,1,0,0,0,0, 
2024,06,CAJAMARCA,13,SANTA CRUZ,06,NINABAMBA,15904,03,03,1,2,061321003,22.17035,1,,1,1,2,1,PALTO,1162,2,0,015,0,0,1,0,0,0,0, 
2024,06,CAJAMARCA,13,SANTA CRUZ,06,NINABAMBA,15904,03,03,1,2,061321003,22.17035,1,,1,1,1,1,MAIZ AMILACEO,2108,1,0,180,0,0,1,0,0,0,0, 
2024,06,CAJAMARCA,13,SANTA CRUZ,06,NINABAMBA,15904,03,03,1,2,061321003,22.17035,1,,1,1,2,2,CHIRIMOYO,1121,2,0,005,0,0,1,0,0,0,0, 
2024,06,CAJAMARCA,13,SANTA CRUZ,05,LA ESPERANZA,15905,02,02,1,1,061323003,17.24905,1,,1,1,2,1,MAIZ AMARILLO DURO,2107,1,0,475,0,0,1,0,0,1,0, 
2024,06,CAJAMARCA,13,SANTA CRUZ,04,CHANCAYBAÑOS,15906,04,04,1,1,061322004,13.79419,1,,1,1,3,1,MAIZ AMILACEO,2108,1,0,140,0,0,1,0,0,1,0, 
2024,06,CAJAMARCA,13,SANTA CRUZ,02,ANDABAMBA,15924,02,02,1,2,061321002,1803.342,1,,1,1,2,1,GUAYABO,1134,2,0,006,0,0,1,0,0,0,0, 
2024,06,CAJAMARCA,13,SANTA CRUZ,02,ANDABAMBA,15924,02,02,1,2,061321002,1803.342,1,,1,1,1,1,MELOCOTONERO,1152,2,0,002,0,0,1,0,0,0,0, 
2024,06,CAJAMARCA,13,SANTA CRUZ,02,ANDABAMBA,15924,02,02,1,2,061321002,1803.342,1,,1,1,1,2,CHIRIMOYO,1121,2,0,030,0,0,1,0,0,0,0, 
2024,06,CAJAMARCA,13,SANTA CRUZ,02,ANDABAMBA,15924,02,02,1,2,061321002,1803.342,1,,1,1,1,3,GUAYABO,1134,2,0,010,0,0,1,0,0,0,0, 
2024,06,CAJAMARCA,13,SANTA CRUZ,02,ANDABAMBA,15924,03,03,1,2,061321002,39.25798,1,,1,1,1,1,PALTO,1162,2,0,001,0,0,1,0,0,0,0, 
2024,06,CAJAMARCA,13,SANTA CRUZ,02,ANDABAMBA,15924,03,03,1,2,061321002,39.25798,1,,1,1,1,2,CHIRIMOYO,1121,2,0,005,0,0,1,0,0,0,0, 
2024,06,CAJAMARCA,13,SANTA CRUZ,02,ANDABAMBA,15924,03,03,1,2,061321002,39.25798,1,,1,1,1,3,GUAYABO,1134,2,0,002,0,0,1,0,0,0,0, 
2024,06,CAJAMARCA,12,SAN PABLO,04,TUMBADEN,15930,01,01,1,2,061231004,39.97373,1,,1,1,2,1,TRIGO,2113,1,0,200,0,0,1,0,0,0,0, 
2024,06,CAJAMARCA,12,SAN PABLO,04,TUMBADEN,15933,05,05,1,2,061244003,.3011452,1,,1,1,1,1,RYE GRASS,1476,3,0,302,0,0,0,1,0,0,0, 
2024,06,CAJAMARCA,12,SAN PABLO,04,TUMBADEN,15937,02,02,1,2,061243003,8.745187,1,,1,1,3,1,PAPA BLANCA,2612,1,0,100,0,0,0,1,0,0,0, 
2024,06,CAJAMARCA,12,SAN PABLO,04,TUMBADEN,15937,03,03,1,2,061243003,6.692805,1,,1,1,1,1,PAPA BLANCA,2612,1,0,200,0,0,0,1,0,0,0, 
2024,06,CAJAMARCA,12,SAN PABLO,04,TUMBADEN,15937,03,03,1,2,061243003,6.692805,1,,1,1,1,2,HABA,2942,1,0,020,0,0,0,1,0,0,0, 
2024,06,CAJAMARCA,12,SAN PABLO,04,TUMBADEN,15938,02,02,1,2,061231003,74.02755,1,,1,1,3,1,MAIZ AMILACEO,2108,1,0,100,0,0,1,0,0,0,0, 
2024,06,CAJAMARCA,12,SAN PABLO,04,TUMBADEN,15938,05,05,1,2,061231003,107.3972,1,,1,1,3,1,MAIZ AMILACEO,2108,1,0,150,0,0,1,0,0,0,0, 
2024,06,CAJAMARCA,12,SAN PABLO,04,TUMBADEN,15938,05,05,1,2,061231003,107.3972,1,,1,1,3,2,FRIJOL BLANCO,2907,1,0,050,0,0,1,0,0,0,0, 
2024,06,CAJAMARCA,12,SAN PABLO,04,TUMBADEN,15939,04,04,1,2,061241004,.0993327,1,,1,1,3,1,PASTO DACTYLIS,1422,3,0,250,0,0,0,1,0,0,0, 
2024,06,CAJAMARCA,12,SAN PABLO,03,SAN LUIS,15942,02,02,1,1,061224003,212.9982,1,,1,0,2,1,MAIZ AMILACEO,2108,1,0,040,0,0,1,0,0,0,0, 
2024,06,CAJAMARCA,12,SAN PABLO,02,SAN BERNARDINO,15947,01,01,1,1,061222004,22.98197,1,,1,1,3,1,FRIJOL BLANCO,2907,1,0,500,0,0,0,0,0,1,0, 
2024,06,CAJAMARCA,12,SAN PABLO,02,SAN BERNARDINO,15947,09,09,1,1,061222004,11.58805,1,,1,1,3,1,MAIZ MORADO,2110,1,1,000,0,0,0,0,0,1,0, 
2024,06,CAJAMARCA,12,SAN PABLO,02,SAN BERNARDINO,15950,03,03,1,2,061233003,4.13399,1,,1,1,1,1,MAIZ AMILACEO,2108,1,0,250,0,0,0,0,1,0,0, 
2024,06,CAJAMARCA,12,SAN PABLO,02,SAN BERNARDINO,15950,03,03,1,2,061233003,4.13399,1,,1,1,1,2,ARVEJA,2901,1,0,100,0,0,0,1,1,0,0, 
2024,06,CAJAMARCA,12,SAN PABLO,02,SAN BERNARDINO,15951,03,03,1,2,061223003,2.259558,1,,1,1,2,1,FRIJOL BLANCO,2907,1,0,005,0,0,1,1,0,1,0, 
2024,06,CAJAMARCA,12,SAN PABLO,02,SAN BERNARDINO,15951,06,06,1,2,061223003,8.325357,1,,1,1,2,1,FRIJOL BLANCO,2907,1,0,010,0,0,1,0,0,1,0, 
2024,06,CAJAMARCA,12,SAN PABLO,01,SAN PABLO,15953,01,01,1,2,061221003,106.7593,1,,1,1,3,1,CEBADA GRANO,2104,1,0,200,0,0,1,0,0,1,0, 
2024,06,CAJAMARCA,12,SAN PABLO,01,SAN PABLO,15953,01,01,1,2,061221003,106.7593,1,,1,1,1,1,ARVEJA,2901,1,0,500,0,0,1,0,0,0,0, 
2024,06,CAJAMARCA,12,SAN PABLO,01,SAN PABLO,15953,02,02,1,2,061221003,43.47828,1,,1,1,1,1,ARVEJA,2901,1,1,000,0,0,1,0,0,0,0, 
2024,06,CAJAMARCA,12,SAN PABLO,01,SAN PABLO,15953,04,04,1,2,061221003,53.84929,1,,1,1,2,1,MAIZ CHOCLO,2109,1,0,100,0,0,1,0,0,0,0, 
2024,06,CAJAMARCA,12,SAN PABLO,01,SAN PABLO,15953,05,05,1,2,061221003,71.47175,1,,1,1,3,1,HABA,2942,1,0,050,0,0,1,0,0,0,0, 
2024,06,CAJAMARCA,11,SAN MIGUEL,13,UNION AGUA BLANCA,15961,01,01,1,1,061121003,141.8927,1,,1,1,3,1,FRIJOL PANAMITO,2929,1,1,000,0,1,0,0,0,0,0, 
2024,06,CAJAMARCA,11,SAN MIGUEL,11,SAN SILVESTRE DE COCHAN,15967,01,01,1,2,061142003,1.027015,1,,1,1,3,1,OCA,2608,1,0,050,0,1,0,0,0,0,0, 
2024,06,CAJAMARCA,11,SAN MIGUEL,11,SAN SILVESTRE DE COCHAN,15967,01,01,1,2,061142003,1.027015,1,,1,1,3,2,OLLUCO,2609,1,0,010,0,1,0,0,0,0,0, 
2024,06,CAJAMARCA,11,SAN MIGUEL,10,SAN GREGORIO,15972,02,02,1,1,061112004,.1211778,1,,1,1,2,1,MAIZ AMARILLO DURO,2107,1,0,500,1,0,0,0,0,0,0, 
2024,06,CAJAMARCA,11,SAN MIGUEL,10,SAN GREGORIO,15972,02,02,1,1,061112004,.1211778,1,,1,1,1,1,MAIZ AMILACEO,2108,1,0,250,1,0,0,0,0,0,0, 
2024,06,CAJAMARCA,11,SAN MIGUEL,08,NANCHOC,15984,02,02,1,1,061111004,13.19318,1,,1,0,1,1,HIGUERA,1136,2,0,030,0,0,1,0,0,0,0, 
2024,06,CAJAMARCA,11,SAN MIGUEL,07,LLAPA,15990,01,01,1,2,061142004,.2037635,1,,1,1,1,1,PAPA BLANCA,2612,1,0,500,0,0,0,1,0,0,0, 
2024,06,CAJAMARCA,11,SAN MIGUEL,07,LLAPA,15990,02,02,1,2,061142004,4.657972,1,,1,1,5,1,PAPA HUAYRO,2614,1,0,500,0,0,0,1,0,0,0, 
2024,06,CAJAMARCA,11,SAN MIGUEL,07,LLAPA,15990,02,02,1,2,061142004,4.657972,1,,1,1,4,1,PAPA BLANCA,2612,1,0,500,0,0,0,1,0,0,0, 
2024,06,CAJAMARCA,10,SAN MARCOS,06,JOSE MANUEL QUIROZ,16028,03,03,1,2,061031002,236.5678,1,,1,1,4,1,HABA,2942,1,0,050,0,0,1,0,0,0,0, 
2024,06,CAJAMARCA,10,SAN MARCOS,05,ICHOCAN,16029,02,02,1,2,061034004,596.0672,1,,1,1,1,1,TRIGO,2113,1,0,100,0,0,0,0,0,1,0, 
2024,06,CAJAMARCA,10,SAN MARCOS,05,ICHOCAN,16030,02,02,1,2,061033002,2.784616,1,,1,1,3,1,QUINUA,2111,1,0,100,0,0,0,0,0,1,0, 
2024,06,CAJAMARCA,10,SAN MARCOS,05,ICHOCAN,16030,03,03,1,2,061033002,1.476207,1,,1,1,2,1,MAIZ AMILACEO,2108,1,0,280,0,0,0,0,0,1,0, 
2024,06,CAJAMARCA,10,SAN MARCOS,05,ICHOCAN,16030,03,03,1,2,061033002,1.476207,1,,1,1,2,2,TRIGO,2113,1,0,200,0,0,0,0,0,1,0, 
2024,06,CAJAMARCA,10,SAN MARCOS,04,GREGORIO PITA,16033,01,01,1,2,061044004,477.9419,1,,1,1,1,1,PAPA AMARILLA,2611,1,0,150,0,0,0,1,0,0,0, 
2024,06,CAJAMARCA,10,SAN MARCOS,03,EDUARDO VILLANUEVA,16041,01,01,1,3,061072002,.6276259,1,,1,1,1,1,AJO,2303,1,0,108,0,0,1,0,0,0,0, 
2024,06,CAJAMARCA,10,SAN MARCOS,02,CHANCAY,16042,02,02,1,2,061032002,25.4389,1,,1,1,5,1,TRIGO,2113,1,0,250,0,0,0,0,0,1,0, 
2024,06,CAJAMARCA,10,SAN MARCOS,02,CHANCAY,16042,05,05,1,2,061032002,1.558665,1,,1,1,2,1,MAIZ AMILACEO,2108,1,0,100,0,0,0,0,0,1,0, 
2024,06,CAJAMARCA,10,SAN MARCOS,02,CHANCAY,16042,05,05,1,2,061032002,1.558665,1,,1,1,3,1,MAIZ AMILACEO,2108,1,0,250,0,0,0,0,0,1,0, 
2024,06,CAJAMARCA,10,SAN MARCOS,02,CHANCAY,16042,05,05,1,2,061032002,1.558665,1,,1,1,1,1,MAIZ AMILACEO,2108,1,0,027,0,0,0,0,0,1,0, 
2024,06,CAJAMARCA,10,SAN MARCOS,02,CHANCAY,16042,05,05,1,2,061032002,1.558665,1,,1,1,2,2,ARVEJA,2901,1,0,150,0,0,0,0,0,1,0, 
2024,06,CAJAMARCA,10,SAN MARCOS,02,CHANCAY,16042,05,05,1,2,061032002,1.558665,1,,1,1,1,2,FRIJOL CABALLERO,2908,1,0,020,0,0,0,0,0,1,0, 
2024,06,CAJAMARCA,10,SAN MARCOS,02,CHANCAY,16043,01,01,1,2,061032003,325.3515,1,,1,1,7,1,LENTEJA,2944,1,0,070,0,0,1,0,0,0,0, 
2024,06,CAJAMARCA,10,SAN MARCOS,02,CHANCAY,16043,05,05,1,2,061032003,293.4395,1,,1,1,2,1,MAIZ AMILACEO,2108,1,0,020,0,0,0,0,0,1,0, 
2024,06,CAJAMARCA,09,SAN IGNACIO,02,CHIRINOS,16102,02,02,1,3,060981003,95.04858,1,,1,1,1,1,MAIZ AMARILLO DURO,2107,1,2,000,0,0,0,0,0,1,0, 
2024,06,CAJAMARCA,09,SAN IGNACIO,02,CHIRINOS,16102,03,03,1,3,060981003,36.37515,1,,1,1,1,1,MAIZ AMARILLO DURO,2107,1,6,000,0,0,0,0,0,1,0, 
2024,06,CAJAMARCA,09,SAN IGNACIO,02,CHIRINOS,16103,01,01,1,3,060974004,236.0839,1,,1,0,1,1,CAFE PERGAMINO,1203,2,0,350,0,0,0,0,0,0,1, 
2024,06,CAJAMARCA,09,SAN IGNACIO,02,CHIRINOS,16103,02,02,1,3,060974004,203.6361,1,,1,1,1,1,CAFE PERGAMINO,1203,2,1,000,0,0,0,0,0,0,1, 
2024,06,CAJAMARCA,09,SAN IGNACIO,02,CHIRINOS,16107,02,02,1,3,060971003,186.0309,1,,1,1,1,1,GRANADILLA,2203,1,0,500,0,0,1,0,0,0,0, 
2024,06,CAJAMARCA,08,JAEN,11,SAN JOSE DEL ALTO,16130,02,02,1,3,060872002,.8687967,1,,1,1,2,1,CACAO,1202,3,0,050,0,0,1,0,0,0,0, 
2024,06,CAJAMARCA,08,JAEN,10,SAN FELIPE,16135,03,03,1,2,060821004,27.37712,1,,1,1,1,1,FRIJOL PINTO,2930,1,0,100,0,0,0,1,0,0,0, 
2024,06,CAJAMARCA,08,JAEN,10,SAN FELIPE,16137,01,01,1,2,060823004,4.050555,1,,1,1,1,1,MAIZ AMILACEO,2108,1,0,410,0,0,0,0,0,1,0, 
2024,06,CAJAMARCA,08,JAEN,09,SALLIQUE,16143,01,01,1,3,060821003,594.0999,1,,1,1,1,1,LIMA,1139,2,0,037,0,0,1,0,0,0,0, 
2024,06,CAJAMARCA,08,JAEN,09,SALLIQUE,16143,01,01,1,3,060821003,594.0999,1,,1,1,2,1,LIMA,1139,2,0,050,0,0,1,0,0,0,0, 
2024,06,CAJAMARCA,08,JAEN,08,PUCARA,16152,02,02,1,3,060871003,80.48409,1,,1,1,3,1,NARANJO,1156,2,0,005,0,0,1,0,0,1,0, 
2024,06,CAJAMARCA,08,JAEN,08,PUCARA,16152,05,05,1,3,060871003,69.50172,1,,1,1,3,1,LIMON DULCE,1141,2,0,010,0,0,1,0,0,0,0, 
2024,06,CAJAMARCA,08,JAEN,07,POMAHUACA,16165,01,01,1,2,060831002,20.47807,1,,1,1,1,1,MAIZ CHOCLO,2109,1,0,500,0,0,0,0,0,1,0, 
2024,06,CAJAMARCA,07,HUALGAYOC,03,HUALGAYOC,16219,04,04,1,2,060744002,9.928576,1,,1,1,1,1,PAPA BLANCA,2612,1,0,050,0,0,0,0,0,1,0, 
2024,06,CAJAMARCA,07,HUALGAYOC,03,HUALGAYOC,16220,01,01,1,2,060742002,.0535128,1,,1,1,2,1,PAPA BLANCA,2612,1,0,150,0,0,0,1,0,0,0, 
2024,06,CAJAMARCA,07,HUALGAYOC,03,HUALGAYOC,16220,02,02,1,2,060742002,.3622482,1,,1,1,1,1,PAPA HUAYRO,2614,1,0,100,0,0,1,1,0,0,0, 
2024,06,CAJAMARCA,07,HUALGAYOC,03,HUALGAYOC,16224,03,03,1,2,060742004,25.71464,1,,1,1,2,1,PAPA BLANCA,2612,1,0,040,0,0,0,1,0,0,0, 
2024,06,CAJAMARCA,07,HUALGAYOC,03,HUALGAYOC,16225,04,04,1,2,060731002,347.5633,1,,1,1,1,1,MAIZ AMILACEO,2108,1,0,020,0,0,1,0,0,1,0, 
2024,06,CAJAMARCA,07,HUALGAYOC,03,HUALGAYOC,16225,04,04,1,2,060731002,347.5633,1,,1,1,5,1,AVENA FORRAJERA,2701,1,0,050,0,0,0,0,0,1,0, 
2024,06,CAJAMARCA,07,HUALGAYOC,03,HUALGAYOC,16225,05,05,1,2,060731002,282.6727,1,,1,1,3,1,MAIZ AMILACEO,2108,1,0,050,0,1,1,0,0,1,0, 
2024,06,CAJAMARCA,07,HUALGAYOC,03,HUALGAYOC,16225,05,05,1,2,060731002,282.6727,1,,1,1,3,2,LENTEJA,2944,1,0,070,0,0,0,1,0,1,0, 
2024,06,CAJAMARCA,07,HUALGAYOC,01,BAMBAMARCA,16236,02,02,1,2,060741003,1.665191,1,,1,1,2,1,PAPA BLANCA,2612,1,0,010,0,0,0,1,0,1,0, 
2024,06,CAJAMARCA,07,HUALGAYOC,01,BAMBAMARCA,16236,06,06,1,2,060741003,325.2759,1,,1,1,1,1,OCA,2608,1,0,010,0,0,1,0,0,0,0, 
2024,06,CAJAMARCA,07,HUALGAYOC,01,BAMBAMARCA,16236,06,06,1,2,060741003,325.2759,1,,1,1,3,1,HABA,2942,1,0,100,0,0,0,1,0,0,0, 
2024,06,CAJAMARCA,07,HUALGAYOC,01,BAMBAMARCA,16236,09,09,1,2,060741003,5.436887,1,,1,1,1,1,PAPA BLANCA,2612,1,0,020,0,0,0,1,0,1,0, 
2024,06,CAJAMARCA,07,HUALGAYOC,01,BAMBAMARCA,16239,01,01,1,2,060731002,223.2727,1,,1,1,2,1,MAIZ AMILACEO,2108,1,0,500,0,0,1,0,0,1,0, 
2024,06,CAJAMARCA,07,HUALGAYOC,01,BAMBAMARCA,16243,01,01,1,2,060744003,44.44986,1,,1,1,3,1,HABA,2942,1,0,020,0,0,1,1,0,0,0, 
2024,06,CAJAMARCA,07,HUALGAYOC,01,BAMBAMARCA,16244,01,01,1,2,060731002,493.9851,1,,1,1,1,1,MAIZ AMILACEO,2108,1,300,000,0,1,0,0,0,1,0, 
2024,06,CAJAMARCA,07,HUALGAYOC,01,BAMBAMARCA,16244,04,04,1,2,060731002,236.628,1,,1,1,1,1,HABA,2942,1,100,000,0,0,0,0,0,1,0, 
2024,06,CAJAMARCA,07,HUALGAYOC,01,BAMBAMARCA,16245,04,04,1,2,060741003,172.3778,1,,1,1,1,1,OCA,2608,1,0,050,0,0,0,1,0,0,0, 
2024,06,CAJAMARCA,07,HUALGAYOC,01,BAMBAMARCA,16245,04,04,1,2,060741003,172.3778,1,,1,1,1,2,PAPA BLANCA,2612,1,0,100,0,0,0,1,0,0,0, 
2024,06,CAJAMARCA,07,HUALGAYOC,01,BAMBAMARCA,16247,04,04,1,3,060773003,2.466386,1,,1,1,2,1,PAPA BLANCA,2612,1,0,050,0,0,1,0,0,0,0, 
2024,06,CAJAMARCA,07,HUALGAYOC,01,BAMBAMARCA,16248,03,03,1,2,060731003,190.974,1,,1,1,1,1,LUCUMO,1143,3,0,200,0,0,1,0,0,0,0, 
2024,06,CAJAMARCA,07,HUALGAYOC,01,BAMBAMARCA,16253,01,01,1,2,060731002,88.28041,1,,1,1,1,1,ARVEJA,2901,1,0,030,0,0,1,0,0,0,0, 
2024,06,CAJAMARCA,07,HUALGAYOC,01,BAMBAMARCA,16253,02,02,1,2,060731002,1243.444,1,,1,1,1,1,PAPA BLANCA,2612,1,0,012,0,0,1,1,0,0,0, 
2024,06,CAJAMARCA,07,HUALGAYOC,01,BAMBAMARCA,16254,04,04,1,2,060731003,203.8105,1,,1,1,1,1,PAPA BLANCA,2612,1,0,150,0,0,0,1,0,1,0, 
2024,06,CAJAMARCA,07,HUALGAYOC,01,BAMBAMARCA,16255,01,01,1,2,060771004,3.913348,1,,1,1,1,1,GRANADILLA,2203,1,0,001,0,0,1,0,0,1,0, 
2024,06,CAJAMARCA,07,HUALGAYOC,01,BAMBAMARCA,16256,04,04,1,2,060731003,150.8018,1,,1,1,1,1,ARVEJA,2901,1,0,027,0,0,0,0,0,1,0, 
2024,06,CAJAMARCA,07,HUALGAYOC,01,BAMBAMARCA,16258,01,01,1,2,060732004,1.834123,1,,1,1,1,1,HABA,2942,1,0,050,0,0,1,0,0,0,0, 
2024,06,CAJAMARCA,07,HUALGAYOC,01,BAMBAMARCA,16258,01,01,1,2,060732004,1.834123,1,,1,1,1,2,ARVEJA,2901,1,0,050,0,0,1,0,0,0,0, 
2024,06,CAJAMARCA,07,HUALGAYOC,01,BAMBAMARCA,16260,02,02,1,2,060772004,1.857073,1,,1,1,1,1,PAPA BLANCA,2612,1,0,100,0,0,1,0,0,0,0, 
2024,06,CAJAMARCA,07,HUALGAYOC,01,BAMBAMARCA,16261,02,02,1,2,060771003,65.82399,1,,1,1,1,1,PAPA BLANCA,2612,1,0,100,0,0,1,0,0,0,0, 
2024,06,CAJAMARCA,06,CUTERVO,14,SOCOTA,16264,04,04,1,2,060632002,.6021686,1,,1,1,2,1,MAIZ AMILACEO,2108,1,0,010,0,0,1,0,0,0,0, 
2024,06,CAJAMARCA,06,CUTERVO,14,SOCOTA,16268,01,01,1,2,060634004,60.32559,1,,1,1,1,1,ARVEJA,2901,1,0,200,0,0,1,0,0,0,0, 
2024,06,CAJAMARCA,06,CUTERVO,14,SOCOTA,16268,02,02,1,2,060634004,69.51712,1,,1,1,1,1,ARVEJA,2901,1,0,200,0,0,1,0,0,0,0, 
2024,06,CAJAMARCA,06,CUTERVO,14,SOCOTA,16268,03,03,1,2,060634004,24.56,1,,1,1,1,1,ARVEJA,2901,1,0,050,0,0,1,0,0,0,0, 
2024,06,CAJAMARCA,06,CUTERVO,14,SOCOTA,16268,05,05,1,2,060634004,116.9962,1,,1,1,1,1,ARVEJA,2901,1,0,020,0,0,0,0,0,1,0, 
2024,06,CAJAMARCA,06,CUTERVO,13,SANTO TOMAS,16269,01,01,1,3,060674005,44.35279,1,,1,1,2,1,CAFE PERGAMINO,1203,2,0,500,0,0,0,0,0,1,0, 
2024,06,CAJAMARCA,06,CUTERVO,10,SAN LUIS DE LUCMA,16277,02,02,1,2,060633003,26.09902,1,,1,1,1,1,ARVEJA,2901,1,0,100,0,0,1,0,0,1,0, 
2024,06,CAJAMARCA,06,CUTERVO,10,SAN LUIS DE LUCMA,16277,04,04,1,2,060633003,29.00146,1,,1,1,3,1,ARVEJA,2901,1,0,025,0,0,0,0,0,1,0, 
2024,06,CAJAMARCA,06,CUTERVO,07,QUEROCOTILLO,16284,01,01,1,2,060633004,42.52384,1,,1,1,1,1,MAIZ AMILACEO,2108,1,0,020,0,0,0,0,0,1,0, 
2024,06,CAJAMARCA,06,CUTERVO,06,PIMPINGOS,16295,05,05,1,3,060681003,14.81276,1,,1,1,3,1,FRIJOL PINTO,2930,1,1,000,0,0,0,0,0,1,0, 
2024,06,CAJAMARCA,06,CUTERVO,06,PIMPINGOS,16295,05,05,1,3,060681003,14.81276,1,,1,1,2,1,MAIZ AMILACEO,2108,1,1,500,0,0,0,0,0,1,0, 
2024,06,CAJAMARCA,06,CUTERVO,06,PIMPINGOS,16295,06,06,1,3,060681003,43.15761,1,,1,1,1,1,MAIZ AMILACEO,2108,1,0,300,0,0,0,0,0,1,0, 
2024,06,CAJAMARCA,06,CUTERVO,06,PIMPINGOS,16295,06,06,1,3,060681003,43.15761,1,,1,1,3,1,MAIZ AMILACEO,2108,1,0,500,0,0,0,0,0,1,0, 
2024,06,CAJAMARCA,06,CUTERVO,03,CHOROS,16303,01,01,1,3,060684003,1.229038,1,,1,1,1,1,PALTO,1162,2,0,002,0,0,1,0,0,0,0, 
2024,06,CAJAMARCA,06,CUTERVO,03,CHOROS,16303,01,01,1,3,060684003,1.229038,1,,1,1,1,2,YUCA,2620,1,0,100,0,0,0,0,0,0,1, 
2024,06,CAJAMARCA,06,CUTERVO,01,CUTERVO,16313,06,06,1,2,060671003,52.84264,1,,1,1,2,1,MAIZ AMARILLO DURO,2107,1,0,030,0,0,1,0,0,0,0, 
2024,06,CAJAMARCA,06,CUTERVO,01,CUTERVO,16315,01,01,1,2,060631003,153.4447,1,,1,1,1,1,FRIJOL TODA LA VIDA,2952,1,0,010,0,0,1,0,0,0,1, 
2024,06,CAJAMARCA,06,CUTERVO,01,CUTERVO,16321,04,04,1,2,060671003,17.50511,1,,1,1,2,1,FRIJOL PINTO,2930,1,0,200,1,0,0,0,0,0,0, 
2024,06,CAJAMARCA,05,CONTUMAZA,08,YONAN,16326,04,04,1,1,060512004,.6433869,1,,1,0,2,1,MANGO,1147,2,0,015,1,0,0,0,0,0,0, 
2024,06,CAJAMARCA,05,CONTUMAZA,08,YONAN,16326,04,04,1,1,060512004,.6433869,1,,1,0,2,2,LIMON ACIDO,1140,3,0,003,1,0,0,0,0,0,0, 
2024,06,CAJAMARCA,05,CONTUMAZA,08,YONAN,16326,04,04,1,1,060512004,.6433869,1,,1,0,2,3,PLATANO,1171,3,0,014,1,0,0,0,0,0,0, 
2024,06,CAJAMARCA,05,CONTUMAZA,08,YONAN,16329,01,01,1,1,060512002,.5472715,1,,1,0,1,1,ARROZ CASCARA,2101,1,7,500,1,0,0,0,0,0,0, 
2024,06,CAJAMARCA,05,CONTUMAZA,06,SANTA CRUZ DE TOLED,16332,03,03,1,2,060532003,200.8779,1,,1,1,3,1,HABA,2942,1,0,100,0,0,0,0,0,1,0, 
2024,06,CAJAMARCA,05,CONTUMAZA,05,SAN BENITO,16338,01,01,1,1,060523002,.5980942,1,,1,1,3,1,MAIZ AMILACEO,2108,1,0,040,0,0,0,0,0,1,0, 
2024,06,CAJAMARCA,05,CONTUMAZA,05,SAN BENITO,16338,02,02,1,1,060523002,.3866837,1,,1,1,1,1,HABA,2942,1,0,050,0,0,0,0,0,1,0, 
2024,06,CAJAMARCA,05,CONTUMAZA,05,SAN BENITO,16338,02,02,1,1,060523002,.3866837,1,,1,1,2,1,MAIZ AMILACEO,2108,1,0,050,0,0,0,0,0,1,0, 
2024,06,CAJAMARCA,05,CONTUMAZA,05,SAN BENITO,16338,02,02,1,1,060523002,.3866837,1,,1,1,1,2,ARVEJA,2901,1,0,250,0,0,0,0,0,1,0, 
2024,06,CAJAMARCA,05,CONTUMAZA,03,CUPISNIQUE,16342,01,01,1,2,060534005,35.06536,1,,1,1,2,1,PAPA BLANCA,2612,1,0,500,0,0,1,1,1,0,0, 
2024,06,CAJAMARCA,05,CONTUMAZA,01,CONTUMAZA,16350,04,04,1,2,060532002,9.392166,1,,1,1,1,1,AJO,2303,1,0,100,0,0,1,0,0,0,0, 
2024,06,CAJAMARCA,05,CONTUMAZA,01,CONTUMAZA,16352,05,05,1,2,060533002,3.378118,1,,1,1,2,1,TRIGO,2113,1,0,040,0,1,0,0,0,0,0, 
2024,06,CAJAMARCA,05,CONTUMAZA,01,CONTUMAZA,16352,05,05,1,2,060533002,3.378118,1,,1,1,2,2,CEBADA GRANO,2104,1,0,030,0,1,0,0,0,0,0, 
2024,06,CAJAMARCA,05,CONTUMAZA,01,CONTUMAZA,16352,05,05,1,2,060533002,3.378118,1,,1,1,2,3,ARVEJA,2901,1,0,030,0,1,0,0,0,0,0, 
2024,06,CAJAMARCA,05,CONTUMAZA,01,CONTUMAZA,16352,07,07,1,2,060533002,2.834105,1,,1,1,2,1,MAIZ CHOCLO,2109,1,0,500,0,0,1,0,0,0,0, 
2024,06,CAJAMARCA,05,CONTUMAZA,01,CONTUMAZA,16354,04,04,1,2,060531004,2.840585,1,,1,1,1,1,HABA,2942,1,0,100,0,0,1,0,0,0,0, 
2024,06,CAJAMARCA,05,CONTUMAZA,01,CONTUMAZA,16355,05,05,1,2,060523003,67.56876,1,,1,1,5,1,MAIZ AMILACEO,2108,1,0,500,0,0,1,1,0,0,0, 
2024,06,CAJAMARCA,04,CHOTA,19,CHALAMARCA,16357,03,03,1,2,060431003,81.04129,1,,1,1,2,1,PAPA BLANCA,2612,1,0,075,0,0,0,1,0,0,0, 
2024,06,CAJAMARCA,04,CHOTA,16,SAN JUAN DE LICUPIS,16368,01,01,1,1,060424005,274.1652,1,,1,1,1,1,MAIZ AMARILLO DURO,2107,1,0,500,0,0,0,0,0,1,0, 
2024,06,CAJAMARCA,04,CHOTA,16,SAN JUAN DE LICUPIS,16368,02,02,1,1,060424005,26.41222,1,,1,1,2,1,MAIZ AMARILLO DURO,2107,1,0,800,0,0,0,0,0,1,0, 
2024,06,CAJAMARCA,04,CHOTA,16,SAN JUAN DE LICUPIS,16368,03,03,1,1,060424005,24.742,1,,1,1,1,1,MAIZ AMILACEO,2108,1,1,500,0,0,0,0,0,1,0, 
2024,06,CAJAMARCA,04,CHOTA,12,MIRACOSTA,16383,01,01,1,1,060412003,4.556107,1,,1,1,2,1,MAIZ AMARILLO DURO,2107,1,2,000,0,1,0,0,0,0,0, 
2024,06,CAJAMARCA,04,CHOTA,12,MIRACOSTA,16383,02,02,1,1,060412003,2.00342,1,,1,0,1,1,MAIZ AMARILLO DURO,2107,1,1,470,0,1,0,0,0,0,0, 
2024,06,CAJAMARCA,04,CHOTA,12,MIRACOSTA,16384,01,01,1,1,060422003,156.6749,1,,1,1,1,1,FRIJOL BAYO,2906,1,0,250,0,0,1,0,0,0,0, 
2024,06,CAJAMARCA,04,CHOTA,10,LAJAS,16394,05,05,1,2,060431003,214.5452,1,,1,1,1,1,MAIZ AMILACEO,2108,1,0,100,0,0,1,0,0,0,0, 
2024,06,CAJAMARCA,04,CHOTA,09,HUAMBOS,16398,02,02,1,2,060471003,36.93811,1,,1,1,2,1,FRIJOL CAMBIO NOVENTA,2909,1,0,100,0,0,1,0,0,0,0, 
2024,06,CAJAMARCA,04,CHOTA,09,HUAMBOS,16399,02,02,1,2,060422002,9.297414,1,,1,1,1,1,MAIZ AMILACEO,2108,1,0,070,0,0,1,0,0,1,0, 
2024,06,CAJAMARCA,04,CHOTA,09,HUAMBOS,16403,03,03,1,2,060474003,243.7056,1,,1,1,1,1,FRIJOL BLANCO,2907,1,0,050,0,0,1,0,0,1,0, 
2024,06,CAJAMARCA,04,CHOTA,07,COCHABAMBA,16408,02,02,1,3,060473004,64.46284,1,,1,1,1,1,MAIZ AMILACEO,2108,1,0,200,0,0,1,0,0,1,0, 
2024,06,CAJAMARCA,04,CHOTA,07,COCHABAMBA,16408,02,02,1,3,060473004,64.46284,1,,1,1,1,2,FRIJOL BLANCO,2907,1,0,050,0,0,1,0,0,1,0, 
2024,06,CAJAMARCA,04,CHOTA,07,COCHABAMBA,16408,03,03,1,3,060473004,88.48849,1,,1,1,1,1,FRIJOL BLANCO,2907,1,0,030,0,0,1,0,0,1,0, 
2024,06,CAJAMARCA,04,CHOTA,07,COCHABAMBA,16409,03,03,1,2,060431003,46.38379,1,,1,1,3,1,ARVEJA,2901,1,0,250,0,0,1,0,0,0,0, 
2024,06,CAJAMARCA,04,CHOTA,04,CHIGUIRIP,16418,01,01,1,2,060432003,520.0131,1,,1,1,2,1,MAIZ AMILACEO,2108,1,0,080,0,0,0,0,0,1,1, 
2024,06,CAJAMARCA,04,CHOTA,04,CHIGUIRIP,16418,06,06,1,2,060432003,81.12267,1,,1,1,1,1,PAPA BLANCA,2612,1,0,300,0,0,1,0,0,0,0, 
2024,06,CAJAMARCA,04,CHOTA,04,CHIGUIRIP,16418,06,06,1,2,060432003,81.12267,1,,1,1,3,1,MAIZ AMILACEO,2108,1,0,070,0,0,0,0,0,1,1, 
2024,06,CAJAMARCA,04,CHOTA,03,CHADIN,16420,01,01,1,2,060434004,862.3961,1,,1,1,2,1,CAFE PERGAMINO,1203,2,0,250,0,1,0,0,0,0,0, 
2024,06,CAJAMARCA,04,CHOTA,03,CHADIN,16420,01,01,1,2,060434004,862.3961,1,,1,1,2,2,CAÑA DE AZUCAR PARA FRUTA,2811,1,0,010,0,1,0,0,0,0,0, 
2024,06,CAJAMARCA,04,CHOTA,03,CHADIN,16420,02,02,1,2,060434004,20.49859,1,,1,1,1,1,ARVEJA,2901,1,0,473,0,1,0,0,0,0,0, 
2024,06,CAJAMARCA,04,CHOTA,03,CHADIN,16420,02,02,1,2,060434004,20.49859,1,,1,1,1,2,MAIZ AMILACEO,2108,1,0,500,0,1,0,0,0,0,0, 
2024,06,CAJAMARCA,04,CHOTA,03,CHADIN,16420,02,02,1,2,060434004,20.49859,1,,1,1,1,3,PAPA BLANCA,2612,1,0,500,0,1,0,0,0,0,0, 
2024,06,CAJAMARCA,04,CHOTA,03,CHADIN,16420,03,03,1,2,060434004,9.342637,1,,1,1,1,1,MAIZ AMILACEO,2108,1,0,352,0,1,0,0,0,0,0, 
2024,06,CAJAMARCA,04,CHOTA,03,CHADIN,16420,03,03,1,2,060434004,9.342637,1,,1,1,1,2,COL,2319,1,0,050,0,1,0,0,0,0,0, 
2024,06,CAJAMARCA,03,CELENDIN,09,SOROCHUCO,16446,03,03,1,2,060342003,14.21611,1,,1,1,1,1,PAPA BLANCA,2612,1,0,160,0,0,0,1,1,1,0, 
2024,06,CAJAMARCA,03,CELENDIN,08,OXAMARCA,16454,01,01,1,2,060371004,3.096962,1,,1,1,3,1,PAPA BLANCA,2612,1,0,150,0,0,0,1,0,0,0, 
2024,06,CAJAMARCA,03,CELENDIN,08,OXAMARCA,16458,01,01,1,2,060343003,.530059,1,,1,1,1,1,PAPA AMARILLA,2611,1,0,500,0,0,0,1,0,0,0, 
2024,06,CAJAMARCA,03,CELENDIN,08,OXAMARCA,16458,01,01,1,2,060343003,.530059,1,,1,1,1,2,OCA,2608,1,0,100,0,0,0,1,0,0,0, 
2024,06,CAJAMARCA,03,CELENDIN,08,OXAMARCA,16458,01,01,1,2,060343003,.530059,1,,1,1,1,3,OLLUCO,2609,1,0,100,0,0,0,1,0,0,0, 
2024,06,CAJAMARCA,03,CELENDIN,08,OXAMARCA,16458,01,01,1,2,060343003,.530059,1,,1,1,1,4,CEBADA GRANO,2104,1,0,500,0,0,0,1,0,0,0, 
2024,06,CAJAMARCA,03,CELENDIN,04,HUASMIN,16469,02,02,1,2,060331004,13.9212,1,,1,1,2,1,TRIGO,2113,1,0,040,0,0,0,1,0,1,0, 
2024,06,CAJAMARCA,03,CELENDIN,04,HUASMIN,16469,03,03,1,2,060331004,46.67694,1,,1,1,2,1,PAPA BLANCA,2612,1,0,100,0,0,0,1,0,0,0, 
2024,06,CAJAMARCA,03,CELENDIN,04,HUASMIN,16469,06,06,1,2,060331004,75.10324,1,,1,1,2,1,PAPA BLANCA,2612,1,0,100,0,0,0,1,0,1,0, 
2024,06,CAJAMARCA,03,CELENDIN,04,HUASMIN,16476,03,03,1,2,060331002,77.5235,1,,1,1,1,1,MAIZ AMILACEO,2108,1,600,000,0,0,0,1,0,1,0, 
2024,06,CAJAMARCA,03,CELENDIN,04,HUASMIN,16476,08,08,1,2,060331002,43.51565,1,,1,0,2,1,PAPA BLANCA,2612,1,0,200,0,0,1,1,0,0,0, 
2024,06,CAJAMARCA,03,CELENDIN,04,HUASMIN,16477,01,01,1,2,060372003,8.87944,1,,1,1,5,1,CAMOTE,2603,1,0,500,0,0,0,0,0,1,0, 
2024,06,CAJAMARCA,03,CELENDIN,04,HUASMIN,16478,01,01,1,2,060342004,.9924911,1,,1,1,1,1,PAPA BLANCA,2612,1,0,150,0,0,0,1,0,1,0, 
2024,06,CAJAMARCA,03,CELENDIN,04,HUASMIN,16478,01,01,1,2,060342004,.9924911,1,,1,1,1,2,OCA,2608,1,0,080,0,0,0,1,0,1,0, 
2024,06,CAJAMARCA,03,CELENDIN,04,HUASMIN,16478,01,01,1,2,060342004,.9924911,1,,1,1,1,3,OLLUCO,2609,1,0,070,0,0,0,1,0,1,0, 
2024,06,CAJAMARCA,03,CELENDIN,04,HUASMIN,16478,03,03,1,2,060342004,52.44431,1,,1,1,1,1,PAPA BLANCA,2612,1,0,120,0,0,0,1,0,0,0, 
2024,06,CAJAMARCA,03,CELENDIN,04,HUASMIN,16478,04,04,1,2,060342004,7.17127,1,,1,1,2,1,PAPA BLANCA,2612,1,0,200,0,0,0,1,0,0,0, 
2024,06,CAJAMARCA,03,CELENDIN,04,HUASMIN,16480,03,03,1,3,060373004,8.991641,1,,1,1,3,1,LENTEJA,2944,1,0,100,0,0,0,0,0,0,1, 
2024,06,CAJAMARCA,03,CELENDIN,02,CHUMUCH,16485,01,01,1,2,060334003,125.2504,1,,1,1,6,1,CEBADA GRANO,2104,1,0,500,0,0,1,0,0,1,0, 
2024,06,CAJAMARCA,03,CELENDIN,02,CHUMUCH,16485,01,01,1,2,060334003,125.2504,1,,1,1,4,1,LENTEJA,2944,1,1,000,0,0,1,0,0,1,0, 
2024,06,CAJAMARCA,03,CELENDIN,01,CELENDIN,16498,01,01,1,2,060331004,198.9806,1,,1,1,1,1,PAPA BLANCA,2612,1,0,250,0,0,1,0,0,0,1, 
2024,06,CAJAMARCA,03,CELENDIN,01,CELENDIN,16498,04,04,1,2,060331004,30.67085,1,,1,1,2,1,MAIZ AMILACEO,2108,1,0,250,0,0,0,0,0,0,1, 
2024,06,CAJAMARCA,03,CELENDIN,01,CELENDIN,16498,04,04,1,2,060331004,30.67085,1,,1,1,1,1,TRIGO,2113,1,0,250,0,0,1,0,0,0,0, 
2024,06,CAJAMARCA,02,CAJABAMBA,03,CONDEBAMBA,16515,01,01,1,2,060231002,290.651,1,,1,1,2,1,TRIGO,2113,1,0,100,0,0,0,0,1,0,0, 
2024,06,CAJAMARCA,02,CAJABAMBA,03,CONDEBAMBA,16515,01,01,1,2,060231002,290.651,1,,1,1,2,2,MAIZ AMARILLO DURO,2107,1,0,100,0,0,0,0,1,0,0, 
2024,06,CAJAMARCA,02,CAJABAMBA,03,CONDEBAMBA,16515,02,02,1,2,060231002,455.2714,1,,1,1,3,1,MAIZ AMARILLO DURO,2107,1,0,130,0,0,0,0,1,0,0, 
2024,06,CAJAMARCA,02,CAJABAMBA,03,CONDEBAMBA,16515,04,04,1,2,060231002,89.02452,1,,1,1,2,1,MAIZ AMARILLO DURO,2107,1,0,050,0,0,0,0,1,0,0, 
2024,06,CAJAMARCA,02,CAJABAMBA,03,CONDEBAMBA,16518,03,03,1,2,060273003,27.07936,1,,1,1,3,1,PAPA BLANCA,2612,1,0,500,0,0,1,0,0,0,0, 
2024,06,CAJAMARCA,02,CAJABAMBA,03,CONDEBAMBA,16519,01,01,1,2,060231003,23.18189,1,,1,1,3,1,PAPA BLANCA,2612,1,0,250,0,0,0,1,0,1,0, 
2024,06,CAJAMARCA,02,CAJABAMBA,03,CONDEBAMBA,16520,02,02,1,2,060271003,24.27734,1,,1,1,4,1,PAPA BLANCA,2612,1,0,250,0,0,1,0,0,0,0, 
2024,06,CAJAMARCA,02,CAJABAMBA,03,CONDEBAMBA,16520,05,05,1,2,060271003,112.0486,1,,1,0,1,1,PAPA BLANCA,2612,1,1,000,0,0,1,0,0,0,0, 
2024,06,CAJAMARCA,02,CAJABAMBA,02,CACHACHI,16525,01,01,1,2,060242003,44.84698,1,,1,1,2,1,PAPA AMARILLA,2611,1,0,250,0,0,0,1,1,0,0, 
2024,06,CAJAMARCA,02,CAJABAMBA,02,CACHACHI,16526,01,01,1,2,060273004,16.6824,1,,1,1,1,1,PAPA BLANCA,2612,1,0,200,0,0,1,0,0,0,0, 
2024,06,CAJAMARCA,02,CAJABAMBA,02,CACHACHI,16527,03,03,1,2,060231003,72.76415,1,,1,1,1,1,MAIZ AMILACEO,2108,1,0,010,0,0,1,0,0,0,0, 
2024,06,CAJAMARCA,02,CAJABAMBA,02,CACHACHI,16527,03,03,1,2,060231003,72.76415,1,,1,1,1,2,PAPA BLANCA,2612,1,0,125,0,0,1,1,0,0,0, 
2024,06,CAJAMARCA,02,CAJABAMBA,02,CACHACHI,16527,03,03,1,2,060231003,72.76415,1,,1,1,1,3,NUÑA,2945,1,0,050,0,0,1,0,1,0,0, 
2024,06,CAJAMARCA,02,CAJABAMBA,02,CACHACHI,16530,01,01,1,2,060233004,85.087,1,,1,1,2,1,PAPA BLANCA,2612,1,0,070,0,0,1,1,0,0,0, 
2024,06,CAJAMARCA,02,CAJABAMBA,02,CACHACHI,16531,01,01,1,2,060234004,60.08223,1,,1,1,4,1,ARVEJA,2901,1,0,300,0,0,1,0,0,1,0, 
2024,06,CAJAMARCA,02,CAJABAMBA,02,CACHACHI,16539,01,01,1,2,060242004,9.752112,1,,1,1,1,1,OCA,2608,1,0,050,0,0,0,1,0,0,0, 
2024,06,CAJAMARCA,02,CAJABAMBA,02,CACHACHI,16539,04,04,1,2,060242004,48.52095,1,,1,1,2,1,PAPA NATIVA,2615,1,0,010,0,0,0,1,0,0,0, 
2024,06,CAJAMARCA,02,CAJABAMBA,01,CAJABAMBA,16541,01,01,1,2,060271004,.8700005,1,,1,1,2,1,PAPA BLANCA,2612,1,0,060,0,0,1,0,0,0,0, 
2024,06,CAJAMARCA,02,CAJABAMBA,01,CAJABAMBA,16543,01,01,1,2,060231003,65.13014,1,,1,1,1,1,PAPA BLANCA,2612,1,0,150,0,0,1,0,0,0,0, 
2024,06,CAJAMARCA,02,CAJABAMBA,01,CAJABAMBA,16543,02,02,1,2,060231003,3.064974,1,,1,1,1,1,PAPA BLANCA,2612,1,0,150,0,0,1,0,0,0,0, 
2024,06,CAJAMARCA,02,CAJABAMBA,01,CAJABAMBA,16543,04,04,1,2,060231003,242.7475,1,,1,1,2,1,PAPA BLANCA,2612,1,0,190,0,0,1,0,0,0,0, 
2024,06,CAJAMARCA,02,CAJABAMBA,01,CAJABAMBA,16544,03,03,1,2,060233003,42.99781,1,,1,1,2,1,LINAZA,2819,1,0,250,0,0,0,0,0,1,0, 
2024,06,CAJAMARCA,01,CAJAMARCA,09,MAGDALENA,16556,01,01,1,2,060121003,223.441,1,,1,1,1,1,PAPA BLANCA,2612,1,0,100,0,0,1,0,0,0,0, 
2024,06,CAJAMARCA,01,CAJAMARCA,08,LOS BAÑOS DEL INCA,16567,03,03,1,2,060132003,154.0409,1,,1,1,2,1,ARVEJA,2901,1,0,100,0,0,1,0,0,0,0, 
2024,06,CAJAMARCA,01,CAJAMARCA,08,LOS BAÑOS DEL INCA,16570,04,04,1,2,060131002,58.91763,1,,1,1,1,1,ARVEJA,2901,1,41,000,0,0,1,0,0,0,0, 
2024,06,CAJAMARCA,01,CAJAMARCA,06,JESUS,16571,01,01,1,2,060131004,4.918907,1,,1,1,2,1,FRIJOL BLANCO,2907,1,0,010,0,0,1,0,0,0,0, 
2024,06,CAJAMARCA,01,CAJAMARCA,05,ENCAÑADA,16580,02,02,1,2,060131003,124.0674,1,,1,1,1,1,MAIZ AMILACEO,2108,1,0,030,0,0,1,0,0,0,0, 
2024,06,CAJAMARCA,01,CAJAMARCA,05,ENCAÑADA,16580,02,02,1,2,060131003,124.0674,1,,1,1,1,2,FRIJOL BLANCO,2907,1,0,010,0,0,1,0,0,0,0, 
2024,06,CAJAMARCA,01,CAJAMARCA,05,ENCAÑADA,16580,02,02,1,2,060131003,124.0674,1,,1,1,1,3,CALABAZA,2314,1,0,005,0,0,1,0,0,0,0, 
2024,06,CAJAMARCA,01,CAJAMARCA,01,CAJAMARCA,16595,03,03,1,2,060141004,110.8615,1,,1,1,1,1,PAPA BLANCA,2612,1,0,100,0,0,1,0,0,1,0, 
2024,06,CAJAMARCA,01,CAJAMARCA,01,CAJAMARCA,16595,07,07,1,2,060141004,73.05092,1,,1,1,1,1,PAPA BLANCA,2612,1,0,350,0,0,1,0,0,0,0, 
2024,06,CAJAMARCA,01,CAJAMARCA,01,CAJAMARCA,16595,13,13,1,2,060141004,97.7719,1,,1,1,2,1,OCA,2608,1,0,100,0,0,1,0,0,0,0, 
2024,06,CAJAMARCA,01,CAJAMARCA,01,CAJAMARCA,16595,13,13,1,2,060141004,97.7719,1,,1,1,1,1,CEBADA GRANO,2104,1,0,100,0,0,0,0,0,1,0, 
2024,06,CAJAMARCA,01,CAJAMARCA,01,CAJAMARCA,16598,02,02,1,2,060143002,.7624983,1,,1,1,1,1,ARVEJA,2901,1,0,100,0,0,1,0,0,0,0, 
2024,06,CAJAMARCA,01,CAJAMARCA,01,CAJAMARCA,16598,02,02,1,2,060143002,.7624983,1,,1,1,1,2,OCA,2608,1,0,030,0,0,1,1,0,0,0, 
2024,06,CAJAMARCA,01,CAJAMARCA,01,CAJAMARCA,16598,02,02,1,2,060143002,.7624983,1,,1,1,1,3,OLLUCO,2609,1,0,020,0,0,1,1,0,0,0, 
2024,05,AYACUCHO,11,VILCAS HUAMAN,08,VISCHONGO,16601,02,02,1,2,051131003,14.74934,1,,1,1,6,1,OLLUCO,2609,1,0,250,0,0,0,1,0,0,0, 
2024,05,AYACUCHO,11,VILCAS HUAMAN,08,VISCHONGO,16601,02,02,1,2,051131003,14.74934,1,,1,1,3,1,PAPA BLANCA,2612,1,0,500,0,0,0,1,0,0,0, 
2024,05,AYACUCHO,11,VILCAS HUAMAN,08,VISCHONGO,16601,02,02,1,2,051131003,14.74934,1,,1,1,3,2,RYE GRASS,1476,3,0,300,0,0,0,1,0,0,0, 
2024,05,AYACUCHO,11,VILCAS HUAMAN,08,VISCHONGO,16601,02,02,1,2,051131003,14.74934,1,,1,1,3,3,TREBOL,1477,3,0,150,0,0,0,1,0,0,0, 
2024,05,AYACUCHO,11,VILCAS HUAMAN,08,VISCHONGO,16601,02,02,1,2,051131003,14.74934,1,,1,1,3,4,PASTO DACTYLIS,1422,3,0,150,0,0,0,1,0,0,0, 
2024,05,AYACUCHO,11,VILCAS HUAMAN,08,VISCHONGO,16603,01,01,1,2,051141003,34.01972,1,,1,0,1,1,CAPULI,1113,2,0,002,0,0,0,1,0,0,0, 
2024,05,AYACUCHO,11,VILCAS HUAMAN,08,VISCHONGO,16604,02,02,1,2,051132003,5.748694,1,,1,0,1,1,HABA,2942,1,0,200,0,0,1,0,0,0,0, 
2024,05,AYACUCHO,11,VILCAS HUAMAN,08,VISCHONGO,16605,04,04,1,2,051131003,11.08572,1,,1,1,1,1,TARHUI,2947,1,0,500,0,0,1,1,0,0,0, 
2024,05,AYACUCHO,11,VILCAS HUAMAN,08,VISCHONGO,16605,08,08,1,2,051131003,191.4753,1,,1,1,2,1,MAIZ AMILACEO,2108,1,0,500,0,0,0,1,1,0,0, 
2024,05,AYACUCHO,11,VILCAS HUAMAN,08,VISCHONGO,16606,01,01,1,2,051131003,41.12844,1,,1,1,5,1,MAIZ AMILACEO,2108,1,0,125,0,0,0,1,1,0,0, 
2024,05,AYACUCHO,11,VILCAS HUAMAN,08,VISCHONGO,16607,02,02,1,2,051131002,4.071649,1,,1,0,1,1,MAIZ AMILACEO,2108,1,0,030,0,0,1,0,0,0,0, 
2024,05,AYACUCHO,11,VILCAS HUAMAN,06,INDEPENDENCIA,16612,02,02,1,2,051131003,12.27144,1,,1,1,3,1,LENTEJA,2944,1,0,120,0,0,0,0,1,0,0, 
2024,05,AYACUCHO,11,VILCAS HUAMAN,06,INDEPENDENCIA,16613,03,03,1,2,051131003,103.4533,1,,1,1,3,1,MAIZ AMILACEO,2108,1,0,500,0,0,0,0,0,0,1, 
2024,05,AYACUCHO,11,VILCAS HUAMAN,05,HUAMBALPA,16615,03,03,1,2,051131003,6.001491,1,,1,1,2,1,MAIZ AMILACEO,2108,1,0,200,0,1,0,0,0,0,0, 
2024,05,AYACUCHO,11,VILCAS HUAMAN,05,HUAMBALPA,16615,03,03,1,2,051131003,6.001491,1,,1,1,2,2,TRIGO,2113,1,0,200,0,1,0,0,0,0,0, 
2024,05,AYACUCHO,11,VILCAS HUAMAN,05,HUAMBALPA,16615,03,03,1,2,051131003,6.001491,1,,1,1,2,3,CEBADA GRANO,2104,1,0,100,0,1,0,0,0,0,0, 
2024,05,AYACUCHO,11,VILCAS HUAMAN,05,HUAMBALPA,16616,02,02,1,2,051131003,300.6055,1,,1,1,1,1,AVENA FORRAJERA,2701,1,1,000,0,0,0,1,1,0,0, 
2024,05,AYACUCHO,11,VILCAS HUAMAN,05,HUAMBALPA,16616,02,02,1,2,051131003,300.6055,1,,1,1,3,1,CEBADA GRANO,2104,1,0,250,0,0,0,1,1,0,0, 
2024,05,AYACUCHO,11,VILCAS HUAMAN,05,HUAMBALPA,16616,02,02,1,2,051131003,300.6055,1,,1,1,2,1,PAPA BLANCA,2612,1,0,125,0,0,0,1,1,0,0, 
2024,05,AYACUCHO,11,VILCAS HUAMAN,05,HUAMBALPA,16616,02,02,1,2,051131003,300.6055,1,,1,1,2,2,QUINUA,2111,1,0,125,0,0,0,1,1,0,0, 
2024,05,AYACUCHO,11,VILCAS HUAMAN,04,CONCEPCION,16620,01,01,1,2,051141002,.0364222,1,,1,1,2,1,MAIZ AMILACEO,2108,1,0,125,0,1,1,0,0,0,0, 
2024,05,AYACUCHO,11,VILCAS HUAMAN,04,CONCEPCION,16620,03,03,1,2,051141002,.0046832,1,,1,0,2,1,PAPA BLANCA,2612,1,0,500,0,0,0,1,0,0,0, 
2024,05,AYACUCHO,11,VILCAS HUAMAN,04,CONCEPCION,16620,03,03,1,2,051141002,.0046832,1,,1,0,2,2,OLLUCO,2609,1,0,250,0,0,0,1,0,0,0, 
2024,05,AYACUCHO,11,VILCAS HUAMAN,04,CONCEPCION,16620,03,03,1,2,051141002,.0046832,1,,1,0,2,3,QUINUA,2111,1,0,250,0,0,0,1,0,0,0, 
2024,05,AYACUCHO,11,VILCAS HUAMAN,04,CONCEPCION,16622,03,03,1,2,051171003,19.07636,1,,1,1,4,1,PALTO,1162,2,0,900,0,0,1,0,0,0,0, 
2024,05,AYACUCHO,11,VILCAS HUAMAN,04,CONCEPCION,16624,02,02,1,2,051142003,13.01242,1,,1,1,3,1,MAIZ AMILACEO,2108,1,0,120,0,0,1,0,0,0,0, 
2024,05,AYACUCHO,11,VILCAS HUAMAN,04,CONCEPCION,16624,03,03,1,2,051142003,4.581524,1,,1,1,1,1,MELOCOTONERO,1152,2,0,100,0,0,1,0,0,0,0, 
2024,05,AYACUCHO,11,VILCAS HUAMAN,04,CONCEPCION,16624,04,04,1,2,051142003,19.01132,1,,1,1,9,1,TARHUI,2947,1,1,000,0,0,1,1,1,0,0, 
2024,05,AYACUCHO,11,VILCAS HUAMAN,04,CONCEPCION,16624,09,09,1,2,051142003,.3254444,1,,1,1,2,1,MAIZ AMILACEO,2108,1,0,500,0,0,1,1,1,0,0, 
2024,05,AYACUCHO,11,VILCAS HUAMAN,04,CONCEPCION,16625,03,03,1,2,051143003,8.530382,1,,1,1,1,1,PAPA BLANCA,2612,1,0,152,0,0,0,1,1,0,0, 
2024,05,AYACUCHO,11,VILCAS HUAMAN,04,CONCEPCION,16627,01,01,1,2,051141003,3.862018,1,,1,1,1,1,MELOCOTONERO,1152,2,0,048,0,0,1,0,0,0,0, 
2024,05,AYACUCHO,11,VILCAS HUAMAN,04,CONCEPCION,16628,01,01,1,2,051141003,29.35374,1,,1,1,2,1,MAIZ AMILACEO,2108,1,0,750,0,0,1,1,1,0,0, 
2024,05,AYACUCHO,11,VILCAS HUAMAN,04,CONCEPCION,16630,07,07,1,2,051141003,13.59922,1,,1,0,2,1,MAIZ AMILACEO,2108,1,0,250,0,0,0,0,1,0,1, 
2024,05,AYACUCHO,11,VILCAS HUAMAN,03,CARHUANCA,16631,02,02,1,2,051133002,.0958527,1,,1,1,3,1,TUNA FRUTA,1186,2,1000,000,0,0,0,0,0,1,0, 
2024,05,AYACUCHO,11,VILCAS HUAMAN,03,CARHUANCA,16631,04,04,1,2,051133002,.0436621,1,,1,1,1,1,MELOCOTONERO,1152,2,0,100,0,0,1,0,0,0,0, 
2024,05,AYACUCHO,11,VILCAS HUAMAN,03,CARHUANCA,16631,04,04,1,2,051133002,.0436621,1,,1,1,1,2,CAPULI,1113,2,0,060,0,0,1,0,0,0,0, 
2024,05,AYACUCHO,11,VILCAS HUAMAN,03,CARHUANCA,16632,02,02,1,2,051134003,985.3729,1,,1,1,5,1,TRIGO,2113,1,0,125,0,1,0,0,0,0,0, 
2024,05,AYACUCHO,11,VILCAS HUAMAN,03,CARHUANCA,16634,01,01,1,2,051173003,14.5636,1,,1,1,5,1,CHIRIMOYO,1121,2,0,060,0,0,1,0,0,0,0, 
2024,05,AYACUCHO,11,VILCAS HUAMAN,03,CARHUANCA,16634,01,01,1,2,051173003,14.5636,1,,1,1,2,1,GUAYABO,1134,2,0,020,0,0,1,0,0,0,0, 
2024,05,AYACUCHO,11,VILCAS HUAMAN,03,CARHUANCA,16634,01,01,1,2,051173003,14.5636,1,,1,1,1,1,CHIRIMOYO,1121,2,0,040,0,0,1,0,0,0,0, 
2024,05,AYACUCHO,11,VILCAS HUAMAN,03,CARHUANCA,16634,01,01,1,2,051173003,14.5636,1,,1,1,4,1,CHIRIMOYO,1121,2,0,035,0,0,1,0,0,0,0, 
2024,05,AYACUCHO,11,VILCAS HUAMAN,03,CARHUANCA,16634,01,01,1,2,051173003,14.5636,1,,1,1,1,2,PACAE,1159,2,0,020,0,0,1,0,0,0,0, 
2024,05,AYACUCHO,11,VILCAS HUAMAN,03,CARHUANCA,16634,01,01,1,2,051173003,14.5636,1,,1,1,2,2,CHIRIMOYO,1121,2,0,060,0,0,1,0,0,0,0, 
2024,05,AYACUCHO,11,VILCAS HUAMAN,03,CARHUANCA,16634,01,01,1,2,051173003,14.5636,1,,1,1,2,3,PACAE,1159,2,0,020,0,0,1,0,0,0,0, 
2024,05,AYACUCHO,11,VILCAS HUAMAN,03,CARHUANCA,16634,01,01,1,2,051173003,14.5636,1,,1,1,1,3,GUAYABO,1134,2,0,020,0,0,1,0,0,0,0, 
2024,05,AYACUCHO,11,VILCAS HUAMAN,03,CARHUANCA,16634,02,02,1,2,051173003,3.678627,1,,1,0,1,1,PACAE,1159,2,0,010,0,0,1,0,0,0,0, 
2024,05,AYACUCHO,11,VILCAS HUAMAN,03,CARHUANCA,16634,02,02,1,2,051173003,3.678627,1,,1,0,1,2,GUAYABO,1134,2,0,020,0,0,1,0,0,0,0, 
2024,05,AYACUCHO,11,VILCAS HUAMAN,03,CARHUANCA,16634,02,02,1,2,051173003,3.678627,1,,1,0,1,3,CHIRIMOYO,1121,2,0,060,0,0,1,0,0,0,0, 
2024,05,AYACUCHO,11,VILCAS HUAMAN,03,CARHUANCA,16634,03,03,1,2,051173003,1.969172,1,,1,0,1,1,CHIRIMOYO,1121,2,0,060,0,0,1,0,0,0,0, 
2024,05,AYACUCHO,11,VILCAS HUAMAN,03,CARHUANCA,16634,03,03,1,2,051173003,1.969172,1,,1,0,1,2,GUAYABO,1134,2,0,020,0,0,1,0,0,0,0, 
2024,05,AYACUCHO,11,VILCAS HUAMAN,03,CARHUANCA,16635,02,02,1,2,051131003,6.128242,1,,1,1,3,1,CEBADA GRANO,2104,1,0,125,0,1,0,0,0,0,0, 
2024,05,AYACUCHO,11,VILCAS HUAMAN,03,CARHUANCA,16635,03,03,1,2,051131003,23.84261,1,,1,1,8,1,QUINUA,2111,1,1,000,0,1,1,0,0,0,0, 
2024,05,AYACUCHO,11,VILCAS HUAMAN,02,ACCOMARCA,16636,03,03,1,2,051131003,6.594117,1,,1,1,4,1,PAPA BLANCA,2612,1,0,400,0,0,1,0,1,0,0, 
2024,05,AYACUCHO,11,VILCAS HUAMAN,01,VILCAS HUAMAN,16639,13,13,1,2,051131003,13.61825,1,,1,1,3,1,QUINUA,2111,1,0,250,0,0,0,0,0,1,0, 
2024,05,AYACUCHO,11,VILCAS HUAMAN,01,VILCAS HUAMAN,16641,02,02,1,2,051131003,226.4032,1,,1,1,4,1,QUINUA,2111,1,0,125,0,1,0,0,0,0,0, 
2024,05,AYACUCHO,11,VILCAS HUAMAN,01,VILCAS HUAMAN,16641,05,05,1,2,051131003,2.156641,1,,1,1,7,1,CEBADA GRANO,2104,1,0,250,0,0,1,1,0,0,0, 
2024,05,AYACUCHO,11,VILCAS HUAMAN,01,VILCAS HUAMAN,16646,04,04,1,2,051131003,18.39805,1,,1,1,3,1,PAPA NATIVA,2615,1,100,000,0,0,0,1,0,0,0, 
2024,05,AYACUCHO,10,VICTOR FAJARDO,12,VILCANCHOS,16652,01,01,1,2,051031003,76.8863,1,,1,1,3,1,MAIZ AMILACEO,2108,1,0,125,0,0,1,0,0,0,0, 
2024,05,AYACUCHO,10,VICTOR FAJARDO,12,VILCANCHOS,16652,01,01,1,2,051031003,76.8863,1,,1,1,3,2,PAPA BLANCA,2612,1,0,125,0,0,1,0,0,0,0, 
2024,05,AYACUCHO,10,VICTOR FAJARDO,12,VILCANCHOS,16653,04,04,1,2,051041003,121.513,1,,1,1,6,1,QUINUA,2111,1,1,500,0,0,1,0,0,0,0, 
2024,05,AYACUCHO,10,VICTOR FAJARDO,12,VILCANCHOS,16653,04,04,1,2,051041003,121.513,1,,1,1,7,1,MAIZ AMILACEO,2108,1,0,125,0,0,1,0,0,0,0, 
2024,05,AYACUCHO,10,VICTOR FAJARDO,12,VILCANCHOS,16654,03,03,1,2,051031003,77.75694,1,,1,0,5,1,PAPA BLANCA,2612,1,0,125,0,1,1,0,0,0,0, 
2024,05,AYACUCHO,10,VICTOR FAJARDO,11,SARHUA,16655,02,02,1,2,051031003,39.04942,1,,1,1,1,1,ARVEJA,2901,1,0,100,0,0,1,1,0,0,0, 
2024,05,AYACUCHO,10,VICTOR FAJARDO,11,SARHUA,16655,04,04,1,2,051031003,13.30415,1,,1,1,2,1,PAPA BLANCA,2612,1,0,500,0,0,1,0,0,0,0, 
2024,05,AYACUCHO,10,VICTOR FAJARDO,11,SARHUA,16657,11,11,1,2,051031003,25.93106,1,,1,1,2,1,LINAZA,2819,1,0,010,0,0,1,0,0,0,0, 
2024,05,AYACUCHO,10,VICTOR FAJARDO,11,SARHUA,16658,02,02,1,2,051043004,.4862135,1,,1,1,1,1,PAPA BLANCA,2612,1,0,500,0,0,0,0,0,0,1, 
2024,05,AYACUCHO,10,VICTOR FAJARDO,11,SARHUA,16658,04,04,1,2,051043004,1.951555,1,,1,1,1,1,OCA,2608,1,0,070,0,0,0,0,0,0,1, 
2024,05,AYACUCHO,10,VICTOR FAJARDO,11,SARHUA,16658,04,04,1,2,051043004,1.951555,1,,1,1,1,2,OLLUCO,2609,1,0,070,0,0,0,0,0,0,1, 
2024,05,AYACUCHO,10,VICTOR FAJARDO,11,SARHUA,16658,04,04,1,2,051043004,1.951555,1,,1,1,1,3,MASHUA,2606,1,0,060,0,0,0,0,0,0,1, 
2024,05,AYACUCHO,10,VICTOR FAJARDO,11,SARHUA,16658,05,05,1,2,051043004,1.257477,1,,1,1,4,1,HABA,2942,1,1,000,0,0,0,1,0,0,0, 
2024,05,AYACUCHO,10,VICTOR FAJARDO,11,SARHUA,16658,06,06,1,2,051043004,1.671657,1,,1,1,4,1,MASHUA,2606,1,0,500,0,0,1,1,0,0,0, 
2024,05,AYACUCHO,10,VICTOR FAJARDO,11,SARHUA,16659,08,08,1,2,051032004,1.997235,1,,1,1,4,1,PAPA BLANCA,2612,1,0,040,0,0,1,1,0,0,0, 
2024,05,AYACUCHO,10,VICTOR FAJARDO,10,HUAYA,16660,03,03,1,2,051033004,.3233054,1,,1,0,4,1,PAPA BLANCA,2612,1,0,500,0,0,0,1,1,0,0, 
2024,05,AYACUCHO,10,VICTOR FAJARDO,10,HUAYA,16662,04,04,1,2,051041002,9.667387,1,,1,1,8,1,HABA,2942,1,0,063,0,0,0,1,1,0,0, 
2024,05,AYACUCHO,10,VICTOR FAJARDO,10,HUAYA,16662,04,04,1,2,051041002,9.667387,1,,1,1,8,2,OLLUCO,2609,1,0,062,0,0,0,1,1,0,0, 
2024,05,AYACUCHO,10,VICTOR FAJARDO,10,HUAYA,16664,06,06,1,2,051031003,41.22971,1,,1,1,7,1,HABA,2942,1,0,062,0,0,1,1,1,0,0, 
2024,05,AYACUCHO,10,VICTOR FAJARDO,10,HUAYA,16665,03,03,1,2,051041004,2.365396,1,,1,1,8,1,MAIZ AMILACEO,2108,1,0,125,0,0,0,1,1,0,0, 
2024,05,AYACUCHO,10,VICTOR FAJARDO,09,HUANCARAYLLA,16667,01,01,1,2,051031004,3.046239,1,,1,1,2,1,ARVEJA,2901,1,0,031,0,0,0,1,1,0,0, 
2024,05,AYACUCHO,10,VICTOR FAJARDO,09,HUANCARAYLLA,16667,01,01,1,2,051031004,3.046239,1,,1,1,1,1,MAIZ AMILACEO,2108,1,0,086,0,0,1,0,0,0,0, 
2024,05,AYACUCHO,10,VICTOR FAJARDO,09,HUANCARAYLLA,16667,01,01,1,2,051031004,3.046239,1,,1,1,2,2,HABA,2942,1,0,031,0,0,0,1,1,0,0, 
2024,05,AYACUCHO,10,VICTOR FAJARDO,09,HUANCARAYLLA,16667,05,05,1,2,051031004,2.711125,1,,1,1,1,1,MAIZ AMILACEO,2108,1,0,062,0,0,1,0,0,0,0, 
2024,05,AYACUCHO,10,VICTOR FAJARDO,09,HUANCARAYLLA,16667,06,06,1,2,051031004,6.641419,1,,1,0,1,1,MAIZ AMILACEO,2108,1,0,062,0,0,1,0,0,0,0, 
2024,05,AYACUCHO,10,VICTOR FAJARDO,09,HUANCARAYLLA,16670,01,01,1,2,051042002,2.145792,1,,1,1,1,1,ARVEJA,2901,1,0,011,0,0,0,0,1,0,0, 
2024,05,AYACUCHO,10,VICTOR FAJARDO,07,COLCA,16674,02,02,1,2,051031002,57.36589,1,,1,1,3,1,QUINUA,2111,1,0,250,0,0,1,0,1,0,0, 
2024,05,AYACUCHO,10,VICTOR FAJARDO,07,COLCA,16674,03,03,1,2,051031002,7.195359,1,,1,1,5,1,QUINUA,2111,1,0,250,0,0,1,0,0,0,0, 
2024,05,AYACUCHO,10,VICTOR FAJARDO,06,CAYARA,16676,02,02,1,2,051031003,.5943201,1,,1,1,1,1,HABA,2942,1,0,043,0,0,1,0,0,0,1, 
2024,05,AYACUCHO,10,VICTOR FAJARDO,06,CAYARA,16676,03,03,1,2,051031003,1.457843,1,,1,1,3,1,HABA,2942,1,0,120,0,0,1,0,0,0,0, 
2024,05,AYACUCHO,10,VICTOR FAJARDO,06,CAYARA,16676,03,03,1,2,051031003,1.457843,1,,1,1,2,1,MELOCOTONERO,1152,2,0,010,0,0,1,0,0,0,0, 
2024,05,AYACUCHO,10,VICTOR FAJARDO,06,CAYARA,16676,03,03,1,2,051031003,1.457843,1,,1,1,4,1,MELOCOTONERO,1152,2,0,006,0,0,1,0,0,0,0, 
2024,05,AYACUCHO,10,VICTOR FAJARDO,06,CAYARA,16676,04,04,1,2,051031003,51.32382,1,,1,1,1,1,MELOCOTONERO,1152,2,0,007,0,0,1,0,0,0,0, 
2024,05,AYACUCHO,10,VICTOR FAJARDO,02,ALCAMENCA,16690,02,02,1,2,051043003,99.14954,1,,1,1,3,1,ARVEJA,2901,1,0,020,0,0,0,0,1,0,0, 
2024,05,AYACUCHO,10,VICTOR FAJARDO,01,HUANCAPI,16691,01,01,1,2,051041003,2.463317,1,,1,1,2,1,HABA,2942,1,0,250,0,0,1,1,0,0,0, 
2024,05,AYACUCHO,10,VICTOR FAJARDO,01,HUANCAPI,16691,02,02,1,2,051041003,64.19678,1,,1,1,17,1,PAPA BLANCA,2612,1,0,080,0,0,0,1,1,0,0, 
2024,05,AYACUCHO,10,VICTOR FAJARDO,01,HUANCAPI,16691,04,04,1,2,051041003,9.198982,1,,1,0,3,1,MAIZ AMILACEO,2108,1,0,250,0,0,1,1,1,0,0, 
2024,05,AYACUCHO,10,VICTOR FAJARDO,01,HUANCAPI,16693,04,04,1,2,051032002,2.67769,1,,1,1,11,1,MAIZ AMILACEO,2108,1,0,030,0,0,1,0,0,0,0, 
2024,05,AYACUCHO,10,VICTOR FAJARDO,01,HUANCAPI,16693,05,05,1,2,051032002,1.199784,1,,1,1,3,1,PAPA BLANCA,2612,1,0,010,0,0,1,0,0,0,0, 
2024,05,AYACUCHO,10,VICTOR FAJARDO,01,HUANCAPI,16694,01,01,1,2,051031003,253.7772,1,,1,1,5,1,PAPA AMARILLA,2611,1,0,125,0,0,1,0,0,0,0, 
2024,05,AYACUCHO,10,VICTOR FAJARDO,01,HUANCAPI,16695,03,03,1,2,051033002,4.047591,1,,1,1,1,1,MAIZ AMILACEO,2108,1,0,011,0,0,1,0,0,0,0, 
2024,05,AYACUCHO,10,VICTOR FAJARDO,01,HUANCAPI,16695,04,04,1,2,051033002,.236489,1,,1,1,7,1,HABA,2942,1,1,000,0,0,1,0,0,0,0, 
2024,05,AYACUCHO,10,VICTOR FAJARDO,01,HUANCAPI,16695,04,04,1,2,051033002,.236489,1,,1,1,5,1,ARVEJA,2901,1,0,150,0,0,0,0,1,0,0, 
2024,05,AYACUCHO,10,VICTOR FAJARDO,01,HUANCAPI,16695,04,04,1,2,051033002,.236489,1,,1,1,1,1,MAIZ AMILACEO,2108,1,0,045,0,0,1,0,0,0,0, 
2024,05,AYACUCHO,10,VICTOR FAJARDO,01,HUANCAPI,16695,04,04,1,2,051033002,.236489,1,,1,1,5,2,CEBADA GRANO,2104,1,0,150,0,0,0,0,1,0,0, 
2024,05,AYACUCHO,10,VICTOR FAJARDO,01,HUANCAPI,16695,07,07,1,2,051033002,.9590188,1,,1,1,5,1,TRIGO,2113,1,0,250,0,0,0,0,1,0,0, 
2024,05,AYACUCHO,10,VICTOR FAJARDO,01,HUANCAPI,16695,07,07,1,2,051033002,.9590188,1,,1,1,1,1,MAIZ AMILACEO,2108,1,0,040,0,1,1,0,0,0,0, 
2024,05,AYACUCHO,10,VICTOR FAJARDO,01,HUANCAPI,16695,09,09,1,2,051033002,2.500807,1,,1,0,1,1,MAIZ AMILACEO,2108,1,0,100,0,0,1,0,0,0,0, 
2024,05,AYACUCHO,10,VICTOR FAJARDO,01,HUANCAPI,16695,12,12,1,2,051033002,2.365316,1,,1,1,4,1,PAPA BLANCA,2612,1,0,200,0,0,1,0,1,0,0, 
2024,05,AYACUCHO,10,VICTOR FAJARDO,01,HUANCAPI,16695,12,12,1,2,051033002,2.365316,1,,1,1,2,1,MAIZ AMILACEO,2108,1,0,050,0,0,1,1,0,0,0, 
2024,05,AYACUCHO,10,VICTOR FAJARDO,01,HUANCAPI,16695,12,12,1,2,051033002,2.365316,1,,1,1,1,1,MAIZ AMILACEO,2108,1,0,058,0,0,1,1,0,0,0, 
2024,05,AYACUCHO,10,VICTOR FAJARDO,01,HUANCAPI,16695,12,12,1,2,051033002,2.365316,1,,1,1,5,1,TUNA FRUTA,1186,2,0,100,0,0,0,0,0,1,0, 
2024,05,AYACUCHO,09,SUCRE,10,SANTIAGO DE PAUCARAY,16696,03,03,1,2,050942004,2.968798,1,,1,1,2,1,TUNA FRUTA,1186,2,0,040,0,0,1,0,0,0,0, 
2024,05,AYACUCHO,09,SUCRE,10,SANTIAGO DE PAUCARAY,16696,07,07,1,2,050942004,3.018791,1,,1,1,1,1,TUNA FRUTA,1186,2,0,025,0,0,1,0,0,0,0, 
2024,05,AYACUCHO,09,SUCRE,10,SANTIAGO DE PAUCARAY,16696,08,08,1,2,050942004,1.319747,1,,1,1,1,1,MELOCOTONERO,1152,2,0,001,0,0,1,0,0,0,0, 
2024,05,AYACUCHO,09,SUCRE,10,SANTIAGO DE PAUCARAY,16696,08,08,1,2,050942004,1.319747,1,,1,1,2,1,MAIZ AMILACEO,2108,1,0,034,0,0,1,0,0,0,0, 
2024,05,AYACUCHO,09,SUCRE,10,SANTIAGO DE PAUCARAY,16697,08,08,1,2,050941003,2.17617,1,,1,1,1,1,OLLUCO,2609,1,0,010,0,0,1,1,0,0,0, 
2024,05,AYACUCHO,09,SUCRE,10,SANTIAGO DE PAUCARAY,16697,08,08,1,2,050941003,2.17617,1,,1,1,3,1,PAPA COLOR,2613,1,0,250,0,0,1,1,0,0,0, 
2024,05,AYACUCHO,09,SUCRE,08,SAN PEDRO DE LARCAY,16699,04,04,1,2,050931003,10.51094,1,,1,1,4,1,PAPA BLANCA,2612,1,0,250,0,0,1,0,0,0,0, 
2024,05,AYACUCHO,09,SUCRE,08,SAN PEDRO DE LARCAY,16699,04,04,1,2,050931003,10.51094,1,,1,1,6,1,PAPA BLANCA,2612,1,0,250,0,0,1,0,0,0,0, 
2024,05,AYACUCHO,09,SUCRE,08,SAN PEDRO DE LARCAY,16699,05,05,1,2,050931003,19.47263,1,,1,1,5,1,AVENA FORRAJERA,2701,1,0,250,0,0,0,0,0,0,1, 
2024,05,AYACUCHO,09,SUCRE,08,SAN PEDRO DE LARCAY,16699,06,06,1,2,050931003,13.05033,1,,1,1,6,1,AVENA FORRAJERA,2701,1,1,000,0,0,0,1,0,0,0, 
2024,05,AYACUCHO,09,SUCRE,08,SAN PEDRO DE LARCAY,16701,01,01,1,2,050942002,1.332708,1,,1,1,3,1,HABA,2942,1,1,000,0,0,0,1,1,0,0, 
2024,05,AYACUCHO,09,SUCRE,08,SAN PEDRO DE LARCAY,16702,01,01,1,2,050931003,13.55443,1,,1,1,8,1,CEBADA GRANO,2104,1,0,250,0,0,0,0,0,0,1, 
2024,05,AYACUCHO,09,SUCRE,08,SAN PEDRO DE LARCAY,16702,01,01,1,2,050931003,13.55443,1,,1,1,6,1,MAIZ CHOCLO,2109,1,0,400,0,0,1,1,0,0,0, 
2024,05,AYACUCHO,09,SUCRE,08,SAN PEDRO DE LARCAY,16702,01,01,1,2,050931003,13.55443,1,,1,1,6,2,HABA,2942,1,0,125,0,0,1,0,0,0,0, 
2024,05,AYACUCHO,09,SUCRE,08,SAN PEDRO DE LARCAY,16703,03,03,1,2,050931002,.1353424,1,,1,1,4,1,HABA,2942,1,0,500,0,0,0,0,0,0,1, 
2024,05,AYACUCHO,09,SUCRE,08,SAN PEDRO DE LARCAY,16703,03,03,1,2,050931002,.1353424,1,,1,1,6,1,CEBADA GRANO,2104,1,0,250,0,0,1,0,0,0,1, 
2024,05,AYACUCHO,09,SUCRE,08,SAN PEDRO DE LARCAY,16703,03,03,1,2,050931002,.1353424,1,,1,1,2,1,MAIZ AMILACEO,2108,1,1,250,0,0,1,0,0,0,0, 
2024,05,AYACUCHO,09,SUCRE,06,MORCOLLA,16707,02,02,1,2,050932003,19.16114,1,,1,1,1,1,LUCUMO,1143,3,0,019,0,0,1,0,0,0,0, 
2024,05,AYACUCHO,09,SUCRE,06,MORCOLLA,16707,02,02,1,2,050932003,19.16114,1,,1,1,1,2,TUNA FRUTA,1186,2,0,078,0,0,1,0,0,0,0, 
2024,05,AYACUCHO,09,SUCRE,06,MORCOLLA,16708,02,02,1,2,050941003,7.401546,1,,1,1,3,1,MAIZ AMILACEO,2108,1,0,250,0,0,1,0,0,0,0, 
2024,05,AYACUCHO,09,SUCRE,06,MORCOLLA,16708,06,06,1,2,050941003,12.91927,1,,1,1,4,1,TRIGO,2113,1,0,250,0,0,0,0,0,0,1, 
2024,05,AYACUCHO,09,SUCRE,06,MORCOLLA,16712,01,01,1,2,050931003,40.23125,1,,1,0,1,1,TUNA FRUTA,1186,2,0,194,0,0,1,0,0,0,1, 
2024,05,AYACUCHO,09,SUCRE,06,MORCOLLA,16712,05,05,1,2,050931003,30.13223,1,,1,1,2,1,PACAE,1159,2,40,000,0,0,1,0,0,0,0, 
2024,05,AYACUCHO,09,SUCRE,06,MORCOLLA,16712,05,05,1,2,050931003,30.13223,1,,1,1,2,2,HIGUERA,1136,2,15,000,0,0,1,0,0,0,0, 
2024,05,AYACUCHO,09,SUCRE,03,CHALCOS,16716,01,01,1,2,050943003,21.97191,1,,1,1,3,1,PAPA BLANCA,2612,1,0,050,0,0,1,1,1,0,0, 
2024,05,AYACUCHO,09,SUCRE,03,CHALCOS,16718,01,01,1,2,050934003,25.36058,1,,1,1,3,1,TRIGO,2113,1,0,250,0,0,1,0,1,0,0, 
2024,05,AYACUCHO,09,SUCRE,03,CHALCOS,16718,01,01,1,2,050934003,25.36058,1,,1,1,3,2,HABA,2942,1,0,250,0,0,1,0,1,0,0, 
2024,05,AYACUCHO,09,SUCRE,03,CHALCOS,16718,02,02,1,2,050934003,40.79811,1,,1,1,3,1,ZAPALLO,2345,1,0,080,0,0,1,0,0,0,0, 
2024,05,AYACUCHO,09,SUCRE,03,CHALCOS,16718,03,03,1,2,050934003,44.00373,1,,1,1,7,1,PAPA BLANCA,2612,1,0,050,0,0,1,0,1,0,0, 
2024,05,AYACUCHO,09,SUCRE,03,CHALCOS,16718,03,03,1,2,050934003,44.00373,1,,1,1,7,2,TRIGO,2113,1,0,100,0,0,0,0,1,0,0, 
2024,05,AYACUCHO,09,SUCRE,02,BELEN,16720,01,01,1,2,050932002,1.041322,1,,1,1,3,1,HABA,2942,1,0,060,0,0,1,0,0,0,0, 
2024,05,AYACUCHO,09,SUCRE,02,BELEN,16720,04,04,1,2,050932002,.0735045,1,,1,1,3,1,HABA,2942,1,0,125,0,0,1,0,0,0,0, 
2024,05,AYACUCHO,09,SUCRE,02,BELEN,16720,04,04,1,2,050932002,.0735045,1,,1,1,3,2,PAPA BLANCA,2612,1,0,125,0,0,1,0,0,0,0, 
2024,05,AYACUCHO,09,SUCRE,01,QUEROBAMBA,16721,03,03,1,2,050941003,27.80738,1,,1,1,4,1,PAPA BLANCA,2612,1,0,250,1,0,0,0,1,0,1, 
2024,05,AYACUCHO,09,SUCRE,01,QUEROBAMBA,16721,04,04,1,2,050941003,143.6032,1,,1,1,2,1,CEBADA GRANO,2104,1,0,250,0,0,0,1,1,0,0, 
2024,05,AYACUCHO,09,SUCRE,01,QUEROBAMBA,16721,04,04,1,2,050941003,143.6032,1,,1,1,2,2,HABA,2942,1,0,250,0,0,0,1,1,0,0, 
2024,05,AYACUCHO,09,SUCRE,01,QUEROBAMBA,16722,01,01,1,2,050931003,151.7543,1,,1,1,4,1,OLLUCO,2609,1,0,040,0,1,1,0,1,0,1, 
2024,05,AYACUCHO,09,SUCRE,01,QUEROBAMBA,16722,01,01,1,2,050931003,151.7543,1,,1,1,2,1,ARVEJA,2901,1,0,080,0,0,1,0,1,0,0, 
2024,05,AYACUCHO,09,SUCRE,01,QUEROBAMBA,16722,01,01,1,2,050931003,151.7543,1,,1,1,4,2,PAPA BLANCA,2612,1,0,050,0,1,1,0,1,0,1, 
2024,05,AYACUCHO,09,SUCRE,01,QUEROBAMBA,16722,01,01,1,2,050931003,151.7543,1,,1,1,4,3,QUINUA,2111,1,0,060,0,1,1,0,1,0,1, 
2024,05,AYACUCHO,09,SUCRE,01,QUEROBAMBA,16722,01,01,1,2,050931003,151.7543,1,,1,1,4,4,TRIGO,2113,1,0,050,0,1,1,0,1,0,1, 
2024,05,AYACUCHO,09,SUCRE,01,QUEROBAMBA,16722,02,02,1,2,050931003,14.31226,1,,1,1,1,1,TRIGO,2113,1,0,080,0,0,0,1,0,1,0, 
2024,05,AYACUCHO,09,SUCRE,01,QUEROBAMBA,16723,02,02,1,2,050931003,17.60619,1,,1,1,4,1,QUINUA,2111,1,1,000,0,0,1,0,0,0,0, 
2024,05,AYACUCHO,09,SUCRE,01,QUEROBAMBA,16723,02,02,1,2,050931003,17.60619,1,,1,1,3,1,ARVEJA,2901,1,0,500,0,0,1,0,1,0,0, 
2024,05,AYACUCHO,09,SUCRE,01,QUEROBAMBA,16723,02,02,1,2,050931003,17.60619,1,,1,1,4,2,HABA,2942,1,0,600,0,0,1,0,0,0,0, 
2024,05,AYACUCHO,08,PAUCAR DEL SARA SARA,09,SAN JOSE DE USHUA,16726,01,01,1,2,050831002,93.92611,1,,1,1,1,1,PAPA NATIVA,2615,1,0,050,0,0,1,0,0,0,0, 
2024,05,AYACUCHO,08,PAUCAR DEL SARA SARA,09,SAN JOSE DE USHUA,16726,01,01,1,2,050831002,93.92611,1,,1,1,1,2,MAIZ CHOCLO,2109,1,0,050,0,0,1,0,0,0,0, 
2024,05,AYACUCHO,08,PAUCAR DEL SARA SARA,09,SAN JOSE DE USHUA,16726,02,02,1,2,050831002,.134383,1,,1,1,3,1,MAIZ CHOCLO,2109,1,0,150,0,0,1,0,0,0,0, 
2024,05,AYACUCHO,08,PAUCAR DEL SARA SARA,04,LAMPA,16735,07,07,1,2,050831004,25.91963,1,,1,1,2,1,TRIGO,2113,1,0,090,0,0,1,0,0,0,0, 
2024,05,AYACUCHO,08,PAUCAR DEL SARA SARA,04,LAMPA,16735,07,07,1,2,050831004,25.91963,1,,1,1,3,1,TRIGO,2113,1,0,020,0,0,1,0,0,0,0, 
2024,05,AYACUCHO,08,PAUCAR DEL SARA SARA,04,LAMPA,16735,07,07,1,2,050831004,25.91963,1,,1,1,2,2,CEBADA GRANO,2104,1,0,060,0,0,1,0,0,0,0, 
2024,05,AYACUCHO,08,PAUCAR DEL SARA SARA,04,LAMPA,16735,07,07,1,2,050831004,25.91963,1,,1,1,3,2,MAIZ CHOCLO,2109,1,0,020,0,0,1,0,0,0,0, 
2024,05,AYACUCHO,08,PAUCAR DEL SARA SARA,02,COLTA,16740,03,03,1,2,050831002,25.06322,1,,1,1,3,1,PAPA AMARILLA,2611,1,0,300,0,0,1,1,0,0,0, 
2024,05,AYACUCHO,08,PAUCAR DEL SARA SARA,02,COLTA,16742,02,02,1,2,050834003,12.38556,1,,1,1,3,1,ALFALFA,1401,3,0,500,0,0,0,0,0,1,0, 
2024,05,AYACUCHO,07,PARINACOCHAS,06,PUYUSCA,16755,01,01,1,2,050731003,152.5642,1,,1,1,2,1,TRIGO,2113,1,0,040,0,0,0,1,1,0,0, 
2024,05,AYACUCHO,07,PARINACOCHAS,06,PUYUSCA,16755,02,02,1,2,050731003,1.634982,1,,1,1,1,1,CEBADA GRANO,2104,1,0,569,0,0,0,1,0,0,0, 
2024,05,AYACUCHO,07,PARINACOCHAS,06,PUYUSCA,16755,02,02,1,2,050731003,1.634982,1,,1,1,2,1,CEBADA GRANO,2104,1,0,090,0,0,0,1,0,0,0, 
2024,05,AYACUCHO,07,PARINACOCHAS,06,PUYUSCA,16755,02,02,1,2,050731003,1.634982,1,,1,1,6,1,CEBADA GRANO,2104,1,1,000,0,0,0,1,0,0,0, 
2024,05,AYACUCHO,07,PARINACOCHAS,02,CHUMPI,16766,02,02,1,2,050731003,18.14687,1,,1,1,2,1,PAPA BLANCA,2612,1,0,500,0,1,0,1,0,0,0, 
2024,05,AYACUCHO,07,PARINACOCHAS,02,CHUMPI,16769,02,02,1,2,050731002,35.09813,1,,1,1,1,1,PAPA BLANCA,2612,1,0,090,0,0,1,1,1,0,0, 
2024,05,AYACUCHO,07,PARINACOCHAS,02,CHUMPI,16769,07,07,1,2,050731002,.5864124,1,,1,1,3,1,MAIZ CHOCLO,2109,1,0,150,0,0,1,0,0,0,0, 
2024,05,AYACUCHO,07,PARINACOCHAS,02,CHUMPI,16770,01,01,1,2,050731003,24.70068,1,,1,1,1,1,PAPA BLANCA,2612,1,0,165,0,1,1,0,0,0,0, 
2024,05,AYACUCHO,07,PARINACOCHAS,02,CHUMPI,16770,05,05,1,2,050731003,11.27367,1,,1,1,2,1,ALFALFA,1401,3,1,262,0,1,0,1,0,0,0, 
2024,05,AYACUCHO,07,PARINACOCHAS,02,CHUMPI,16774,05,05,1,2,050732003,64.73112,1,,1,1,6,1,TRIGO,2113,1,0,150,0,0,0,1,1,0,0, 
2024,05,AYACUCHO,07,PARINACOCHAS,01,CORACORA,16783,01,01,1,2,050741002,8.829357,1,,1,1,2,1,HABA,2942,1,0,250,0,0,0,1,1,0,0, 
2024,05,AYACUCHO,07,PARINACOCHAS,01,CORACORA,16783,01,01,1,2,050741002,8.829357,1,,1,1,2,2,PAPA BLANCA,2612,1,0,750,0,1,0,1,1,0,0, 
2024,05,AYACUCHO,06,LUCANAS,20,SANTA ANA DE HUAYCAHUACHO,16790,02,02,1,2,050644003,25.91415,1,,1,1,3,1,PAPA BLANCA,2612,1,0,040,0,0,1,1,0,0,0, 
2024,05,AYACUCHO,06,LUCANAS,19,SANCOS,16794,03,03,1,1,050621005,.9336687,1,,1,1,1,1,CEBOLLA,2315,1,0,250,0,0,0,0,0,0,1, 
2024,05,AYACUCHO,06,LUCANAS,17,SAN PEDRO,16798,02,02,1,2,050631003,14.09241,1,,1,1,1,1,PAPA BLANCA,2612,1,0,027,0,0,0,0,1,0,0, 
2024,05,AYACUCHO,06,LUCANAS,12,OCAÑA,16813,04,04,1,2,050632003,7.343826,1,,1,0,1,1,HABA,2942,1,0,040,0,0,0,1,0,0,0, 
2024,05,AYACUCHO,06,LUCANAS,12,OCAÑA,16813,04,04,1,2,050632003,7.343826,1,,1,0,1,2,PAPA NATIVA,2615,1,0,060,0,0,0,1,0,0,0, 
2024,05,AYACUCHO,06,LUCANAS,11,LUCANAS,16815,01,01,1,2,050642004,.9534519,1,,1,1,3,1,OCA,2608,1,0,030,0,0,0,1,1,1,0, 
2024,05,AYACUCHO,06,LUCANAS,11,LUCANAS,16815,01,01,1,2,050642004,.9534519,1,,1,1,2,1,PAPA AMARILLA,2611,1,0,080,0,0,0,1,1,1,0, 
2024,05,AYACUCHO,06,LUCANAS,11,LUCANAS,16815,01,01,1,2,050642004,.9534519,1,,1,1,1,1,PAPA AMARILLA,2611,1,0,080,0,0,1,1,1,1,0, 
2024,05,AYACUCHO,06,LUCANAS,11,LUCANAS,16815,01,01,1,2,050642004,.9534519,1,,1,1,2,2,OCA,2608,1,0,070,0,0,0,1,1,1,0, 
2024,05,AYACUCHO,06,LUCANAS,11,LUCANAS,16815,01,01,1,2,050642004,.9534519,1,,1,1,1,2,OCA,2608,1,0,060,0,0,1,1,1,1,0, 
2024,05,AYACUCHO,06,LUCANAS,11,LUCANAS,16815,01,01,1,2,050642004,.9534519,1,,1,1,1,3,ALFALFA,1401,3,0,110,0,0,1,1,1,1,0, 
2024,05,AYACUCHO,06,LUCANAS,11,LUCANAS,16815,01,01,1,2,050642004,.9534519,1,,1,1,2,3,MASHUA,2606,1,0,800,0,0,0,1,1,1,0, 
2024,05,AYACUCHO,06,LUCANAS,11,LUCANAS,16815,02,02,1,2,050642004,1.944748,1,,1,1,1,1,PAPA AMARILLA,2611,1,0,070,0,0,0,1,1,1,0, 
2024,05,AYACUCHO,06,LUCANAS,11,LUCANAS,16815,02,02,1,2,050642004,1.944748,1,,1,1,2,1,QUINUA,2111,1,0,020,0,0,0,1,1,0,0, 
2024,05,AYACUCHO,06,LUCANAS,11,LUCANAS,16815,02,02,1,2,050642004,1.944748,1,,1,1,1,2,HABA,2942,1,0,080,0,0,0,1,1,1,0, 
2024,05,AYACUCHO,06,LUCANAS,11,LUCANAS,16817,02,02,1,2,050631002,48.00885,1,,1,1,1,1,PAPA AMARILLA,2611,1,0,170,0,0,1,1,1,0,0, 
2024,05,AYACUCHO,06,LUCANAS,11,LUCANAS,16817,03,03,1,2,050631002,4.826518,1,,1,1,2,1,PAPA COLOR,2613,1,0,300,0,0,1,1,1,0,0, 
2024,05,AYACUCHO,06,LUCANAS,11,LUCANAS,16818,08,08,1,2,050641004,5.470073,1,,1,1,1,1,PAPA BLANCA,2612,1,0,080,0,0,0,1,1,1,0, 
2024,05,AYACUCHO,06,LUCANAS,11,LUCANAS,16819,01,01,1,2,050633004,.2626921,1,,1,1,1,1,SAUCO,1177,2,0,003,0,0,0,1,0,0,0, 
2024,05,AYACUCHO,06,LUCANAS,11,LUCANAS,16820,01,01,1,2,050632004,1.724205,1,,1,1,2,1,OCA,2608,1,0,080,0,0,1,1,1,1,0, 
2024,05,AYACUCHO,06,LUCANAS,11,LUCANAS,16820,01,01,1,2,050632004,1.724205,1,,1,1,2,2,PAPA AMARILLA,2611,1,0,600,0,0,0,1,1,1,0, 
2024,05,AYACUCHO,06,LUCANAS,11,LUCANAS,16820,03,03,1,2,050632004,2.261249,1,,1,1,2,1,PAPA HUAYRO,2614,1,1,000,0,0,1,1,1,1,0, 
2024,05,AYACUCHO,06,LUCANAS,11,LUCANAS,16820,04,04,1,2,050632004,.7946743,1,,1,1,1,1,PAPA AMARILLA,2611,1,0,500,0,0,0,1,1,1,0, 
2024,05,AYACUCHO,06,LUCANAS,11,LUCANAS,16820,04,04,1,2,050632004,.7946743,1,,1,1,1,2,HABA,2942,1,0,050,0,0,0,1,1,1,0, 
2024,05,AYACUCHO,06,LUCANAS,11,LUCANAS,16820,05,05,1,2,050632004,2.917669,1,,1,1,1,1,PAPA AMARILLA,2611,1,0,080,0,0,0,1,1,1,0, 
2024,05,AYACUCHO,06,LUCANAS,11,LUCANAS,16820,05,05,1,2,050632004,2.917669,1,,1,1,1,2,HABA,2942,1,0,070,0,0,0,1,1,1,0, 
2024,05,AYACUCHO,06,LUCANAS,11,LUCANAS,16820,05,05,1,2,050632004,2.917669,1,,1,1,1,3,TRIGO,2113,1,0,050,0,0,0,1,1,1,0, 
2024,05,AYACUCHO,06,LUCANAS,07,HUAC-HUAS,16839,01,01,1,1,050621002,.6778427,1,,1,1,1,1,MORERA,1154,2,0,001,0,0,1,0,0,0,0, 
2024,05,AYACUCHO,06,LUCANAS,05,CHAVIÑA,16845,01,01,1,2,050631003,7.54521,1,,1,1,2,1,TRIGO,2113,1,0,250,0,0,1,1,0,0,1, 
2024,05,AYACUCHO,06,LUCANAS,05,CHAVIÑA,16845,01,01,1,2,050631003,7.54521,1,,1,1,1,1,ZANAHORIA,2344,1,0,050,0,1,1,1,0,0,0, 
2024,05,AYACUCHO,06,LUCANAS,04,CARMEN SALCEDO,16848,01,01,1,2,050641003,52.94799,1,,1,1,1,1,CEBADA GRANO,2104,1,0,500,0,0,0,1,0,1,0, 
2024,05,AYACUCHO,06,LUCANAS,04,CARMEN SALCEDO,16848,01,01,1,2,050641003,52.94799,1,,1,1,1,2,ALFALFA,1401,3,0,500,0,0,0,1,0,1,0, 
2024,05,AYACUCHO,06,LUCANAS,03,CABANA,16849,01,01,1,2,050643003,83.36624,1,,1,1,3,1,ARVEJA,2901,1,0,022,0,0,1,0,0,0,0, 
2024,05,AYACUCHO,06,LUCANAS,03,CABANA,16849,01,01,1,2,050643003,83.36624,1,,1,1,3,2,HABA,2942,1,0,022,0,0,1,0,0,0,0, 
2024,05,AYACUCHO,06,LUCANAS,03,CABANA,16850,01,01,1,2,050631003,59.86994,1,,1,1,4,1,MAIZ AMILACEO,2108,1,0,125,0,0,1,0,0,0,0, 
2024,05,AYACUCHO,06,LUCANAS,03,CABANA,16850,03,03,1,2,050631003,112.8378,1,,1,1,1,1,MAIZ AMILACEO,2108,1,0,030,0,0,1,0,0,0,0, 
2024,05,AYACUCHO,06,LUCANAS,02,AUCARA,16852,01,01,1,2,050641003,23.74874,1,,1,1,3,1,HABA,2942,1,0,500,0,0,1,1,0,0,0, 
2024,05,AYACUCHO,06,LUCANAS,02,AUCARA,16853,08,08,1,2,050641003,.4122089,1,,1,1,4,1,PAPA BLANCA,2612,1,0,200,0,0,0,1,0,0,0, 
2024,05,AYACUCHO,06,LUCANAS,02,AUCARA,16854,01,01,1,2,050631003,81.20589,1,,1,0,1,1,TUNA FRUTA,1186,2,0,250,0,0,1,0,0,0,0, 
2024,05,AYACUCHO,06,LUCANAS,02,AUCARA,16854,01,01,1,2,050631003,81.20589,1,,1,0,2,1,TUNA FRUTA,1186,2,0,500,0,0,0,0,0,0,1, 
2024,05,AYACUCHO,06,LUCANAS,02,AUCARA,16854,02,02,1,2,050631003,.3565867,1,,1,1,1,1,TUNA FRUTA,1186,2,0,400,0,0,1,0,0,0,0, 
2024,05,AYACUCHO,06,LUCANAS,02,AUCARA,16854,03,03,1,2,050631003,8.463878,1,,1,1,1,1,TUNA FRUTA,1186,2,0,250,0,0,1,0,0,1,0, 
2024,05,AYACUCHO,06,LUCANAS,02,AUCARA,16856,01,01,1,2,050631004,7.038651,1,,1,1,1,1,MELOCOTONERO,1152,2,0,030,0,0,1,0,0,0,0, 
2024,05,AYACUCHO,06,LUCANAS,02,AUCARA,16856,01,01,1,2,050631004,7.038651,1,,1,1,1,2,PERAL,1166,2,0,002,0,0,1,0,0,0,0, 
2024,05,AYACUCHO,06,LUCANAS,02,AUCARA,16856,02,02,1,2,050631004,31.63646,1,,1,1,1,1,HABA,2942,1,0,020,0,0,1,0,0,0,0, 
2024,05,AYACUCHO,06,LUCANAS,02,AUCARA,16856,02,02,1,2,050631004,31.63646,1,,1,1,1,2,ARVEJA,2901,1,0,015,0,0,1,0,0,0,0, 
2024,05,AYACUCHO,06,LUCANAS,02,AUCARA,16856,05,05,1,2,050631004,.0903413,1,,1,1,1,1,TUNA FRUTA,1186,2,0,020,0,0,1,0,0,0,0, 
2024,05,AYACUCHO,06,LUCANAS,02,AUCARA,16858,02,02,1,2,050641003,21.69423,1,,1,1,4,1,MAIZ AMILACEO,2108,1,0,500,0,0,1,0,0,0,0, 
2024,05,AYACUCHO,06,LUCANAS,02,AUCARA,16858,05,05,1,2,050641003,3.586566,1,,1,1,3,1,PAPA BLANCA,2612,1,0,250,0,0,0,1,0,0,0, 
2024,05,AYACUCHO,06,LUCANAS,01,PUQUIO,16859,04,04,1,2,050631002,30.32107,1,,1,1,2,1,HABA,2942,1,500,000,0,1,1,0,0,0,0, 
2024,05,AYACUCHO,05,LA MAR,11,ORONCCOY,16868,01,01,1,3,050574002,31.25952,1,,1,1,3,1,PALTO,1162,2,1,000,0,0,1,0,0,0,0, 
2024,05,AYACUCHO,05,LA MAR,10,ANCHIHUAY,16869,01,01,1,3,050591005,21.84905,1,,1,1,2,1,CACAO,1202,3,0,250,1,0,0,0,0,0,0, 
2024,05,AYACUCHO,05,LA MAR,10,ANCHIHUAY,16869,02,02,1,3,050591005,37.98133,1,,1,1,3,1,PACAE,1159,2,0,030,0,0,1,0,0,0,0, 
2024,05,AYACUCHO,05,LA MAR,10,ANCHIHUAY,16869,02,02,1,3,050591005,37.98133,1,,1,1,3,2,CACAO,1202,3,1,000,0,0,1,0,0,0,1, 
2024,05,AYACUCHO,05,LA MAR,10,ANCHIHUAY,16869,04,04,1,3,050591005,21.69867,1,,1,1,1,1,CARAMBOLA,1114,2,0,005,0,0,1,0,0,0,0, 
2024,05,AYACUCHO,05,LA MAR,10,ANCHIHUAY,16869,08,08,1,3,050591005,29.9619,1,,1,1,3,1,MAIZ AMARILLO DURO,2107,1,0,500,0,0,0,0,0,0,1, 
2024,05,AYACUCHO,05,LA MAR,10,ANCHIHUAY,16869,09,09,1,3,050591005,34.55916,1,,1,1,1,1,COCA,1209,2,0,200,0,0,0,0,0,0,1, 
2024,05,AYACUCHO,05,LA MAR,10,ANCHIHUAY,16871,07,07,1,3,050571005,1.462787,1,,1,1,1,1,COCA,1209,2,0,125,0,0,0,0,0,0,1, 
2024,05,AYACUCHO,05,LA MAR,10,ANCHIHUAY,16871,08,08,1,3,050571005,13.95644,1,,1,1,1,1,COCA,1209,2,0,500,0,0,1,0,0,0,1, 
2024,05,AYACUCHO,05,LA MAR,10,ANCHIHUAY,16873,13,13,1,3,050572005,26.04489,1,,1,1,1,1,COCA,1209,2,0,045,0,0,1,0,0,0,0, 
2024,05,AYACUCHO,05,LA MAR,10,ANCHIHUAY,16873,13,13,1,3,050572005,26.04489,1,,1,1,2,1,PACAE,1159,2,0,004,0,0,1,0,0,0,0, 
2024,05,AYACUCHO,05,LA MAR,10,ANCHIHUAY,16873,14,14,1,3,050572005,32.9029,1,,1,1,1,1,PALMERA DATILERA,1161,2,0,015,0,0,1,0,0,0,0, 
2024,05,AYACUCHO,05,LA MAR,09,SAMUGARI,16876,03,03,1,2,050531003,18.23925,1,,1,0,1,1,PAPA AMARILLA,2611,1,0,226,0,0,0,1,0,0,0, 
2024,05,AYACUCHO,05,LA MAR,09,SAMUGARI,16878,03,03,1,3,050572004,72.89156,1,,1,1,1,1,PALMERA DATILERA,1161,2,1,676,0,0,1,0,0,0,0, 
2024,05,AYACUCHO,05,LA MAR,09,SAMUGARI,16881,01,01,1,3,050591004,35.05227,1,,1,1,1,1,YUCA,2620,1,1,000,0,0,1,0,0,0,0, 
2024,05,AYACUCHO,05,LA MAR,09,SAMUGARI,16888,06,06,1,3,050571005,27.6468,1,,1,1,1,1,CACAO,1202,3,0,040,1,1,0,0,0,0,0, 
2024,05,AYACUCHO,05,LA MAR,09,SAMUGARI,16888,07,07,1,3,050571005,10.4285,1,,1,1,1,1,CACAO,1202,3,0,100,1,1,0,0,0,0,0, 
2024,05,AYACUCHO,05,LA MAR,09,SAMUGARI,16888,09,09,1,3,050571005,5.134412,1,,1,1,1,1,CACAO,1202,3,0,020,1,1,0,0,0,0,0, 
2024,05,AYACUCHO,05,LA MAR,08,TAMBO,16893,01,01,1,2,050542002,8.253899,1,,1,1,6,1,OLLUCO,2609,1,0,250,0,0,1,1,0,0,0, 
2024,05,AYACUCHO,05,LA MAR,08,TAMBO,16893,02,02,1,2,050542002,30.7185,1,,1,1,3,1,PAPA AMARILLA,2611,1,0,750,0,0,1,1,1,0,0, 
2024,05,AYACUCHO,05,LA MAR,08,TAMBO,16893,03,03,1,2,050542002,30.61861,1,,1,1,2,1,PAPA BLANCA,2612,1,0,250,0,0,1,1,0,0,0, 
2024,05,AYACUCHO,05,LA MAR,08,TAMBO,16893,03,03,1,2,050542002,30.61861,1,,1,1,2,2,PAPA AMARILLA,2611,1,0,250,0,0,1,1,0,0,0, 
2024,05,AYACUCHO,05,LA MAR,08,TAMBO,16894,01,01,1,2,050541002,13.94765,1,,1,0,2,1,TARHUI,2947,1,0,250,0,0,1,0,0,0,0, 
2024,05,AYACUCHO,05,LA MAR,08,TAMBO,16894,04,04,1,2,050541002,1.355406,1,,1,1,1,1,TARHUI,2947,1,0,076,0,0,1,0,0,0,0, 
2024,05,AYACUCHO,05,LA MAR,08,TAMBO,16897,03,03,1,2,050541004,.1032613,1,,1,1,3,1,HABA,2942,1,0,250,0,0,1,0,0,0,0, 
2024,05,AYACUCHO,05,LA MAR,08,TAMBO,16897,06,06,1,2,050541004,4.978358,1,,1,1,1,1,PAPA BLANCA,2612,1,0,250,0,0,1,0,0,0,0, 
2024,05,AYACUCHO,05,LA MAR,08,TAMBO,16897,06,06,1,2,050541004,4.978358,1,,1,1,1,2,HABA,2942,1,0,250,0,0,1,0,0,0,0, 
2024,05,AYACUCHO,05,LA MAR,08,TAMBO,16897,07,07,1,2,050541004,2.980259,1,,1,1,3,1,PAPA BLANCA,2612,1,0,375,0,0,1,0,0,0,0, 
2024,05,AYACUCHO,05,LA MAR,08,TAMBO,16897,08,08,1,2,050541004,38.74312,1,,1,1,4,1,PAPA BLANCA,2612,1,0,250,0,0,1,1,1,0,0, 
2024,05,AYACUCHO,05,LA MAR,08,TAMBO,16898,01,01,1,2,050553003,1.085778,1,,1,1,2,1,TARHUI,2947,1,0,250,0,0,0,1,1,0,0, 
2024,05,AYACUCHO,05,LA MAR,08,TAMBO,16899,02,02,1,2,050533004,5.829428,1,,1,1,3,1,CEBADA GRANO,2104,1,0,300,0,0,1,1,0,0,0, 
2024,05,AYACUCHO,05,LA MAR,08,TAMBO,16899,02,02,1,2,050533004,5.829428,1,,1,1,3,2,ARVEJA,2901,1,0,200,0,0,1,1,0,0,0, 
2024,05,AYACUCHO,05,LA MAR,08,TAMBO,16899,03,03,1,2,050533004,8.400568,1,,1,1,3,1,PAPA AMARILLA,2611,1,0,250,0,0,1,1,0,0,0, 
2024,05,AYACUCHO,05,LA MAR,08,TAMBO,16903,02,02,1,2,050542004,2.297057,1,,1,1,2,1,PAPA NATIVA,2615,1,0,500,0,0,0,1,1,0,0, 
2024,05,AYACUCHO,05,LA MAR,08,TAMBO,16903,02,02,1,2,050542004,2.297057,1,,1,1,1,1,LINAZA,2819,1,0,125,0,0,1,0,0,0,0, 
2024,05,AYACUCHO,05,LA MAR,08,TAMBO,16903,02,02,1,2,050542004,2.297057,1,,1,1,2,2,PAPA AMARILLA,2611,1,0,500,0,0,0,1,1,0,0, 
2024,05,AYACUCHO,05,LA MAR,08,TAMBO,16903,02,02,1,2,050542004,2.297057,1,,1,1,1,2,QUINUA,2111,1,0,250,0,0,1,0,0,0,0, 
2024,05,AYACUCHO,05,LA MAR,08,TAMBO,16903,02,02,1,2,050542004,2.297057,1,,1,1,1,3,HABA,2942,1,0,375,0,0,1,0,0,0,0, 
2024,05,AYACUCHO,05,LA MAR,08,TAMBO,16903,04,04,1,2,050542004,.136511,1,,1,0,1,1,TARHUI,2947,1,0,500,0,0,1,0,0,0,0, 
2024,05,AYACUCHO,05,LA MAR,08,TAMBO,16903,05,05,1,2,050542004,2.445598,1,,1,0,2,1,PAPA BLANCA,2612,1,0,375,0,0,1,0,0,0,0, 
2024,05,AYACUCHO,05,LA MAR,07,SANTA ROSA,16908,02,02,1,3,050592004,99.73499,1,,1,0,3,1,MANDARINA,1146,2,0,010,0,0,1,0,0,0,0, 
2024,05,AYACUCHO,05,LA MAR,07,SANTA ROSA,16908,02,02,1,3,050592004,99.73499,1,,1,0,1,1,CACAO,1202,3,1,200,0,0,0,0,0,0,1, 
2024,05,AYACUCHO,05,LA MAR,07,SANTA ROSA,16908,02,02,1,3,050592004,99.73499,1,,1,0,1,2,PLATANO,1171,3,0,010,0,0,0,0,0,0,1, 
2024,05,AYACUCHO,05,LA MAR,07,SANTA ROSA,16908,02,02,1,3,050592004,99.73499,1,,1,0,1,3,COCA,1209,2,1,500,0,0,0,0,0,0,1, 
2024,05,AYACUCHO,05,LA MAR,07,SANTA ROSA,16909,02,02,1,3,050591004,72.06483,1,,1,0,2,1,NARANJO,1156,2,0,030,0,0,1,0,0,0,1, 
2024,05,AYACUCHO,05,LA MAR,07,SANTA ROSA,16909,02,02,1,3,050591004,72.06483,1,,1,0,4,1,CACAO,1202,3,0,500,0,0,1,0,0,0,1, 
2024,05,AYACUCHO,05,LA MAR,07,SANTA ROSA,16909,02,02,1,3,050591004,72.06483,1,,1,0,1,1,CACAO,1202,3,0,250,0,0,1,0,0,0,1, 
2024,05,AYACUCHO,05,LA MAR,07,SANTA ROSA,16909,02,02,1,3,050591004,72.06483,1,,1,0,1,2,COCA,1209,2,0,400,0,0,1,0,0,0,1, 
2024,05,AYACUCHO,05,LA MAR,06,LUIS CARRANZA,16913,01,01,1,2,050531002,51.96875,1,,1,1,4,1,MAIZ AMILACEO,2108,1,0,250,0,1,1,0,0,0,0, 
2024,05,AYACUCHO,05,LA MAR,05,CHUNGUI,16915,01,01,1,3,050573002,11.36584,1,,1,0,1,1,PACAE,1159,2,0,002,0,0,1,0,0,0,0, 
2024,05,AYACUCHO,05,LA MAR,05,CHUNGUI,16915,01,01,1,3,050573002,11.36584,1,,1,0,2,1,TUNA FRUTA,1186,2,0,017,0,0,1,0,0,0,0, 
2024,05,AYACUCHO,05,LA MAR,05,CHUNGUI,16917,01,01,1,3,050574003,23.64573,1,,1,1,2,1,MAIZ AMILACEO,2108,1,0,500,0,0,1,0,0,1,0, 
2024,05,AYACUCHO,05,LA MAR,05,CHUNGUI,16917,02,02,1,3,050574003,24.16246,1,,1,1,1,1,MAIZ AMARILLO DURO,2107,1,0,078,0,0,1,0,0,1,0, 
2024,05,AYACUCHO,05,LA MAR,05,CHUNGUI,16917,02,02,1,3,050574003,24.16246,1,,1,1,3,1,PAPA BLANCA,2612,1,0,375,0,0,1,0,0,0,0, 
2024,05,AYACUCHO,05,LA MAR,05,CHUNGUI,16918,01,01,1,2,050534005,146.4975,1,,1,1,1,1,MAIZ AMILACEO,2108,1,0,189,0,0,0,0,0,1,0, 
2024,05,AYACUCHO,05,LA MAR,05,CHUNGUI,16918,01,01,1,2,050534005,146.4975,1,,1,1,2,1,ARVEJA,2901,1,0,030,0,0,1,0,0,1,0, 
2024,05,AYACUCHO,05,LA MAR,05,CHUNGUI,16918,04,04,1,2,050534005,31.70567,1,,1,1,2,1,PAPA BLANCA,2612,1,0,200,0,0,1,0,0,0,0, 
2024,05,AYACUCHO,05,LA MAR,05,CHUNGUI,16918,05,05,1,2,050534005,179.1062,1,,1,1,6,1,MELOCOTONERO,1152,2,0,020,0,0,1,0,0,0,0, 
2024,05,AYACUCHO,05,LA MAR,05,CHUNGUI,16918,06,06,1,2,050534005,447.1512,1,,1,1,3,1,PACAE,1159,2,0,012,0,0,1,0,0,0,0, 
2024,05,AYACUCHO,05,LA MAR,05,CHUNGUI,16918,06,06,1,2,050534005,447.1512,1,,1,1,1,1,MELOCOTONERO,1152,2,0,004,0,0,1,0,0,0,0, 
2024,05,AYACUCHO,05,LA MAR,05,CHUNGUI,16918,06,06,1,2,050534005,447.1512,1,,1,1,1,2,TUNA FRUTA,1186,2,0,005,0,0,1,0,0,0,0, 
2024,05,AYACUCHO,05,LA MAR,05,CHUNGUI,16919,01,01,1,2,050544005,8.098595,1,,1,1,3,1,FRIJOL PANAMITO,2929,1,0,500,0,0,1,0,0,0,0, 
2024,05,AYACUCHO,05,LA MAR,05,CHUNGUI,16919,01,01,1,2,050544005,8.098595,1,,1,1,3,2,PALTO,1162,2,0,500,0,0,1,0,0,1,0, 
2024,05,AYACUCHO,05,LA MAR,05,CHUNGUI,16919,04,04,1,2,050544005,30.73248,1,,1,1,3,1,SAUCO,1177,2,0,002,0,0,1,1,0,0,0, 
2024,05,AYACUCHO,05,LA MAR,03,AYNA,16922,04,04,1,3,050571002,3.118727,1,,1,0,2,1,CACAO,1202,3,1,500,0,0,0,0,0,0,1, 
2024,05,AYACUCHO,05,LA MAR,03,AYNA,16922,04,04,1,3,050571002,3.118727,1,,1,0,3,1,CACAO,1202,3,0,250,0,0,0,0,0,0,1, 
2024,05,AYACUCHO,05,LA MAR,03,AYNA,16923,01,01,1,3,050591003,66.42588,1,,1,1,1,1,CACAO,1202,3,0,050,1,1,0,0,0,0,0, 
2024,05,AYACUCHO,05,LA MAR,03,AYNA,16923,01,01,1,3,050591003,66.42588,1,,1,1,1,2,PALILLO,1220,2,0,050,1,1,0,0,0,0,0, 
2024,05,AYACUCHO,05,LA MAR,03,AYNA,16923,02,02,1,3,050591003,109.2915,1,,1,1,2,1,CACAO,1202,3,0,250,1,1,0,0,0,0,0, 
2024,05,AYACUCHO,05,LA MAR,03,AYNA,16925,02,02,1,3,050571003,96.98837,1,,1,1,1,1,CACAO,1202,3,0,025,1,1,0,0,0,0,0, 
2024,05,AYACUCHO,05,LA MAR,02,ANCO,16928,04,04,1,2,050531004,1.812703,1,,1,0,1,1,ARVEJA,2901,1,0,370,0,0,1,0,0,0,0, 
2024,05,AYACUCHO,05,LA MAR,02,ANCO,16928,05,05,1,2,050531004,46.80796,1,,1,1,1,1,ARVEJA,2901,1,0,260,0,1,0,0,0,0,0, 
2024,05,AYACUCHO,05,LA MAR,02,ANCO,16933,03,03,1,2,050532003,2.128607,1,,1,1,7,1,PAPA BLANCA,2612,1,0,550,0,0,0,0,0,1,0, 
2024,05,AYACUCHO,05,LA MAR,02,ANCO,16933,05,05,1,2,050532003,42.14857,1,,1,1,2,1,MAIZ AMILACEO,2108,1,0,200,0,1,0,0,0,0,0, 
2024,05,AYACUCHO,05,LA MAR,02,ANCO,16933,08,08,1,2,050532003,2.384718,1,,1,1,5,1,HABA,2942,1,0,460,0,0,1,0,0,1,0, 
2024,05,AYACUCHO,05,LA MAR,02,ANCO,16933,08,08,1,2,050532003,2.384718,1,,1,1,6,1,OLLUCO,2609,1,0,050,0,1,1,0,0,0,0, 
2024,05,AYACUCHO,05,LA MAR,01,SAN MIGUEL,16937,02,02,1,2,050531003,3.046503,1,,1,1,6,1,CHIRIMOYO,1121,2,0,001,0,0,1,0,0,0,0, 
2024,05,AYACUCHO,05,LA MAR,01,SAN MIGUEL,16938,02,02,1,2,050541003,4.819725,1,,1,1,11,1,TARHUI,2947,1,0,500,0,0,1,0,0,0,0, 
2024,05,AYACUCHO,05,LA MAR,01,SAN MIGUEL,16938,02,02,1,2,050541003,4.819725,1,,1,1,3,1,HABA,2942,1,0,250,0,0,1,1,0,0,0, 
2024,05,AYACUCHO,05,LA MAR,01,SAN MIGUEL,16939,03,03,1,2,050531003,134.2336,1,,1,1,4,1,MAIZ AMILACEO,2108,1,0,250,0,0,0,0,0,1,0, 
2024,05,AYACUCHO,04,HUANTA,12,CHACA,16946,01,01,1,2,050432003,3.833607,1,,1,0,5,1,ARVEJA,2901,1,0,125,0,0,0,1,0,0,1, 
2024,05,AYACUCHO,04,HUANTA,12,CHACA,16946,02,02,1,2,050432003,345.278,1,,1,0,3,1,MAIZ AMILACEO,2108,1,0,125,0,0,0,0,0,1,0, 
2024,05,AYACUCHO,04,HUANTA,12,CHACA,16946,04,04,1,2,050432003,27.32929,1,,1,1,4,1,MAIZ AMILACEO,2108,1,0,500,0,0,1,0,0,1,0, 
2024,05,AYACUCHO,04,HUANTA,12,CHACA,16947,01,01,1,2,050451003,.4044735,1,,1,1,1,1,HABA,2942,1,0,250,0,0,0,1,1,0,0, 
2024,05,AYACUCHO,04,HUANTA,10,UCHURACCAY,16951,01,01,1,2,050431003,8.750491,1,,1,1,3,1,PAPA BLANCA,2612,1,0,250,0,0,0,1,1,0,0, 
2024,05,AYACUCHO,04,HUANTA,10,UCHURACCAY,16951,01,01,1,2,050431003,8.750491,1,,1,1,3,2,PAPA AMARILLA,2611,1,0,250,0,0,0,1,1,0,0, 
2024,05,AYACUCHO,04,HUANTA,10,UCHURACCAY,16951,04,04,1,2,050431003,11.32234,1,,1,1,4,1,TARHUI,2947,1,0,500,0,0,0,1,1,0,0, 
2024,05,AYACUCHO,04,HUANTA,10,UCHURACCAY,16951,04,04,1,2,050431003,11.32234,1,,1,1,6,1,MAIZ AMILACEO,2108,1,0,500,0,0,0,0,0,0,1, 
2024,05,AYACUCHO,04,HUANTA,10,UCHURACCAY,16951,04,04,1,2,050431003,11.32234,1,,1,1,6,2,CALABAZA,2314,1,0,500,0,0,0,0,0,0,1, 
2024,05,AYACUCHO,04,HUANTA,10,UCHURACCAY,16952,07,07,1,2,050453004,.9347298,1,,1,1,1,1,AVENA GRANO,2102,1,0,150,0,0,1,1,0,0,0, 
2024,05,AYACUCHO,04,HUANTA,10,UCHURACCAY,16953,01,01,1,2,050442003,11.14819,1,,1,1,1,1,SAUCO,1177,2,0,070,0,0,1,0,0,0,0, 
2024,05,AYACUCHO,04,HUANTA,10,UCHURACCAY,16953,03,03,1,2,050442003,120.9841,1,,1,1,3,1,PAPA NATIVA,2615,1,0,250,0,0,1,1,0,0,0, 
2024,05,AYACUCHO,04,HUANTA,10,UCHURACCAY,16954,02,02,1,2,050431004,3.260719,1,,1,1,14,1,TARHUI,2947,1,0,125,0,0,1,1,0,0,0, 
2024,05,AYACUCHO,04,HUANTA,10,UCHURACCAY,16954,02,02,1,2,050431004,3.260719,1,,1,1,13,1,TARHUI,2947,1,0,500,0,0,1,1,0,0,0, 
2024,05,AYACUCHO,04,HUANTA,10,UCHURACCAY,16954,02,02,1,2,050431004,3.260719,1,,1,1,6,1,TARHUI,2947,1,0,125,0,0,1,1,0,0,0, 
2024,05,AYACUCHO,04,HUANTA,10,UCHURACCAY,16954,02,02,1,2,050431004,3.260719,1,,1,1,10,1,TARHUI,2947,1,0,500,0,0,1,0,0,1,0, 
2024,05,AYACUCHO,04,HUANTA,10,UCHURACCAY,16954,04,04,1,2,050431004,1.141518,1,,1,1,1,1,TARHUI,2947,1,0,125,0,0,0,0,0,0,1, 
2024,05,AYACUCHO,04,HUANTA,10,UCHURACCAY,16956,02,02,1,2,050431004,3.221189,1,,1,0,1,1,PAPA AMARILLA,2611,1,0,200,0,0,1,0,0,0,0, 
2024,05,AYACUCHO,04,HUANTA,10,UCHURACCAY,16956,02,02,1,2,050431004,3.221189,1,,1,0,6,1,PAPA BLANCA,2612,1,0,250,0,0,1,0,0,1,0, 
2024,05,AYACUCHO,04,HUANTA,08,LLOCHEGUA,16958,04,04,1,3,050472005,2.817396,1,,1,0,1,1,COCA,1209,2,4,650,0,0,1,0,0,0,0, 
2024,05,AYACUCHO,04,HUANTA,08,LLOCHEGUA,16959,03,03,1,3,050473005,5.048573,1,,1,1,2,1,CAFE PERGAMINO,1203,2,1,500,0,0,1,0,0,0,0, 
2024,05,AYACUCHO,04,HUANTA,07,SIVIA,16967,01,01,1,3,050491003,24.05825,1,,1,0,1,1,CACAO,1202,3,0,050,1,1,0,0,0,0,0, 
2024,05,AYACUCHO,04,HUANTA,07,SIVIA,16967,02,02,1,3,050491003,69.47327,1,,1,1,1,1,CACAO,1202,3,0,250,1,1,0,0,0,0,0, 
2024,05,AYACUCHO,04,HUANTA,07,SIVIA,16967,03,03,1,3,050491003,65.24172,1,,1,1,1,1,CACAO,1202,3,0,300,1,1,0,0,0,0,0, 
2024,05,AYACUCHO,04,HUANTA,07,SIVIA,16969,02,02,1,3,050471004,16.55278,1,,1,0,1,1,CAFE PERGAMINO,1203,2,0,800,0,0,1,0,0,0,0, 
2024,05,AYACUCHO,04,HUANTA,07,SIVIA,16969,03,03,1,3,050471004,29.13853,1,,1,0,1,1,COCA,1209,2,1,700,0,0,1,0,0,0,0, 
2024,05,AYACUCHO,04,HUANTA,07,SIVIA,16969,04,04,1,3,050471004,44.71483,1,,1,0,2,1,CAFE PERGAMINO,1203,2,3,000,0,0,1,0,0,0,0, 
2024,05,AYACUCHO,04,HUANTA,07,SIVIA,16969,04,04,1,3,050471004,44.71483,1,,1,0,1,1,COCA,1209,2,3,000,0,0,1,0,0,0,0, 
2024,05,AYACUCHO,04,HUANTA,07,SIVIA,16971,02,02,1,3,050493005,2.791347,1,,1,0,2,1,CACAO,1202,3,1,000,0,0,1,0,0,0,0, 
2024,05,AYACUCHO,04,HUANTA,07,SIVIA,16971,08,08,1,3,050493005,3.131611,1,,1,0,1,1,COCA,1209,2,0,992,0,0,1,0,0,0,0, 
2024,05,AYACUCHO,04,HUANTA,07,SIVIA,16973,01,01,1,3,050472003,123.7629,1,,1,1,1,1,PALTO,1162,2,0,008,0,0,1,0,0,0,0, 
2024,05,AYACUCHO,04,HUANTA,07,SIVIA,16973,01,01,1,3,050472003,123.7629,1,,1,1,1,2,MANGO,1147,2,0,014,1,0,0,0,0,0,0, 
2024,05,AYACUCHO,04,HUANTA,07,SIVIA,16977,01,01,1,3,050493002,.7744746,1,,1,1,1,1,CACAO,1202,3,0,050,1,1,0,0,0,0,0, 
2024,05,AYACUCHO,04,HUANTA,07,SIVIA,16977,02,02,1,3,050493002,.5973997,1,,1,1,1,1,PLATANO,1171,3,0,020,1,1,0,0,0,0,0, 
2024,05,AYACUCHO,04,HUANTA,07,SIVIA,16977,02,02,1,3,050493002,.5973997,1,,1,1,1,2,CACAO,1202,3,0,020,1,1,0,0,0,0,0, 
2024,05,AYACUCHO,04,HUANTA,07,SIVIA,16977,03,03,1,3,050493002,.61696,1,,1,1,2,1,CACAO,1202,3,0,050,1,1,0,0,0,0,0, 
2024,05,AYACUCHO,04,HUANTA,07,SIVIA,16977,03,03,1,3,050493002,.61696,1,,1,1,1,1,CACAO,1202,3,0,040,1,1,0,0,0,0,0, 
2024,05,AYACUCHO,04,HUANTA,07,SIVIA,16977,04,04,1,3,050493002,.1475464,1,,1,1,2,1,CACAO,1202,3,0,100,1,1,0,0,0,0,0, 
2024,05,AYACUCHO,04,HUANTA,07,SIVIA,16977,04,04,1,3,050493002,.1475464,1,,1,1,1,1,CACAO,1202,3,0,040,1,1,0,0,0,0,0, 
2024,05,AYACUCHO,04,HUANTA,06,SANTILLANA,16980,02,02,1,2,050441002,.95176,1,,1,1,2,1,PAPA NATIVA,2615,1,0,150,0,0,1,0,1,0,0, 
2024,05,AYACUCHO,04,HUANTA,06,SANTILLANA,16983,01,01,1,2,050441004,22.6941,1,,1,1,2,1,CEBADA GRANO,2104,1,0,030,0,0,1,1,1,0,0, 
2024,05,AYACUCHO,04,HUANTA,06,SANTILLANA,16983,01,01,1,2,050441004,22.6941,1,,1,1,2,2,ARVEJA,2901,1,0,024,0,0,0,1,1,0,0, 
2024,05,AYACUCHO,04,HUANTA,05,LURICOCHA,16985,04,04,1,2,050431003,41.15903,1,,1,1,1,1,PAPA BLANCA,2612,1,0,020,0,0,1,0,0,1,0, 
2024,05,AYACUCHO,04,HUANTA,05,LURICOCHA,16987,02,02,1,2,050441003,16.02964,1,,1,0,4,1,HABA,2942,1,0,062,0,0,1,1,1,0,0, 
2024,05,AYACUCHO,04,HUANTA,05,LURICOCHA,16987,02,02,1,2,050441003,16.02964,1,,1,0,5,1,PAPA BLANCA,2612,1,0,062,0,0,1,1,1,0,0, 
2024,05,AYACUCHO,04,HUANTA,05,LURICOCHA,16987,02,02,1,2,050441003,16.02964,1,,1,0,2,1,ARVEJA,2901,1,0,062,0,0,0,1,1,0,0, 
2024,05,AYACUCHO,04,HUANTA,05,LURICOCHA,16987,04,04,1,2,050441003,58.86153,1,,1,1,2,1,PAPA BLANCA,2612,1,0,062,0,0,0,0,0,1,0, 
2024,05,AYACUCHO,04,HUANTA,05,LURICOCHA,16987,04,04,1,2,050441003,58.86153,1,,1,1,3,1,MAIZ AMILACEO,2108,1,0,125,0,0,1,1,1,0,0, 
2024,05,AYACUCHO,04,HUANTA,05,LURICOCHA,16987,05,05,1,2,050441003,17.40077,1,,1,1,5,1,HABA,2942,1,0,125,0,0,1,1,1,0,0, 
2024,05,AYACUCHO,04,HUANTA,05,LURICOCHA,16987,05,05,1,2,050441003,17.40077,1,,1,1,3,1,PAPA BLANCA,2612,1,0,125,0,0,1,1,1,0,0, 
2024,05,AYACUCHO,04,HUANTA,05,LURICOCHA,16987,07,07,1,2,050441003,195.7386,1,,1,1,1,1,PAPA BLANCA,2612,1,0,125,0,0,1,1,1,0,0, 
2024,05,AYACUCHO,04,HUANTA,05,LURICOCHA,16987,07,07,1,2,050441003,195.7386,1,,1,1,5,1,HABA,2942,1,0,125,0,0,1,1,1,0,0, 
2024,05,AYACUCHO,04,HUANTA,05,LURICOCHA,16987,07,07,1,2,050441003,195.7386,1,,1,1,3,1,HABA,2942,1,0,112,0,0,1,1,1,0,0, 
2024,05,AYACUCHO,04,HUANTA,05,LURICOCHA,16987,07,07,1,2,050441003,195.7386,1,,1,1,1,2,PAPA AMARILLA,2611,1,0,125,0,0,1,1,1,0,0, 
2024,05,AYACUCHO,04,HUANTA,05,LURICOCHA,16987,07,07,1,2,050441003,195.7386,1,,1,1,1,3,PAPA NATIVA,2615,1,0,125,0,0,1,1,1,0,0, 
2024,05,AYACUCHO,04,HUANTA,05,LURICOCHA,16987,08,08,1,2,050441003,39.88263,1,,1,0,4,1,PAPA BLANCA,2612,1,0,250,0,0,1,1,1,0,0, 
2024,05,AYACUCHO,04,HUANTA,05,LURICOCHA,16987,09,09,1,2,050441003,6.836943,1,,1,0,6,1,HABA,2942,1,0,062,0,0,0,1,1,0,0, 
2024,05,AYACUCHO,04,HUANTA,05,LURICOCHA,16987,09,09,1,2,050441003,6.836943,1,,1,0,1,1,HABA,2942,1,0,050,0,0,1,1,1,0,0, 
2024,05,AYACUCHO,04,HUANTA,05,LURICOCHA,16987,12,12,1,2,050441003,37.54667,1,,1,0,1,1,HABA,2942,1,0,060,0,0,1,1,1,0,0, 
2024,05,AYACUCHO,04,HUANTA,05,LURICOCHA,16987,13,13,1,2,050441003,7.700393,1,,1,1,7,1,PAPA BLANCA,2612,1,0,250,0,0,1,1,1,0,0, 
2024,05,AYACUCHO,04,HUANTA,04,IGUAIN,16993,01,01,1,2,050431003,157.4807,1,,1,0,1,1,CAPULI,1113,2,0,005,0,0,0,0,0,0,1, 
2024,05,AYACUCHO,04,HUANTA,04,IGUAIN,16993,03,03,1,2,050431003,8.24836,1,,1,0,1,1,MAIZ AMILACEO,2108,1,0,207,0,0,0,0,1,0,0, 
2024,05,AYACUCHO,04,HUANTA,04,IGUAIN,16993,04,04,1,2,050431003,4.433154,1,,1,1,1,1,MAIZ AMILACEO,2108,1,2,115,0,0,0,0,1,1,0, 
2024,05,AYACUCHO,04,HUANTA,04,IGUAIN,16993,04,04,1,2,050431003,4.433154,1,,1,1,1,2,HABA,2942,1,0,050,0,0,0,0,1,1,0, 
2024,05,AYACUCHO,04,HUANTA,04,IGUAIN,16993,04,04,1,2,050431003,4.433154,1,,1,1,1,3,ARVEJA,2901,1,0,060,0,0,0,0,1,1,0, 
2024,05,AYACUCHO,04,HUANTA,04,IGUAIN,16994,02,02,1,2,050431003,3.580944,1,,1,1,1,1,TARHUI,2947,1,1,600,0,0,1,0,0,0,0, 
2024,05,AYACUCHO,04,HUANTA,04,IGUAIN,16994,05,05,1,2,050431003,17.74785,1,,1,1,3,1,PAPA BLANCA,2612,1,1,000,0,0,1,0,0,1,0, 
2024,05,AYACUCHO,04,HUANTA,04,IGUAIN,16994,08,08,1,2,050431003,23.99217,1,,1,1,3,1,AVENA FORRAJERA,2701,1,1,000,0,1,0,0,0,0,0, 
2024,05,AYACUCHO,04,HUANTA,04,IGUAIN,16994,08,08,1,2,050431003,23.99217,1,,1,1,4,1,PAPA BLANCA,2612,1,1,500,0,0,1,0,0,1,0, 
2024,05,AYACUCHO,04,HUANTA,04,IGUAIN,16994,08,08,1,2,050431003,23.99217,1,,1,1,5,1,MAIZ AMILACEO,2108,1,1,000,0,0,1,0,0,1,0, 
2024,05,AYACUCHO,04,HUANTA,03,HUAMANGUILLA,16996,01,01,1,2,050431002,392.9667,1,,1,1,1,1,PALTO,1162,2,0,001,0,0,0,0,0,1,0, 
2024,05,AYACUCHO,04,HUANTA,03,HUAMANGUILLA,16996,01,01,1,2,050431002,392.9667,1,,1,1,4,1,ARVEJA,2901,1,0,025,0,0,1,0,0,0,0, 
2024,05,AYACUCHO,04,HUANTA,03,HUAMANGUILLA,16996,01,01,1,2,050431002,392.9667,1,,1,1,1,2,CAPULI,1113,2,0,004,0,0,1,0,0,0,0, 
2024,05,AYACUCHO,04,HUANTA,03,HUAMANGUILLA,16996,02,02,1,2,050431002,22.55273,1,,1,0,1,1,ARVEJA,2901,1,0,192,0,1,0,0,0,0,0, 
2024,05,AYACUCHO,04,HUANTA,03,HUAMANGUILLA,16996,03,03,1,2,050431002,96.85068,1,,1,1,1,1,TUNA FRUTA,1186,2,0,002,0,0,0,0,0,0,1, 
2024,05,AYACUCHO,04,HUANTA,03,HUAMANGUILLA,16996,03,03,1,2,050431002,96.85068,1,,1,1,1,2,PERAL,1166,2,0,001,0,0,0,0,0,0,1, 
2024,05,AYACUCHO,04,HUANTA,03,HUAMANGUILLA,16996,03,03,1,2,050431002,96.85068,1,,1,1,1,3,MANZANO,1149,2,0,002,0,0,0,0,0,0,1, 
2024,05,AYACUCHO,04,HUANTA,03,HUAMANGUILLA,16996,03,03,1,2,050431002,96.85068,1,,1,1,1,4,MEMBRILLERO,1153,2,0,001,0,0,0,0,0,0,1, 
2024,05,AYACUCHO,04,HUANTA,03,HUAMANGUILLA,16999,02,02,1,2,050434003,20.56737,1,,1,0,1,1,TUNA FRUTA,1186,2,0,080,0,0,1,0,0,0,0, 
2024,05,AYACUCHO,04,HUANTA,03,HUAMANGUILLA,16999,03,03,1,2,050434003,21.37337,1,,1,0,1,1,TUNA FRUTA,1186,2,0,146,0,0,1,0,0,0,0, 
2024,05,AYACUCHO,04,HUANTA,03,HUAMANGUILLA,16999,04,04,1,2,050434003,13.88105,1,,1,1,3,1,NISPERO,1157,2,0,002,0,0,1,0,0,0,0, 
2024,05,AYACUCHO,04,HUANTA,03,HUAMANGUILLA,16999,04,04,1,2,050434003,13.88105,1,,1,1,1,1,TUNA FRUTA,1186,2,0,010,0,0,1,0,0,0,0, 
2024,05,AYACUCHO,04,HUANTA,03,HUAMANGUILLA,17000,02,02,1,2,050431002,248.7428,1,,1,1,2,1,ARVEJA,2901,1,0,170,0,0,1,0,0,0,0, 
2024,05,AYACUCHO,04,HUANTA,03,HUAMANGUILLA,17000,03,03,1,2,050431002,3.551817,1,,1,1,3,1,TARA,1225,2,0,200,0,0,1,0,0,1,0, 
2024,05,AYACUCHO,04,HUANTA,02,AYAHUANCO,17001,01,01,1,2,050473003,15.11971,1,,1,1,2,1,TRIGO,2113,1,0,175,0,0,1,0,0,1,0, 
2024,05,AYACUCHO,04,HUANTA,01,HUANTA,17004,01,01,1,2,050431003,68.60222,1,,1,1,1,1,OREGANO,1219,3,0,125,0,0,0,1,0,0,0, 
2024,05,AYACUCHO,04,HUANTA,01,HUANTA,17008,01,01,1,2,050431002,57.55846,1,,1,0,1,1,ALFALFA,1401,3,0,250,0,0,0,0,0,1,0, 
2024,05,AYACUCHO,03,HUANCA SANCOS,04,SANTIAGO DE LUCANAMARCA,17009,01,01,1,2,050331003,.3758299,1,,1,1,1,1,MAIZ AMILACEO,2108,1,0,200,0,0,0,1,0,0,0, 
2024,05,AYACUCHO,03,HUANCA SANCOS,04,SANTIAGO DE LUCANAMARCA,17009,04,04,1,2,050331003,4.623391,1,,1,0,4,1,MAIZ AMILACEO,2108,1,0,125,0,0,1,1,0,0,0, 
2024,05,AYACUCHO,03,HUANCA SANCOS,04,SANTIAGO DE LUCANAMARCA,17009,07,07,1,2,050331003,22.40061,1,,1,1,5,1,ARVEJA,2901,1,0,125,0,0,1,1,0,0,0, 
2024,05,AYACUCHO,03,HUANCA SANCOS,04,SANTIAGO DE LUCANAMARCA,17009,07,07,1,2,050331003,22.40061,1,,1,1,4,1,CEBADA GRANO,2104,1,0,125,0,0,1,0,0,0,0, 
2024,05,AYACUCHO,03,HUANCA SANCOS,04,SANTIAGO DE LUCANAMARCA,17009,08,08,1,2,050331003,4.062551,1,,1,0,2,1,TRIGO,2113,1,0,015,0,0,0,1,0,0,0, 
2024,05,AYACUCHO,03,HUANCA SANCOS,04,SANTIAGO DE LUCANAMARCA,17010,01,01,1,2,050341003,14.30955,1,,1,1,4,1,MAIZ AMILACEO,2108,1,0,250,0,0,0,1,0,0,0, 
2024,05,AYACUCHO,03,HUANCA SANCOS,04,SANTIAGO DE LUCANAMARCA,17010,03,03,1,2,050341003,47.50003,1,,1,1,2,1,MAIZ AMILACEO,2108,1,0,430,0,0,1,1,0,0,0, 
2024,05,AYACUCHO,03,HUANCA SANCOS,04,SANTIAGO DE LUCANAMARCA,17010,03,03,1,2,050341003,47.50003,1,,1,1,4,1,HABA,2942,1,0,500,0,0,1,1,0,0,0, 
2024,05,AYACUCHO,03,HUANCA SANCOS,04,SANTIAGO DE LUCANAMARCA,17010,03,03,1,2,050341003,47.50003,1,,1,1,1,1,HABA,2942,1,0,004,0,0,0,1,0,0,0, 
2024,05,AYACUCHO,03,HUANCA SANCOS,04,SANTIAGO DE LUCANAMARCA,17010,03,03,1,2,050341003,47.50003,1,,1,1,3,1,ARVEJA,2901,1,0,200,0,0,1,1,0,0,0, 
2024,05,AYACUCHO,03,HUANCA SANCOS,04,SANTIAGO DE LUCANAMARCA,17010,03,03,1,2,050341003,47.50003,1,,1,1,1,2,ARVEJA,2901,1,0,003,0,0,0,1,0,0,0, 
2024,05,AYACUCHO,03,HUANCA SANCOS,03,SACSAMARCA,17011,03,03,1,2,050331003,12.91225,1,,1,1,2,1,ALFALFA,1401,3,0,250,0,0,0,0,0,0,1, 
2024,05,AYACUCHO,03,HUANCA SANCOS,03,SACSAMARCA,17011,04,04,1,2,050331003,10.89948,1,,1,1,4,1,MELOCOTONERO,1152,2,0,080,0,0,0,1,1,0,0, 
2024,05,AYACUCHO,03,HUANCA SANCOS,03,SACSAMARCA,17011,07,07,1,2,050331003,15.45051,1,,1,0,1,1,MANZANO,1149,2,0,010,0,0,0,0,0,0,1, 
2024,05,AYACUCHO,03,HUANCA SANCOS,03,SACSAMARCA,17013,01,01,1,2,050331003,20.94096,1,,1,1,3,1,TUNA FRUTA,1186,2,0,080,0,0,0,0,0,0,1, 
2024,05,AYACUCHO,03,HUANCA SANCOS,03,SACSAMARCA,17013,04,04,1,2,050331003,98.32561,1,,1,1,1,1,CAPULI,1113,2,0,040,0,0,1,0,0,0,0, 
2024,05,AYACUCHO,03,HUANCA SANCOS,02,CARAPO,17014,01,01,1,2,050341003,2.043964,1,,1,1,4,1,TRIGO,2113,1,1,000,0,0,1,0,0,0,0, 
2024,05,AYACUCHO,03,HUANCA SANCOS,02,CARAPO,17015,09,09,1,2,050332003,23.09382,1,,1,1,6,1,CEBADA GRANO,2104,1,500,000,0,0,1,0,0,0,0, 
2024,05,AYACUCHO,03,HUANCA SANCOS,02,CARAPO,17016,05,05,1,2,050331003,12.66287,1,,1,1,1,1,MAIZ AMILACEO,2108,1,0,080,0,0,1,0,0,0,0, 
2024,05,AYACUCHO,03,HUANCA SANCOS,02,CARAPO,17016,07,07,1,2,050331003,11.02606,1,,1,0,1,1,HABA,2942,1,0,100,0,0,1,0,0,0,0, 
2024,05,AYACUCHO,03,HUANCA SANCOS,02,CARAPO,17016,10,10,1,2,050331003,.3622285,1,,1,0,1,1,AVENA FORRAJERA,2701,1,0,250,0,0,0,0,0,0,1, 
2024,05,AYACUCHO,03,HUANCA SANCOS,01,SANCOS,17022,01,01,1,2,050341004,1.004681,1,,1,1,5,1,MAIZ AMILACEO,2108,1,0,025,0,1,1,1,0,0,0, 
2024,05,AYACUCHO,03,HUANCA SANCOS,01,SANCOS,17022,05,05,1,2,050341004,.0017764,1,,1,1,1,1,PAPA BLANCA,2612,1,0,020,0,0,1,1,0,0,0, 
2024,05,AYACUCHO,03,HUANCA SANCOS,01,SANCOS,17022,14,14,1,2,050341004,.122165,1,,1,1,1,1,PAPA BLANCA,2612,1,0,017,0,0,1,1,0,0,0, 
2024,05,AYACUCHO,02,CANGALLO,06,TOTOS,17025,06,06,1,2,050231003,6.850921,1,,1,1,7,1,MAIZ AMILACEO,2108,1,0,250,0,0,1,0,0,0,0, 
2024,05,AYACUCHO,02,CANGALLO,06,TOTOS,17025,08,08,1,2,050231003,32.93639,1,,1,1,1,1,PAPA BLANCA,2612,1,0,500,0,0,0,1,0,0,0, 
2024,05,AYACUCHO,02,CANGALLO,06,TOTOS,17026,06,06,1,2,050233003,10.26387,1,,1,1,1,1,MAIZ AMILACEO,2108,1,0,100,0,0,0,0,0,0,1, 
2024,05,AYACUCHO,02,CANGALLO,06,TOTOS,17026,06,06,1,2,050233003,10.26387,1,,1,1,1,2,HABA,2942,1,0,100,0,0,0,0,0,0,1, 
2024,05,AYACUCHO,02,CANGALLO,06,TOTOS,17027,06,06,1,2,050231003,27.87589,1,,1,1,5,1,CEBADA GRANO,2104,1,0,125,0,0,1,1,0,0,1, 
2024,05,AYACUCHO,02,CANGALLO,06,TOTOS,17027,06,06,1,2,050231003,27.87589,1,,1,1,6,1,HABA,2942,1,0,125,0,0,1,1,0,0,0, 
2024,05,AYACUCHO,02,CANGALLO,06,TOTOS,17027,06,06,1,2,050231003,27.87589,1,,1,1,2,1,MAIZ AMILACEO,2108,1,0,050,0,0,1,1,0,0,0, 
2024,05,AYACUCHO,02,CANGALLO,06,TOTOS,17027,06,06,1,2,050231003,27.87589,1,,1,1,6,2,TRIGO,2113,1,0,125,0,0,1,1,0,0,0, 
2024,05,AYACUCHO,02,CANGALLO,06,TOTOS,17028,07,07,1,2,050233002,2.072235,1,,1,1,2,1,MAIZ AMILACEO,2108,1,0,500,0,0,1,1,0,0,0, 
2024,05,AYACUCHO,02,CANGALLO,06,TOTOS,17029,01,01,1,2,050231003,6.039183,1,,1,1,5,1,CEBADA GRANO,2104,1,0,100,0,0,0,0,1,0,0, 
2024,05,AYACUCHO,02,CANGALLO,06,TOTOS,17029,01,01,1,2,050231003,6.039183,1,,1,1,6,1,CEBADA GRANO,2104,1,0,250,1,0,0,0,1,0,0, 
2024,05,AYACUCHO,02,CANGALLO,06,TOTOS,17029,06,06,1,2,050231003,54.48308,1,,1,1,7,1,MAIZ AMILACEO,2108,1,0,500,0,0,1,0,0,0,0, 
2024,05,AYACUCHO,02,CANGALLO,06,TOTOS,17030,05,05,1,2,050241003,1.189636,1,,1,1,4,1,CEBADA GRANO,2104,1,0,060,0,0,1,0,0,0,0, 
2024,05,AYACUCHO,02,CANGALLO,06,TOTOS,17030,05,05,1,2,050241003,1.189636,1,,1,1,4,2,HABA,2942,1,0,060,0,0,1,0,0,0,0, 
2024,05,AYACUCHO,02,CANGALLO,06,TOTOS,17031,01,01,1,2,050231003,81.66678,1,,1,1,2,1,HABA,2942,1,0,200,0,0,1,1,1,0,0, 
2024,05,AYACUCHO,02,CANGALLO,06,TOTOS,17031,01,01,1,2,050231003,81.66678,1,,1,1,4,1,ARVEJA,2901,1,0,250,0,0,1,1,1,1,0, 
2024,05,AYACUCHO,02,CANGALLO,04,MARIA PARADO DE BELLIDO,17034,12,12,1,2,050241003,5.345692,1,,1,1,1,1,QUINUA,2111,1,0,300,0,0,0,0,1,0,0, 
2024,05,AYACUCHO,02,CANGALLO,04,MARIA PARADO DE BELLIDO,17035,01,01,1,2,050231003,41.94582,1,,1,1,7,1,PALTO,1162,2,0,500,0,0,1,0,0,0,0, 
2024,05,AYACUCHO,02,CANGALLO,04,MARIA PARADO DE BELLIDO,17035,02,02,1,2,050231003,233.5563,1,,1,1,1,1,TRIGO,2113,1,0,280,0,0,1,0,0,0,0, 
2024,05,AYACUCHO,02,CANGALLO,04,MARIA PARADO DE BELLIDO,17038,01,01,1,2,050241003,51.92104,1,,1,1,6,1,PAPA BLANCA,2612,1,0,250,0,0,0,1,1,0,0, 
2024,05,AYACUCHO,02,CANGALLO,04,MARIA PARADO DE BELLIDO,17038,03,03,1,2,050241003,1.997263,1,,1,1,19,1,HABA,2942,1,0,063,0,0,1,0,0,0,0, 
2024,05,AYACUCHO,02,CANGALLO,04,MARIA PARADO DE BELLIDO,17038,03,03,1,2,050241003,1.997263,1,,1,1,20,1,MAIZ AMILACEO,2108,1,0,062,0,0,0,1,1,0,0, 
2024,05,AYACUCHO,02,CANGALLO,04,MARIA PARADO DE BELLIDO,17038,03,03,1,2,050241003,1.997263,1,,1,1,18,1,MAIZ AMILACEO,2108,1,0,250,0,0,0,1,1,0,0, 
2024,05,AYACUCHO,02,CANGALLO,04,MARIA PARADO DE BELLIDO,17038,03,03,1,2,050241003,1.997263,1,,1,1,21,1,MAIZ AMILACEO,2108,1,0,062,0,0,0,1,1,0,0, 
2024,05,AYACUCHO,02,CANGALLO,04,MARIA PARADO DE BELLIDO,17038,03,03,1,2,050241003,1.997263,1,,1,1,19,2,ARVEJA,2901,1,0,062,0,0,1,0,0,0,0, 
2024,05,AYACUCHO,02,CANGALLO,04,MARIA PARADO DE BELLIDO,17038,04,04,1,2,050241003,26.19473,1,,1,1,12,1,MAIZ AMILACEO,2108,1,0,075,0,0,1,0,0,0,0, 
2024,05,AYACUCHO,02,CANGALLO,04,MARIA PARADO DE BELLIDO,17038,04,04,1,2,050241003,26.19473,1,,1,1,11,1,HABA,2942,1,0,200,1,0,0,0,0,0,0, 
2024,05,AYACUCHO,02,CANGALLO,04,MARIA PARADO DE BELLIDO,17038,04,04,1,2,050241003,26.19473,1,,1,1,13,1,PAPA BLANCA,2612,1,0,125,0,0,0,0,0,0,1, 
2024,05,AYACUCHO,02,CANGALLO,03,LOS MOROCHUCOS,17041,04,04,1,2,050241003,43.578,1,,1,1,6,1,AVENA FORRAJERA,2701,1,0,250,0,1,0,0,0,0,0, 
2024,05,AYACUCHO,02,CANGALLO,03,LOS MOROCHUCOS,17041,04,04,1,2,050241003,43.578,1,,1,1,1,1,HABA,2942,1,0,113,0,0,0,1,0,0,0, 
2024,05,AYACUCHO,02,CANGALLO,03,LOS MOROCHUCOS,17041,04,04,1,2,050241003,43.578,1,,1,1,6,2,PAPA BLANCA,2612,1,0,500,0,0,0,0,1,0,0, 
2024,05,AYACUCHO,02,CANGALLO,03,LOS MOROCHUCOS,17042,01,01,1,2,050241003,7.551216,1,,1,1,4,1,PAPA AMARILLA,2611,1,0,250,0,0,0,1,1,0,0, 
2024,05,AYACUCHO,02,CANGALLO,03,LOS MOROCHUCOS,17047,11,11,1,2,050231003,70.44151,1,,1,0,5,1,QUINUA,2111,1,0,750,0,0,1,1,0,0,0, 
2024,05,AYACUCHO,02,CANGALLO,03,LOS MOROCHUCOS,17047,11,11,1,2,050231003,70.44151,1,,1,0,5,2,MAIZ AMILACEO,2108,1,0,750,0,0,1,1,0,0,0, 
2024,05,AYACUCHO,02,CANGALLO,03,LOS MOROCHUCOS,17049,01,01,1,2,050241003,63.28342,1,,1,1,5,1,AVENA FORRAJERA,2701,1,0,508,0,0,0,0,1,0,0, 
2024,05,AYACUCHO,02,CANGALLO,03,LOS MOROCHUCOS,17052,02,02,1,2,050231004,.9969503,1,,1,1,2,1,AVENA FORRAJERA,2701,1,0,900,1,0,0,1,1,0,0, 
2024,05,AYACUCHO,02,CANGALLO,03,LOS MOROCHUCOS,17052,03,03,1,2,050231004,7.102728,1,,1,1,5,1,PAPA NATIVA,2615,1,0,500,0,0,1,0,0,0,0, 
2024,05,AYACUCHO,02,CANGALLO,03,LOS MOROCHUCOS,17052,03,03,1,2,050231004,7.102728,1,,1,1,4,1,CEBADA GRANO,2104,1,0,500,1,0,0,1,0,0,0, 
2024,05,AYACUCHO,02,CANGALLO,03,LOS MOROCHUCOS,17052,03,03,1,2,050231004,7.102728,1,,1,1,7,1,AVENA GRANO,2102,1,1,000,0,0,1,0,1,0,0, 
2024,05,AYACUCHO,02,CANGALLO,03,LOS MOROCHUCOS,17052,03,03,1,2,050231004,7.102728,1,,1,1,4,2,PAPA NATIVA,2615,1,0,300,0,0,1,1,0,0,0, 
2024,05,AYACUCHO,02,CANGALLO,03,LOS MOROCHUCOS,17052,04,04,1,2,050231004,.087773,1,,1,1,1,1,AVENA FORRAJERA,2701,1,0,578,0,1,0,0,0,0,0, 
2024,05,AYACUCHO,02,CANGALLO,03,LOS MOROCHUCOS,17052,10,10,1,2,050231004,.3225273,1,,1,1,1,1,CAPULI,1113,2,0,002,0,0,1,0,0,0,0, 
2024,05,AYACUCHO,02,CANGALLO,03,LOS MOROCHUCOS,17056,02,02,1,2,050241003,96.078,1,,1,1,4,1,PAPA BLANCA,2612,1,2,000,0,0,0,0,1,0,0, 
2024,05,AYACUCHO,02,CANGALLO,03,LOS MOROCHUCOS,17057,03,03,1,2,050241003,119.7805,1,,1,0,2,1,CAPULI,1113,2,0,010,0,0,0,0,0,0,1, 
2024,05,AYACUCHO,02,CANGALLO,03,LOS MOROCHUCOS,17057,03,03,1,2,050241003,119.7805,1,,1,0,1,1,CAPULI,1113,2,0,014,0,0,0,0,0,0,1, 
2024,05,AYACUCHO,02,CANGALLO,03,LOS MOROCHUCOS,17059,01,01,1,2,050241003,88.14181,1,,1,1,6,1,CEBADA GRANO,2104,1,0,500,0,0,0,0,1,0,0, 
2024,05,AYACUCHO,02,CANGALLO,03,LOS MOROCHUCOS,17060,01,01,1,2,050241003,135.7897,1,,1,1,1,1,PAPA BLANCA,2612,1,4,000,0,0,1,1,1,0,0, 
2024,05,AYACUCHO,02,CANGALLO,02,CHUSCHI,17067,01,01,1,2,050241003,5.640788,1,,1,1,10,1,OLLUCO,2609,1,0,075,0,0,1,0,1,0,0, 
2024,05,AYACUCHO,02,CANGALLO,02,CHUSCHI,17079,02,02,1,2,050242003,12.06351,1,,1,1,2,1,PAPA NATIVA,2615,1,0,600,0,0,0,1,1,0,0, 
2024,05,AYACUCHO,02,CANGALLO,01,CANGALLO,17082,01,01,1,2,050232003,51.71258,1,,1,1,2,1,MAIZ AMILACEO,2108,1,0,052,0,0,0,1,1,0,0, 
2024,05,AYACUCHO,02,CANGALLO,01,CANGALLO,17082,04,04,1,2,050232003,288.4956,1,,1,1,8,1,CEBADA GRANO,2104,1,0,500,0,0,0,1,1,0,0, 
2024,05,AYACUCHO,02,CANGALLO,01,CANGALLO,17082,04,04,1,2,050232003,288.4956,1,,1,1,10,1,MAIZ AMILACEO,2108,1,0,500,0,0,0,1,1,0,0, 
2024,05,AYACUCHO,02,CANGALLO,01,CANGALLO,17082,05,05,1,2,050232003,35.29634,1,,1,1,5,1,MAIZ AMILACEO,2108,1,0,250,0,0,0,1,1,0,0, 
2024,05,AYACUCHO,02,CANGALLO,01,CANGALLO,17082,05,05,1,2,050232003,35.29634,1,,1,1,6,1,HABA,2942,1,0,250,0,0,0,1,1,0,0, 
2024,05,AYACUCHO,02,CANGALLO,01,CANGALLO,17082,05,05,1,2,050232003,35.29634,1,,1,1,6,2,MASHUA,2606,1,0,250,0,0,0,1,1,0,0, 
2024,05,AYACUCHO,02,CANGALLO,01,CANGALLO,17082,05,05,1,2,050232003,35.29634,1,,1,1,6,3,OLLUCO,2609,1,0,250,0,0,0,1,1,0,0, 
2024,05,AYACUCHO,02,CANGALLO,01,CANGALLO,17083,03,03,1,2,050231003,40.43458,1,,1,0,4,1,ARVEJA,2901,1,0,125,0,0,1,0,0,0,0, 
2024,05,AYACUCHO,02,CANGALLO,01,CANGALLO,17084,02,02,1,2,050232003,2.63508,1,,1,1,2,1,PAPA BLANCA,2612,1,0,500,0,0,1,1,1,0,0, 
2024,05,AYACUCHO,01,HUAMANGA,14,VINCHOS,17086,02,02,1,2,050131003,3.135535,1,,1,1,2,1,CEBADA GRANO,2104,1,0,200,0,0,0,1,0,0,0, 
2024,05,AYACUCHO,01,HUAMANGA,14,VINCHOS,17087,06,06,1,2,050152004,2.584145,1,,1,1,1,1,PAPA NATIVA,2615,1,0,125,0,0,0,1,0,0,0, 
2024,05,AYACUCHO,01,HUAMANGA,14,VINCHOS,17090,07,07,1,2,050141003,5.260838,1,,1,1,2,1,MAIZ AMILACEO,2108,1,0,125,0,0,0,1,1,0,0, 
2024,05,AYACUCHO,01,HUAMANGA,14,VINCHOS,17092,05,05,1,2,050141003,18.13454,1,,1,1,3,1,ARVEJA,2901,1,1,000,0,0,1,1,0,0,0, 
2024,05,AYACUCHO,01,HUAMANGA,14,VINCHOS,17095,03,03,1,2,050142004,321.6328,1,,1,1,2,1,HABA,2942,1,0,020,0,0,0,1,0,0,0, 
2024,05,AYACUCHO,01,HUAMANGA,14,VINCHOS,17097,01,01,1,2,050131002,63.65806,1,,1,1,2,1,MAIZ AMILACEO,2108,1,0,300,0,0,0,0,0,1,0, 
2024,05,AYACUCHO,01,HUAMANGA,14,VINCHOS,17099,01,01,1,2,050144004,60.87451,1,,1,1,3,1,PAPA BLANCA,2612,1,0,200,0,1,0,0,0,0,0, 
2024,05,AYACUCHO,01,HUAMANGA,14,VINCHOS,17099,03,03,1,2,050144004,218.9396,1,,1,1,1,1,QUINUA,2111,1,0,460,0,0,0,1,0,0,0, 
2024,05,AYACUCHO,01,HUAMANGA,14,VINCHOS,17099,06,06,1,2,050144004,41.10125,1,,1,1,1,1,ARVEJA,2901,1,0,819,0,0,0,0,1,0,0, 
2024,05,AYACUCHO,01,HUAMANGA,14,VINCHOS,17100,01,01,1,2,050134004,30.59998,1,,1,1,2,1,MAIZ AMILACEO,2108,1,0,950,0,0,0,1,0,1,0, 
2024,05,AYACUCHO,01,HUAMANGA,14,VINCHOS,17100,01,01,1,2,050134004,30.59998,1,,1,1,1,1,MAIZ AMILACEO,2108,1,0,500,0,0,0,1,0,0,0, 
2024,05,AYACUCHO,01,HUAMANGA,14,VINCHOS,17100,01,01,1,2,050134004,30.59998,1,,1,1,2,2,CALABAZA,2314,1,0,050,0,0,0,1,0,1,0, 
2024,05,AYACUCHO,01,HUAMANGA,14,VINCHOS,17100,02,02,1,2,050134004,31.07021,1,,1,0,2,1,MAIZ AMILACEO,2108,1,0,680,0,0,0,1,0,1,0, 
2024,05,AYACUCHO,01,HUAMANGA,14,VINCHOS,17100,03,03,1,2,050134004,91.08704,1,,1,1,2,1,MAIZ AMILACEO,2108,1,1,000,0,0,0,1,0,1,0, 
2024,05,AYACUCHO,01,HUAMANGA,14,VINCHOS,17101,01,01,1,2,050132003,27.87776,1,,1,1,3,1,MAIZ AMILACEO,2108,1,1000,000,0,0,0,1,0,0,0, 
2024,05,AYACUCHO,01,HUAMANGA,14,VINCHOS,17102,02,02,1,2,050142003,34.29752,1,,1,1,1,1,CEBADA GRANO,2104,1,0,090,0,1,0,1,0,0,0, 
2024,05,AYACUCHO,01,HUAMANGA,14,VINCHOS,17102,02,02,1,2,050142003,34.29752,1,,1,1,5,1,PAPA BLANCA,2612,1,0,050,0,0,0,1,0,0,0, 
2024,05,AYACUCHO,01,HUAMANGA,14,VINCHOS,17102,07,07,1,2,050142003,3.37698,1,,1,0,1,1,AVENA FORRAJERA,2701,1,0,180,0,0,0,1,0,0,0, 
2024,05,AYACUCHO,01,HUAMANGA,14,VINCHOS,17102,07,07,1,2,050142003,3.37698,1,,1,0,2,1,PAPA BLANCA,2612,1,0,100,0,0,0,1,0,0,0, 
2024,05,AYACUCHO,01,HUAMANGA,14,VINCHOS,17102,07,07,1,2,050142003,3.37698,1,,1,0,2,2,HABA,2942,1,0,015,0,0,0,1,0,0,0, 
2024,05,AYACUCHO,01,HUAMANGA,14,VINCHOS,17102,08,08,1,2,050142003,12.88865,1,,1,1,11,1,CEBADA GRANO,2104,1,1,000,0,1,0,0,0,0,0, 
2024,05,AYACUCHO,01,HUAMANGA,14,VINCHOS,17102,08,08,1,2,050142003,12.88865,1,,1,1,4,1,AVENA FORRAJERA,2701,1,1,000,0,1,1,1,0,0,0, 
2024,05,AYACUCHO,01,HUAMANGA,14,VINCHOS,17102,08,08,1,2,050142003,12.88865,1,,1,1,12,1,CEBADA GRANO,2104,1,1,000,0,1,0,1,0,0,0, 
2024,05,AYACUCHO,01,HUAMANGA,14,VINCHOS,17103,01,01,1,2,050131003,8.693277,1,,1,1,11,1,MAIZ AMILACEO,2108,1,1,000,0,0,0,1,0,0,0, 
2024,05,AYACUCHO,01,HUAMANGA,14,VINCHOS,17103,01,01,1,2,050131003,8.693277,1,,1,1,10,1,MAIZ AMILACEO,2108,1,2,000,0,0,0,1,0,0,0, 
2024,05,AYACUCHO,01,HUAMANGA,14,VINCHOS,17103,01,01,1,2,050131003,8.693277,1,,1,1,6,1,MAIZ AMILACEO,2108,1,1,000,0,0,0,1,0,0,0, 
2024,05,AYACUCHO,01,HUAMANGA,14,VINCHOS,17103,03,03,1,2,050131003,120.5802,1,,1,0,6,1,PAPA BLANCA,2612,1,2,000,0,0,0,0,0,1,0, 
2024,05,AYACUCHO,01,HUAMANGA,14,VINCHOS,17103,05,05,1,2,050131003,6.078269,1,,1,1,8,1,CEBADA GRANO,2104,1,1,000,0,0,0,0,1,0,0, 
2024,05,AYACUCHO,01,HUAMANGA,14,VINCHOS,17103,05,05,1,2,050131003,6.078269,1,,1,1,6,1,PAPA BLANCA,2612,1,1,000,0,0,0,0,0,0,1, 
2024,05,AYACUCHO,01,HUAMANGA,14,VINCHOS,17103,05,05,1,2,050131003,6.078269,1,,1,1,9,1,CEBADA GRANO,2104,1,1,500,0,0,0,0,1,0,0, 
2024,05,AYACUCHO,01,HUAMANGA,14,VINCHOS,17104,02,02,1,2,050134003,.0700718,1,,1,1,3,1,ARVEJA,2901,1,0,100,0,0,0,1,0,0,0, 
2024,05,AYACUCHO,01,HUAMANGA,14,VINCHOS,17104,02,02,1,2,050134003,.0700718,1,,1,1,3,2,TRIGO,2113,1,0,100,0,0,0,1,0,0,0, 
2024,05,AYACUCHO,01,HUAMANGA,14,VINCHOS,17105,02,02,1,2,050144002,5.719931,1,,1,1,3,1,AVENA FORRAJERA,2701,1,0,100,0,0,1,0,0,0,0, 
2024,05,AYACUCHO,01,HUAMANGA,14,VINCHOS,17106,01,01,1,2,050154002,17.81793,1,,1,1,1,1,PAPA AMARILLA,2611,1,0,500,0,0,0,1,1,0,0, 
2024,05,AYACUCHO,01,HUAMANGA,14,VINCHOS,17110,03,03,1,2,050143004,31.50256,1,,1,1,6,1,ARVEJA,2901,1,0,100,0,1,0,0,0,0,0, 
2024,05,AYACUCHO,01,HUAMANGA,13,TAMBILLO,17111,04,04,1,2,050141003,9.183054,1,,1,1,1,1,PAPA BLANCA,2612,1,0,500,0,0,1,0,0,0,0, 
2024,05,AYACUCHO,01,HUAMANGA,13,TAMBILLO,17111,05,05,1,2,050141003,46.40789,1,,1,1,2,1,TARHUI,2947,1,1,000,0,1,1,0,1,0,0, 
2024,05,AYACUCHO,01,HUAMANGA,13,TAMBILLO,17111,05,05,1,2,050141003,46.40789,1,,1,1,1,1,PAPA BLANCA,2612,1,0,750,0,1,1,1,1,0,0, 
2024,05,AYACUCHO,01,HUAMANGA,13,TAMBILLO,17112,09,09,1,2,050131003,10.07051,1,,1,0,1,1,TUNA FRUTA,1186,2,0,016,0,0,1,0,0,0,0, 
2024,05,AYACUCHO,01,HUAMANGA,13,TAMBILLO,17114,04,04,1,2,050132004,.8860455,1,,1,0,1,1,QUINUA,2111,1,2,000,0,1,1,0,1,0,0, 
2024,05,AYACUCHO,01,HUAMANGA,12,SOCOS,17116,02,02,1,2,050143002,25.97055,1,,1,1,16,1,PAPA AMARILLA,2611,1,0,300,0,0,1,0,0,0,0, 
2024,05,AYACUCHO,01,HUAMANGA,12,SOCOS,17116,03,03,1,2,050143002,12.53944,1,,1,1,6,1,HABA,2942,1,0,200,0,0,1,1,0,0,0, 
2024,05,AYACUCHO,01,HUAMANGA,12,SOCOS,17117,01,01,1,2,050142003,499.5597,1,,1,0,1,1,QUINUA,2111,1,1,400,0,0,0,0,0,0,1, 
2024,05,AYACUCHO,01,HUAMANGA,12,SOCOS,17118,02,02,1,2,050144003,180.7155,1,,1,1,2,1,MAIZ AMILACEO,2108,1,0,250,1,0,0,0,0,0,0, 
2024,05,AYACUCHO,01,HUAMANGA,12,SOCOS,17118,02,02,1,2,050144003,180.7155,1,,1,1,2,2,TUNA FRUTA,1186,2,0,050,1,0,0,0,0,0,0, 
2024,05,AYACUCHO,01,HUAMANGA,12,SOCOS,17118,02,02,1,2,050144003,180.7155,1,,1,1,2,3,CALABAZA,2314,1,0,050,1,0,0,0,0,0,0, 
2024,05,AYACUCHO,01,HUAMANGA,12,SOCOS,17118,02,02,1,2,050144003,180.7155,1,,1,1,2,4,CEBADA GRANO,2104,1,0,150,1,0,0,0,0,0,0, 
2024,05,AYACUCHO,01,HUAMANGA,12,SOCOS,17118,03,03,1,2,050144003,83.74195,1,,1,1,2,1,CEBADA GRANO,2104,1,1,500,0,0,0,0,0,0,1, 
2024,05,AYACUCHO,01,HUAMANGA,12,SOCOS,17118,05,05,1,2,050144003,52.96358,1,,1,1,5,1,MAIZ AMILACEO,2108,1,0,250,0,0,1,0,0,0,0, 
2024,05,AYACUCHO,01,HUAMANGA,12,SOCOS,17118,07,07,1,2,050144003,81.70723,1,,1,1,5,1,CEBADA GRANO,2104,1,0,500,0,1,0,0,0,0,0, 
2024,05,AYACUCHO,01,HUAMANGA,12,SOCOS,17120,05,05,1,2,050141002,48.50814,1,,1,1,1,1,PAPA NATIVA,2615,1,0,610,0,0,1,1,0,0,0, 
2024,05,AYACUCHO,01,HUAMANGA,12,SOCOS,17121,01,01,1,2,050152002,.0998062,1,,1,1,4,1,PAPA AMARILLA,2611,1,1,000,0,0,1,0,0,0,0, 
2024,05,AYACUCHO,01,HUAMANGA,12,SOCOS,17121,01,01,1,2,050152002,.0998062,1,,1,1,5,1,PAPA NATIVA,2615,1,1,000,0,1,1,1,1,0,0, 
2024,05,AYACUCHO,01,HUAMANGA,12,SOCOS,17121,01,01,1,2,050152002,.0998062,1,,1,1,6,1,PAPA AMARILLA,2611,1,0,500,0,0,1,1,1,0,0, 
2024,05,AYACUCHO,01,HUAMANGA,12,SOCOS,17121,01,01,1,2,050152002,.0998062,1,,1,1,2,1,AVENA FORRAJERA,2701,1,3,250,0,0,0,1,1,0,0, 
2024,05,AYACUCHO,01,HUAMANGA,12,SOCOS,17123,02,02,1,2,050141003,20.77774,1,,1,1,1,1,HABA,2942,1,0,050,0,0,0,1,0,0,0, 
2024,05,AYACUCHO,01,HUAMANGA,12,SOCOS,17123,04,04,1,2,050141003,47.68259,1,,1,1,3,1,PAPA NATIVA,2615,1,0,125,0,0,1,1,0,0,0, 
2024,05,AYACUCHO,01,HUAMANGA,11,SANTIAGO DE PISCHA,17125,01,01,1,2,050132003,63.1785,1,,1,1,3,1,MAIZ AMILACEO,2108,1,2,590,0,0,1,0,0,0,0, 
2024,05,AYACUCHO,01,HUAMANGA,11,SANTIAGO DE PISCHA,17125,02,02,1,2,050132003,48.63254,1,,1,1,6,1,MAIZ AMILACEO,2108,1,0,500,0,0,1,0,0,1,0, 
2024,05,AYACUCHO,01,HUAMANGA,11,SANTIAGO DE PISCHA,17126,02,02,1,2,050132003,8.011111,1,,1,1,3,1,TUNA FRUTA,1186,2,0,050,0,0,1,0,0,0,0, 
2024,05,AYACUCHO,01,HUAMANGA,08,QUINUA,17130,01,01,1,2,050131003,.2635086,1,,1,1,1,1,MELOCOTONERO,1152,2,0,020,0,0,1,0,0,0,0, 
2024,05,AYACUCHO,01,HUAMANGA,08,QUINUA,17130,02,02,1,2,050131003,142.4008,1,,1,1,1,1,QUINUA,2111,1,0,250,0,0,0,0,0,0,1, 
2024,05,AYACUCHO,01,HUAMANGA,08,QUINUA,17130,02,02,1,2,050131003,142.4008,1,,1,1,1,2,ARVEJA,2901,1,0,250,0,0,0,0,0,0,1, 
2024,05,AYACUCHO,01,HUAMANGA,08,QUINUA,17130,02,02,1,2,050131003,142.4008,1,,1,1,1,3,MAIZ AMILACEO,2108,1,0,250,0,0,0,0,0,0,1, 
2024,05,AYACUCHO,01,HUAMANGA,08,QUINUA,17130,02,02,1,2,050131003,142.4008,1,,1,1,1,4,CEBADA GRANO,2104,1,0,200,0,0,0,0,0,0,1, 
2024,05,AYACUCHO,01,HUAMANGA,08,QUINUA,17130,02,02,1,2,050131003,142.4008,1,,1,1,1,5,TRIGO,2113,1,0,250,0,0,0,0,0,0,1, 
2024,05,AYACUCHO,01,HUAMANGA,08,QUINUA,17130,05,05,1,2,050131003,5.642617,1,,1,1,2,1,TARHUI,2947,1,0,020,0,0,0,0,0,1,0, 
2024,05,AYACUCHO,01,HUAMANGA,08,QUINUA,17130,05,05,1,2,050131003,5.642617,1,,1,1,4,1,ARVEJA,2901,1,0,250,0,0,0,0,0,1,0, 
2024,05,AYACUCHO,01,HUAMANGA,08,QUINUA,17130,05,05,1,2,050131003,5.642617,1,,1,1,4,2,TRIGO,2113,1,0,250,0,0,0,0,0,1,0, 
2024,05,AYACUCHO,01,HUAMANGA,08,QUINUA,17130,06,06,1,2,050131003,8.007596,1,,1,1,1,1,MELOCOTONERO,1152,2,0,008,0,0,1,0,0,0,0, 
2024,05,AYACUCHO,01,HUAMANGA,08,QUINUA,17130,06,06,1,2,050131003,8.007596,1,,1,1,3,1,MAIZ AMILACEO,2108,1,0,240,0,0,0,0,0,1,0, 
2024,05,AYACUCHO,01,HUAMANGA,08,QUINUA,17130,06,06,1,2,050131003,8.007596,1,,1,1,1,2,ARVEJA,2901,1,0,430,0,0,0,0,0,1,0, 
2024,05,AYACUCHO,01,HUAMANGA,08,QUINUA,17131,02,02,1,2,050131003,.8972927,1,,1,1,1,1,MANZANO,1149,2,0,001,0,0,1,0,0,0,0, 
2024,05,AYACUCHO,01,HUAMANGA,08,QUINUA,17131,03,03,1,2,050131003,.1520332,1,,1,1,1,1,APIO,2306,1,0,051,0,0,0,1,0,0,0, 
2024,05,AYACUCHO,01,HUAMANGA,08,QUINUA,17132,01,01,1,2,050131002,57.41764,1,,1,1,2,1,MAIZ AMILACEO,2108,1,0,250,0,0,0,0,0,1,0, 
2024,05,AYACUCHO,01,HUAMANGA,08,QUINUA,17132,01,01,1,2,050131002,57.41764,1,,1,1,2,2,PAPA BLANCA,2612,1,0,250,0,0,0,0,0,1,0, 
2024,05,AYACUCHO,01,HUAMANGA,08,QUINUA,17132,02,02,1,2,050131002,68.7886,1,,1,1,2,1,CAPULI,1113,2,0,012,0,0,0,1,1,1,0, 
2024,05,AYACUCHO,01,HUAMANGA,08,QUINUA,17132,02,02,1,2,050131002,68.7886,1,,1,1,3,1,MELOCOTONERO,1152,2,0,080,0,0,1,0,0,0,0, 
2024,05,AYACUCHO,01,HUAMANGA,07,PACAYCASA,17133,01,01,1,2,050132002,87.92163,1,,1,0,1,1,TARA,1225,2,0,013,0,0,0,0,0,1,0, 
2024,05,AYACUCHO,01,HUAMANGA,07,PACAYCASA,17133,01,01,1,2,050132002,87.92163,1,,1,0,2,1,TARA,1225,2,0,020,0,0,0,0,0,1,0, 
2024,05,AYACUCHO,01,HUAMANGA,07,PACAYCASA,17133,01,01,1,2,050132002,87.92163,1,,1,0,3,1,PACAE,1159,2,0,006,0,0,1,0,0,0,0, 
2024,05,AYACUCHO,01,HUAMANGA,07,PACAYCASA,17133,04,04,1,2,050132002,.1196366,1,,1,1,2,1,MELOCOTONERO,1152,2,0,030,0,0,1,0,0,0,0, 
2024,05,AYACUCHO,01,HUAMANGA,07,PACAYCASA,17134,04,04,1,2,050131004,40.46052,1,,1,1,3,1,TRIGO,2113,1,0,250,0,0,0,0,0,1,0, 
2024,05,AYACUCHO,01,HUAMANGA,07,PACAYCASA,17134,04,04,1,2,050131004,40.46052,1,,1,1,1,1,TRIGO,2113,1,0,250,0,0,0,0,1,1,0, 
2024,05,AYACUCHO,01,HUAMANGA,07,PACAYCASA,17134,04,04,1,2,050131004,40.46052,1,,1,1,2,1,PALTO,1162,2,0,020,0,0,0,0,0,1,0, 
2024,05,AYACUCHO,01,HUAMANGA,07,PACAYCASA,17134,05,05,1,2,050131004,.1292575,1,,1,0,1,1,TARA,1225,2,24,000,0,0,1,0,0,0,0, 
2024,05,AYACUCHO,01,HUAMANGA,06,OCROS,17136,02,02,1,2,050133003,167.5601,1,,1,0,1,1,TUNA FRUTA,1186,2,0,082,0,0,1,0,0,0,0, 
2024,05,AYACUCHO,01,HUAMANGA,06,OCROS,17136,02,02,1,2,050133003,167.5601,1,,1,0,2,1,PALTO,1162,2,0,150,0,0,1,0,0,0,0, 
2024,05,AYACUCHO,01,HUAMANGA,06,OCROS,17136,04,04,1,2,050133003,204.522,1,,1,1,1,1,MAIZ AMILACEO,2108,1,0,500,0,0,1,0,0,0,0, 
2024,05,AYACUCHO,01,HUAMANGA,06,OCROS,17138,01,01,1,3,050173003,.8814381,1,,1,1,1,1,MANGO,1147,2,0,005,0,0,0,0,0,0,1, 
2024,05,AYACUCHO,01,HUAMANGA,06,OCROS,17138,01,01,1,3,050173003,.8814381,1,,1,1,1,2,TUNA FRUTA,1186,2,0,005,0,0,1,0,0,0,0, 
2024,05,AYACUCHO,01,HUAMANGA,06,OCROS,17138,03,03,1,3,050173003,8.530359,1,,1,1,1,1,TUNA FRUTA,1186,2,0,010,0,0,0,0,0,1,0, 
2024,05,AYACUCHO,01,HUAMANGA,06,OCROS,17138,06,06,1,3,050173003,.407252,1,,1,1,1,1,PACAE,1159,2,0,004,0,0,1,0,0,0,0, 
2024,05,AYACUCHO,01,HUAMANGA,06,OCROS,17138,06,06,1,3,050173003,.407252,1,,1,1,2,1,CHIRIMOYO,1121,2,0,004,0,0,0,0,0,0,1, 
2024,05,AYACUCHO,01,HUAMANGA,06,OCROS,17138,06,06,1,3,050173003,.407252,1,,1,1,1,2,MANGO,1147,2,0,008,0,0,1,0,0,0,0, 
2024,05,AYACUCHO,01,HUAMANGA,06,OCROS,17138,09,09,1,3,050173003,.6464543,1,,1,0,2,1,TUNA FRUTA,1186,2,0,250,0,0,1,0,0,1,0, 
2024,05,AYACUCHO,01,HUAMANGA,06,OCROS,17139,01,01,1,2,050172003,1.383612,1,,1,1,2,1,PACAE,1159,2,0,005,0,0,0,1,0,0,0, 
2024,05,AYACUCHO,01,HUAMANGA,06,OCROS,17139,02,02,1,2,050172003,23.14309,1,,1,1,5,1,HABA,2942,1,0,062,0,1,0,1,0,0,0, 
2024,05,AYACUCHO,01,HUAMANGA,06,OCROS,17139,02,02,1,2,050172003,23.14309,1,,1,1,7,1,MAIZ AMILACEO,2108,1,0,250,0,1,0,0,0,0,0, 
2024,05,AYACUCHO,01,HUAMANGA,06,OCROS,17139,03,03,1,2,050172003,.0017701,1,,1,1,1,1,LIMON ACIDO,1140,3,0,020,1,0,0,0,0,0,0, 
2024,05,AYACUCHO,01,HUAMANGA,06,OCROS,17140,01,01,1,2,050171003,133.372,1,,1,1,11,1,PALTO,1162,2,0,995,0,0,0,0,0,0,1, 
2024,05,AYACUCHO,01,HUAMANGA,06,OCROS,17140,02,02,1,2,050171003,16.95173,1,,1,0,1,1,MAIZ AMARILLO DURO,2107,1,0,040,0,0,1,0,0,0,0, 
2024,05,AYACUCHO,01,HUAMANGA,06,OCROS,17140,07,07,1,2,050171003,18.32312,1,,1,1,1,1,PALTO,1162,2,0,200,0,0,1,0,0,0,0, 
2024,05,AYACUCHO,01,HUAMANGA,06,OCROS,17140,07,07,1,2,050171003,18.32312,1,,1,1,3,1,PALTO,1162,2,0,977,0,0,0,0,0,1,0, 
2024,05,AYACUCHO,01,HUAMANGA,05,CHIARA,17147,03,03,1,2,050141003,14.32562,1,,1,1,2,1,PAPA NATIVA,2615,1,0,250,0,0,0,0,1,0,0, 
2024,05,AYACUCHO,01,HUAMANGA,05,CHIARA,17150,02,02,1,2,050141004,.2697344,1,,1,1,1,1,PAPA BLANCA,2612,1,2,000,0,0,1,0,0,1,0, 
2024,05,AYACUCHO,01,HUAMANGA,05,CHIARA,17153,02,02,1,2,050141003,5.441739,1,,1,1,1,1,PAPA BLANCA,2612,1,0,100,0,0,0,1,1,0,0, 
2024,05,AYACUCHO,01,HUAMANGA,05,CHIARA,17154,03,03,1,2,050141003,141.8475,1,,1,1,3,1,PAPA BLANCA,2612,1,0,250,0,0,1,1,1,0,0, 
2024,05,AYACUCHO,01,HUAMANGA,05,CHIARA,17154,03,03,1,2,050141003,141.8475,1,,1,1,3,2,AVENA GRANO,2102,1,0,250,0,0,1,0,0,0,0, 
2024,05,AYACUCHO,01,HUAMANGA,05,CHIARA,17155,04,04,1,2,050141004,.4568384,1,,1,1,1,1,ARVEJA,2901,1,0,185,0,0,1,1,0,0,0, 
2024,05,AYACUCHO,01,HUAMANGA,05,CHIARA,17155,04,04,1,2,050141004,.4568384,1,,1,1,1,2,TARHUI,2947,1,0,081,0,0,1,1,0,0,0, 
2024,05,AYACUCHO,01,HUAMANGA,05,CHIARA,17157,03,03,1,2,050141003,15.58102,1,,1,1,2,1,QUINUA,2111,1,1,000,0,1,0,0,1,0,0, 
2024,05,AYACUCHO,01,HUAMANGA,03,ACOS VINCHOS,17158,05,05,1,2,050131003,16.57252,1,,1,1,4,1,TARHUI,2947,1,3,000,0,0,0,0,0,1,0, 
2024,05,AYACUCHO,01,HUAMANGA,03,ACOS VINCHOS,17159,01,01,1,2,050131004,5.981518,1,,1,1,1,1,VID,1192,2,0,001,0,0,1,0,0,0,0, 
2024,05,AYACUCHO,01,HUAMANGA,03,ACOS VINCHOS,17159,01,01,1,2,050131004,5.981518,1,,1,1,1,2,CAPULI,1113,2,0,002,0,0,1,0,0,0,0, 
2024,05,AYACUCHO,01,HUAMANGA,03,ACOS VINCHOS,17159,01,01,1,2,050131004,5.981518,1,,1,1,1,3,PACAE,1159,2,0,005,0,0,1,0,0,0,0, 
2024,05,AYACUCHO,01,HUAMANGA,03,ACOS VINCHOS,17159,01,01,1,2,050131004,5.981518,1,,1,1,1,4,LIMON RUGOSO,1142,2,0,002,0,0,1,0,0,0,0, 
2024,05,AYACUCHO,01,HUAMANGA,03,ACOS VINCHOS,17159,01,01,1,2,050131004,5.981518,1,,1,1,1,5,NISPERO,1157,2,0,001,0,0,1,0,0,0,0, 
2024,05,AYACUCHO,01,HUAMANGA,03,ACOS VINCHOS,17159,01,01,1,2,050131004,5.981518,1,,1,1,1,6,PALTO,1162,2,0,008,0,0,1,0,0,0,0, 
2024,05,AYACUCHO,01,HUAMANGA,03,ACOS VINCHOS,17159,01,01,1,2,050131004,5.981518,1,,1,1,1,7,MELOCOTONERO,1152,2,0,005,0,0,1,0,0,0,0, 
2024,05,AYACUCHO,01,HUAMANGA,03,ACOS VINCHOS,17159,02,02,1,2,050131004,29.91754,1,,1,1,2,1,AVENA FORRAJERA,2701,1,0,081,0,0,1,0,0,1,0, 
2024,05,AYACUCHO,01,HUAMANGA,03,ACOS VINCHOS,17159,02,02,1,2,050131004,29.91754,1,,1,1,3,1,CAPULI,1113,2,0,003,0,0,1,0,0,0,0, 
2024,05,AYACUCHO,01,HUAMANGA,03,ACOS VINCHOS,17159,02,02,1,2,050131004,29.91754,1,,1,1,1,1,TUNA FRUTA,1186,2,0,061,0,0,1,0,0,0,0, 
2024,05,AYACUCHO,01,HUAMANGA,03,ACOS VINCHOS,17159,02,02,1,2,050131004,29.91754,1,,1,1,3,2,TUNA FRUTA,1186,2,0,027,0,0,1,0,0,0,0, 
2024,05,AYACUCHO,01,HUAMANGA,03,ACOS VINCHOS,17159,02,02,1,2,050131004,29.91754,1,,1,1,1,2,MELOCOTONERO,1152,2,0,002,0,0,1,0,0,0,0, 
2024,05,AYACUCHO,01,HUAMANGA,03,ACOS VINCHOS,17159,03,03,1,2,050131004,4.922604,1,,1,1,1,1,PACAE,1159,2,0,009,0,0,1,0,0,0,0, 
2024,05,AYACUCHO,01,HUAMANGA,03,ACOS VINCHOS,17159,03,03,1,2,050131004,4.922604,1,,1,1,3,1,MELOCOTONERO,1152,2,0,027,0,0,1,0,0,0,0, 
2024,05,AYACUCHO,01,HUAMANGA,03,ACOS VINCHOS,17159,03,03,1,2,050131004,4.922604,1,,1,1,2,1,MELOCOTONERO,1152,2,0,008,0,0,1,0,0,0,0, 
2024,05,AYACUCHO,01,HUAMANGA,03,ACOS VINCHOS,17159,03,03,1,2,050131004,4.922604,1,,1,1,1,2,MELOCOTONERO,1152,2,0,005,0,0,1,0,0,0,0, 
2024,05,AYACUCHO,01,HUAMANGA,03,ACOS VINCHOS,17159,04,04,1,2,050131004,11.01601,1,,1,1,2,1,CAPULI,1113,2,0,015,0,0,1,0,0,0,0, 
2024,05,AYACUCHO,01,HUAMANGA,03,ACOS VINCHOS,17159,04,04,1,2,050131004,11.01601,1,,1,1,1,1,MELOCOTONERO,1152,2,0,002,0,0,1,0,0,1,0, 
2024,05,AYACUCHO,01,HUAMANGA,03,ACOS VINCHOS,17159,04,04,1,2,050131004,11.01601,1,,1,1,2,2,PACAE,1159,2,0,003,0,0,1,0,0,0,0, 
2024,05,AYACUCHO,01,HUAMANGA,03,ACOS VINCHOS,17159,04,04,1,2,050131004,11.01601,1,,1,1,1,2,CAPULI,1113,2,0,010,0,0,1,0,0,1,0, 
2024,05,AYACUCHO,01,HUAMANGA,03,ACOS VINCHOS,17159,04,04,1,2,050131004,11.01601,1,,1,1,1,3,NISPERO,1157,2,0,002,0,0,1,0,0,1,0, 
2024,05,AYACUCHO,01,HUAMANGA,03,ACOS VINCHOS,17159,07,07,1,2,050131004,5.196703,1,,1,1,2,1,PACAE,1159,2,0,008,0,0,1,0,0,0,0, 
2024,05,AYACUCHO,01,HUAMANGA,03,ACOS VINCHOS,17159,07,07,1,2,050131004,5.196703,1,,1,1,1,1,CAPULI,1113,2,0,002,0,0,1,0,0,0,0, 
2024,05,AYACUCHO,01,HUAMANGA,03,ACOS VINCHOS,17159,07,07,1,2,050131004,5.196703,1,,1,1,1,2,MELOCOTONERO,1152,2,0,039,0,0,1,0,0,0,0, 
2024,05,AYACUCHO,01,HUAMANGA,03,ACOS VINCHOS,17159,07,07,1,2,050131004,5.196703,1,,1,1,2,2,CAPULI,1113,2,0,002,0,0,1,0,0,0,0, 
2024,05,AYACUCHO,01,HUAMANGA,03,ACOS VINCHOS,17159,07,07,1,2,050131004,5.196703,1,,1,1,2,3,HIGUERA,1136,2,0,002,0,0,1,0,0,0,0, 
2024,05,AYACUCHO,01,HUAMANGA,03,ACOS VINCHOS,17159,07,07,1,2,050131004,5.196703,1,,1,1,2,4,MELOCOTONERO,1152,2,0,012,0,0,1,0,0,0,0, 
2024,05,AYACUCHO,01,HUAMANGA,03,ACOS VINCHOS,17160,04,04,1,2,050131002,14.08025,1,,1,1,4,1,MAIZ AMILACEO,2108,1,0,062,0,0,0,0,0,1,0, 
2024,05,AYACUCHO,01,HUAMANGA,03,ACOS VINCHOS,17160,06,06,1,2,050131002,63.29422,1,,1,1,4,1,MAIZ AMILACEO,2108,1,0,062,0,0,0,0,1,0,0, 
2024,05,AYACUCHO,01,HUAMANGA,03,ACOS VINCHOS,17160,06,06,1,2,050131002,63.29422,1,,1,1,3,1,MAIZ AMILACEO,2108,1,0,031,0,0,0,0,1,0,0, 
2024,05,AYACUCHO,01,HUAMANGA,03,ACOS VINCHOS,17161,01,01,1,2,050131003,28.9087,1,,1,1,1,1,TARHUI,2947,1,0,500,0,0,0,0,1,0,0, 
2024,05,AYACUCHO,01,HUAMANGA,03,ACOS VINCHOS,17161,01,01,1,2,050131003,28.9087,1,,1,1,1,2,HABA,2942,1,0,250,0,0,0,0,1,0,0, 
2024,05,AYACUCHO,01,HUAMANGA,03,ACOS VINCHOS,17161,03,03,1,2,050131003,14.85167,1,,1,1,5,1,FRIJOL BLANCO,2907,1,0,250,0,0,0,0,1,0,0, 
2024,05,AYACUCHO,01,HUAMANGA,03,ACOS VINCHOS,17161,03,03,1,2,050131003,14.85167,1,,1,1,5,2,ARVEJA,2901,1,0,125,0,0,0,0,1,0,0, 
2024,05,AYACUCHO,01,HUAMANGA,03,ACOS VINCHOS,17162,01,01,1,2,050131003,45.55189,1,,1,1,3,1,TUNA FRUTA,1186,2,0,030,0,0,1,0,0,0,0, 
2024,05,AYACUCHO,01,HUAMANGA,03,ACOS VINCHOS,17162,01,01,1,2,050131003,45.55189,1,,1,1,5,1,MANZANO,1149,2,0,002,0,0,1,0,0,0,0, 
2024,05,AYACUCHO,01,HUAMANGA,03,ACOS VINCHOS,17162,01,01,1,2,050131003,45.55189,1,,1,1,1,1,PALTO,1162,2,0,003,0,0,1,0,0,0,0, 
2024,05,AYACUCHO,01,HUAMANGA,03,ACOS VINCHOS,17162,02,02,1,2,050131003,224.9341,1,,1,1,1,1,KIWICHA,2106,1,0,847,0,1,0,0,0,0,0, 
2024,05,AYACUCHO,01,HUAMANGA,03,ACOS VINCHOS,17162,02,02,1,2,050131003,224.9341,1,,1,1,5,1,MELOCOTONERO,1152,2,0,002,0,0,1,0,0,0,0, 
2024,05,AYACUCHO,01,HUAMANGA,02,ACOCRO,17168,04,04,1,2,050131003,23.19669,1,,1,1,1,1,TARHUI,2947,1,0,250,0,0,1,1,0,0,0, 
2024,05,AYACUCHO,01,HUAMANGA,02,ACOCRO,17168,04,04,1,2,050131003,23.19669,1,,1,1,2,1,TARHUI,2947,1,0,456,0,0,1,1,0,0,0, 
2024,05,AYACUCHO,01,HUAMANGA,02,ACOCRO,17168,04,04,1,2,050131003,23.19669,1,,1,1,3,1,TARHUI,2947,1,0,250,0,0,1,1,0,0,0, 
2024,05,AYACUCHO,01,HUAMANGA,02,ACOCRO,17168,07,07,1,2,050131003,7.50287,1,,1,1,4,1,PAPA AMARILLA,2611,1,0,400,0,1,0,0,1,0,0, 
2024,05,AYACUCHO,01,HUAMANGA,02,ACOCRO,17168,08,08,1,2,050131003,1.077046,1,,1,0,2,1,QUINUA,2111,1,0,500,0,1,0,0,0,0,0, 
2024,05,AYACUCHO,01,HUAMANGA,02,ACOCRO,17168,08,08,1,2,050131003,1.077046,1,,1,0,1,1,TARHUI,2947,1,0,250,0,1,1,1,0,0,0, 
2024,05,AYACUCHO,01,HUAMANGA,02,ACOCRO,17170,02,02,1,2,050131002,162.9095,1,,1,1,2,1,TARHUI,2947,1,0,500,0,0,1,0,0,0,0, 
2024,05,AYACUCHO,01,HUAMANGA,02,ACOCRO,17171,04,04,1,2,050133002,7.912393,1,,1,1,2,1,PAPA BLANCA,2612,1,0,125,0,0,0,0,0,0,1, 
2024,05,AYACUCHO,01,HUAMANGA,02,ACOCRO,17179,04,04,1,2,050131003,10.20481,1,,1,1,3,1,QUINUA,2111,1,0,500,0,1,1,0,0,0,0, 
2024,05,AYACUCHO,01,HUAMANGA,02,ACOCRO,17179,04,04,1,2,050131003,10.20481,1,,1,1,4,1,QUINUA,2111,1,0,250,0,1,1,0,0,0,0, 
2024,05,AYACUCHO,01,HUAMANGA,02,ACOCRO,17179,04,04,1,2,050131003,10.20481,1,,1,1,2,1,QUINUA,2111,1,0,740,0,1,1,0,0,0,0, 
2024,05,AYACUCHO,01,HUAMANGA,02,ACOCRO,17181,07,07,1,2,050141003,.545708,1,,1,1,3,1,TARHUI,2947,1,0,250,0,0,1,0,0,0,0, 
2024,05,AYACUCHO,01,HUAMANGA,01,AYACUCHO,17183,04,04,1,2,050131002,6.201922,1,,1,1,5,1,PAPA BLANCA,2612,1,0,250,0,0,1,0,0,0,0, 
2024,05,AYACUCHO,01,HUAMANGA,01,AYACUCHO,17183,04,04,1,2,050131002,6.201922,1,,1,1,4,1,PAPA BLANCA,2612,1,0,250,0,0,0,0,0,1,0, 
2024,05,AYACUCHO,01,HUAMANGA,01,AYACUCHO,17184,03,03,1,2,050131003,8.033445,1,,1,1,2,1,TRIGO,2113,1,1,000,0,0,0,0,1,0,0, 
2024,05,AYACUCHO,01,HUAMANGA,01,AYACUCHO,17184,03,03,1,2,050131003,8.033445,1,,1,1,3,1,GARBANZO,2941,1,0,500,0,0,0,0,1,0,0, 
2024,05,AYACUCHO,01,HUAMANGA,01,AYACUCHO,17184,03,03,1,2,050131003,8.033445,1,,1,1,2,2,CEBADA GRANO,2104,1,1,000,0,0,0,0,1,0,0, 
2024,05,AYACUCHO,01,HUAMANGA,01,AYACUCHO,17184,03,03,1,2,050131003,8.033445,1,,1,1,2,3,ARVEJA,2901,1,1,000,0,0,0,0,1,0,0, 
2024,05,AYACUCHO,01,HUAMANGA,01,AYACUCHO,17184,05,05,1,2,050131003,6.936015,1,,1,0,2,1,TRIGO,2113,1,0,250,0,0,0,0,1,0,0, 
2024,05,AYACUCHO,01,HUAMANGA,01,AYACUCHO,17184,10,10,1,2,050131003,9.716393,1,,1,1,5,1,TRIGO,2113,1,0,125,0,0,0,0,1,1,0, 
2024,05,AYACUCHO,01,HUAMANGA,01,AYACUCHO,17185,01,01,1,2,050131003,45.5206,1,,1,1,1,1,APIO,2306,1,0,170,0,0,1,1,0,0,0, 
2024,05,AYACUCHO,01,HUAMANGA,01,AYACUCHO,17185,03,03,1,2,050131003,31.1878,1,,1,1,1,1,PACAE,1159,2,0,002,0,0,0,1,0,0,0, 
2024,04,AREQUIPA,08,LA UNION,07,QUECHUALLA,17195,03,03,1,1,040821003,1.704287,1,,1,1,1,1,VID,1192,2,0,070,0,0,1,0,0,0,0, 
2024,04,AREQUIPA,08,LA UNION,07,QUECHUALLA,17195,05,05,1,1,040821003,43.48691,1,,1,0,1,1,VID,1192,2,0,270,0,0,1,0,0,0,0, 
2024,04,AREQUIPA,08,LA UNION,07,QUECHUALLA,17195,07,07,1,1,040821003,14.27681,1,,1,0,2,1,VID,1192,2,0,004,0,0,1,0,0,0,0, 
2024,04,AREQUIPA,08,LA UNION,07,QUECHUALLA,17195,07,07,1,1,040821003,14.27681,1,,1,0,1,1,VID,1192,2,0,302,0,0,1,0,0,0,0, 
2024,04,AREQUIPA,08,LA UNION,06,PUYCA,17201,01,01,1,2,040842003,41.65642,1,,1,1,6,1,MAIZ AMILACEO,2108,1,0,250,1,0,0,0,0,0,0, 
2024,04,AREQUIPA,08,LA UNION,06,PUYCA,17201,01,01,1,2,040842003,41.65642,1,,1,1,3,1,ALFALFA,1401,3,2,000,1,0,0,0,0,0,0, 
2024,04,AREQUIPA,08,LA UNION,06,PUYCA,17201,01,01,1,2,040842003,41.65642,1,,1,1,2,1,PAPA BLANCA,2612,1,1,000,1,0,0,0,0,0,0, 
2024,04,AREQUIPA,08,LA UNION,06,PUYCA,17201,01,01,1,2,040842003,41.65642,1,,1,1,2,2,PAPA NATIVA,2615,1,1,000,1,0,0,0,0,0,0, 
2024,04,AREQUIPA,08,LA UNION,06,PUYCA,17201,01,01,1,2,040842003,41.65642,1,,1,1,6,2,HABA,2942,1,0,250,1,0,0,0,0,0,0, 
2024,04,AREQUIPA,08,LA UNION,06,PUYCA,17202,07,07,1,2,040841002,3.628387,1,,1,1,1,1,MAIZ AMILACEO,2108,1,0,016,0,0,1,0,0,0,0, 
2024,04,AREQUIPA,08,LA UNION,04,HUAYNACOTAS,17213,03,03,1,2,040834002,.1503769,1,,1,1,1,1,VAINITA,2948,1,0,009,0,0,1,1,0,0,0, 
2024,04,AREQUIPA,08,LA UNION,03,CHARCANA,17216,01,01,1,2,040832002,25.8512,1,,1,1,16,1,MAIZ AMILACEO,2108,1,0,250,0,0,1,0,0,0,0, 
2024,04,AREQUIPA,08,LA UNION,03,CHARCANA,17217,02,02,1,2,040831002,34.89091,1,,1,1,5,1,PAPA BLANCA,2612,1,0,165,0,0,1,0,0,0,0, 
2024,04,AREQUIPA,08,LA UNION,03,CHARCANA,17218,04,04,1,2,040831002,14.73616,1,,1,0,3,1,MAIZ AMILACEO,2108,1,0,165,0,0,1,0,0,0,1, 
2024,04,AREQUIPA,08,LA UNION,03,CHARCANA,17219,03,03,1,2,040831002,33.66184,1,,1,1,5,1,MAIZ AMILACEO,2108,1,0,080,0,0,1,0,0,0,0, 
2024,04,AREQUIPA,08,LA UNION,03,CHARCANA,17219,03,03,1,2,040831002,33.66184,1,,1,1,5,2,TRIGO,2113,1,0,080,0,0,1,0,0,0,0, 
2024,04,AREQUIPA,07,ISLAY,06,PUNTA DE BOMBON,17228,04,04,1,1,040711004,15.84661,1,,1,0,1,1,ARROZ CASCARA,2101,1,1,000,0,0,1,0,0,0,0, 
2024,04,AREQUIPA,07,ISLAY,06,PUNTA DE BOMBON,17229,01,01,1,1,040711003,41.09821,1,,1,1,1,1,AJI,2302,1,2,000,0,0,1,0,0,0,0, 
2024,04,AREQUIPA,07,ISLAY,06,PUNTA DE BOMBON,17229,04,04,1,1,040711003,11.02787,1,,1,1,1,1,ESPINACA,2322,1,3,000,0,0,1,0,0,0,0, 
2024,04,AREQUIPA,07,ISLAY,06,PUNTA DE BOMBON,17229,05,05,1,1,040711003,5.761459,1,,1,0,1,1,PAPA BLANCA,2612,1,1,000,0,0,1,0,0,0,0, 
2024,04,AREQUIPA,07,ISLAY,06,PUNTA DE BOMBON,17232,02,02,1,1,040711003,.3070815,1,,1,1,1,1,PAPA BLANCA,2612,1,2,000,0,0,1,0,0,0,0, 
2024,04,AREQUIPA,07,ISLAY,06,PUNTA DE BOMBON,17232,04,04,1,1,040711003,52.77089,1,,1,0,1,1,MAIZ CHOCLO,2109,1,0,700,0,0,1,0,0,1,0, 
2024,04,AREQUIPA,07,ISLAY,06,PUNTA DE BOMBON,17233,03,03,1,1,040711003,3.348662,1,,1,0,3,1,CAMOTE,2603,1,2,000,0,1,0,0,0,0,0, 
2024,04,AREQUIPA,07,ISLAY,06,PUNTA DE BOMBON,17233,07,07,1,1,040711003,8.794276,1,,1,0,2,1,ARROZ CASCARA,2101,1,3,000,0,0,1,0,0,0,0, 
2024,04,AREQUIPA,07,ISLAY,05,MEJIA,17235,02,02,1,1,040711004,4.329122,1,,1,1,1,1,PACAE,1159,2,0,002,0,0,1,0,0,0,0, 
2024,04,AREQUIPA,07,ISLAY,05,MEJIA,17236,02,02,1,1,040711003,24.74162,1,,1,0,1,1,OLIVO,1218,2,15,000,0,0,0,0,0,1,0, 
2024,04,AREQUIPA,07,ISLAY,03,DEAN VALDIVIA,17242,01,01,1,1,040711002,353.4624,1,,1,1,1,1,PAPA BLANCA,2612,1,0,100,0,0,1,0,0,0,0, 
2024,04,AREQUIPA,07,ISLAY,03,DEAN VALDIVIA,17242,02,02,1,1,040711002,.711898,1,,1,1,3,1,OLIVO,1218,2,2,000,0,0,1,0,0,0,0, 
2024,04,AREQUIPA,07,ISLAY,02,COCACHACRA,17252,05,05,1,1,040711004,4.068902,1,,1,0,1,1,CEBOLLA,2315,1,3,000,0,0,1,0,0,0,0, 
2024,04,AREQUIPA,07,ISLAY,02,COCACHACRA,17252,05,05,1,1,040711004,4.068902,1,,1,0,2,1,CEBOLLA,2315,1,2,000,0,0,1,0,0,0,0, 
2024,04,AREQUIPA,07,ISLAY,01,MOLLENDO,17253,01,01,1,1,040723002,3.899248,1,,1,1,2,1,PACAE,1159,2,0,006,0,0,1,0,0,0,0, 
2024,04,AREQUIPA,07,ISLAY,01,MOLLENDO,17253,01,01,1,1,040723002,3.899248,1,,1,1,2,2,MANGO,1147,2,0,003,0,0,1,0,0,0,0, 
2024,04,AREQUIPA,07,ISLAY,01,MOLLENDO,17253,02,02,1,1,040723002,.7657844,1,,1,1,2,1,TARA,1225,2,0,980,0,0,0,0,0,1,0, 
2024,04,AREQUIPA,07,ISLAY,01,MOLLENDO,17253,02,02,1,1,040723002,.7657844,1,,1,1,1,1,VID,1192,2,0,005,0,0,1,0,0,0,0, 
2024,04,AREQUIPA,07,ISLAY,01,MOLLENDO,17261,01,01,1,1,040721004,3.895339,1,,1,1,3,1,PAPA BLANCA,2612,1,1,000,0,0,0,0,0,1,0, 
2024,04,AREQUIPA,06,CONDESUYOS,07,SALAMANCA,17270,09,09,1,2,040641003,.7687938,1,,1,1,3,1,HABA,2942,1,0,250,0,0,1,0,0,0,0, 
2024,04,AREQUIPA,06,CONDESUYOS,07,SALAMANCA,17271,01,01,1,2,040643002,21.75558,1,,1,1,2,1,PAPA NATIVA,2615,1,0,020,0,0,1,0,0,0,1, 
2024,04,AREQUIPA,06,CONDESUYOS,06,RIO GRANDE,17280,01,01,1,1,040623003,10.59698,1,,1,1,1,1,VID,1192,2,0,010,0,0,1,0,0,0,0, 
2024,04,AREQUIPA,06,CONDESUYOS,06,RIO GRANDE,17280,02,02,1,1,040623003,15.92721,1,,1,1,2,1,PAPA BLANCA,2612,1,0,300,0,0,1,0,0,0,0, 
2024,04,AREQUIPA,06,CONDESUYOS,06,RIO GRANDE,17280,02,02,1,1,040623003,15.92721,1,,1,1,2,2,MAIZ AMARILLO DURO,2107,1,0,400,0,0,1,0,0,0,0, 
2024,04,AREQUIPA,06,CONDESUYOS,03,CAYARANI,17299,01,01,1,2,040654003,281.1162,1,,1,1,1,1,PAPA NATIVA,2615,1,0,450,0,0,0,0,1,0,0, 
2024,04,AREQUIPA,06,CONDESUYOS,02,ANDARAY,17305,02,02,1,2,040631002,43.08188,1,,1,1,5,1,PAPA BLANCA,2612,1,0,333,0,0,1,0,0,0,0, 
2024,04,AREQUIPA,06,CONDESUYOS,02,ANDARAY,17309,01,01,1,2,040634002,1.813928,1,,1,1,1,1,PAPA BLANCA,2612,1,0,490,0,0,1,0,0,0,0, 
2024,04,AREQUIPA,05,CAYLLOMA,20,MAJES,17332,05,05,1,1,040521004,.3784331,1,,1,0,1,1,TOMATE,2342,1,2,500,0,0,1,0,0,0,0, 
2024,04,AREQUIPA,05,CAYLLOMA,20,MAJES,17336,03,03,1,1,040521004,.4014666,1,,1,1,1,1,MAIZ CHALA,2706,1,1,000,0,0,1,0,0,0,0, 
2024,04,AREQUIPA,05,CAYLLOMA,20,MAJES,17341,03,03,1,1,040521004,31.97595,1,,1,0,1,1,TOMATE,2342,1,2,000,0,0,1,0,0,0,0, 
2024,04,AREQUIPA,05,CAYLLOMA,20,MAJES,17341,05,05,1,1,040521004,3.544546,1,,1,0,1,1,ZAPALLO,2345,1,2,000,0,0,1,0,0,0,0, 
2024,04,AREQUIPA,05,CAYLLOMA,20,MAJES,17342,02,02,1,1,040521004,1.066472,1,,1,1,1,1,HIGUERA,1136,2,0,005,0,0,1,0,0,0,0, 
2024,04,AREQUIPA,05,CAYLLOMA,20,MAJES,17344,01,01,1,1,040521003,1.745706,1,,1,1,1,1,ZAPALLO,2345,1,0,660,0,0,1,0,0,0,0, 
2024,04,AREQUIPA,05,CAYLLOMA,20,MAJES,17357,06,06,1,1,040521004,.0966979,1,,1,1,1,1,PAPA BLANCA,2612,1,433,000,0,0,1,0,0,0,0, 
2024,04,AREQUIPA,05,CAYLLOMA,20,MAJES,17361,03,03,1,1,040521004,12.49137,1,,1,0,1,1,TOMATE,2342,1,4,000,0,0,0,0,0,0,1, 
2024,04,AREQUIPA,05,CAYLLOMA,20,MAJES,17361,04,04,1,1,040521004,31.80679,1,,1,1,1,1,GUAYABO,1134,2,0,004,0,0,1,0,0,0,0, 
2024,04,AREQUIPA,05,CAYLLOMA,20,MAJES,17361,05,05,1,1,040521004,5.965324,1,,1,1,1,1,GUAYABO,1134,2,0,005,0,0,1,0,0,0,0, 
2024,04,AREQUIPA,05,CAYLLOMA,20,MAJES,17361,05,05,1,1,040521004,5.965324,1,,1,1,1,2,NARANJO,1156,2,0,005,0,0,1,0,0,0,0, 
2024,04,AREQUIPA,05,CAYLLOMA,20,MAJES,17361,05,05,1,1,040521004,5.965324,1,,1,1,1,3,PAPAYA,1163,2,0,085,0,0,1,0,0,0,0, 
2024,04,AREQUIPA,05,CAYLLOMA,20,MAJES,17361,08,08,1,1,040521004,.24463,1,,1,0,1,1,GRANADILLA,2203,1,0,005,0,0,1,0,0,0,0, 
2024,04,AREQUIPA,05,CAYLLOMA,20,MAJES,17363,01,01,1,1,040521004,7.292934,1,,1,1,1,1,PAPA BLANCA,2612,1,3,000,0,0,1,0,0,0,0, 
2024,04,AREQUIPA,05,CAYLLOMA,20,MAJES,17363,05,05,1,1,040521004,17.45412,1,,1,0,1,1,TOMATE,2342,1,1,600,0,0,1,0,0,0,0, 
2024,04,AREQUIPA,05,CAYLLOMA,19,YANQUE,17364,02,02,1,2,040531003,2.831876,1,,1,1,2,1,MAIZ AMILACEO,2108,1,0,165,0,0,1,1,1,0,0, 
2024,04,AREQUIPA,05,CAYLLOMA,19,YANQUE,17364,05,05,1,2,040531003,14.95326,1,,1,1,3,1,MAIZ AMILACEO,2108,1,0,020,0,0,1,0,1,0,0, 
2024,04,AREQUIPA,05,CAYLLOMA,18,TUTI,17366,05,05,1,2,040542004,2.530156,1,,1,1,5,1,PAPA BLANCA,2612,1,1,000,0,0,0,1,0,0,0, 
2024,04,AREQUIPA,05,CAYLLOMA,13,MADRIGAL,17371,02,02,1,2,040531002,23.53179,1,,1,1,1,1,PAPA BLANCA,2612,1,0,460,0,0,0,1,1,0,0, 
2024,04,AREQUIPA,05,CAYLLOMA,13,MADRIGAL,17371,02,02,1,2,040531002,23.53179,1,,1,1,3,1,MAIZ AMILACEO,2108,1,0,500,0,0,0,1,1,0,0, 
2024,04,AREQUIPA,05,CAYLLOMA,13,MADRIGAL,17371,03,03,1,2,040531002,7.333869,1,,1,1,2,1,ARVEJA,2901,1,2,500,0,0,0,1,0,0,0, 
2024,04,AREQUIPA,05,CAYLLOMA,13,MADRIGAL,17371,03,03,1,2,040531002,7.333869,1,,1,1,4,1,MAIZ AMILACEO,2108,1,1,000,0,1,0,1,1,0,0, 
2024,04,AREQUIPA,05,CAYLLOMA,13,MADRIGAL,17371,03,03,1,2,040531002,7.333869,1,,1,1,1,1,AJO,2303,1,0,490,0,0,0,1,0,0,0, 
2024,04,AREQUIPA,05,CAYLLOMA,13,MADRIGAL,17371,05,05,1,2,040531002,.6527646,1,,1,1,6,1,MAIZ AMILACEO,2108,1,1,000,0,0,1,1,0,0,0, 
2024,04,AREQUIPA,05,CAYLLOMA,11,LLUTA,17378,01,01,1,2,040532003,20.49843,1,,1,1,6,1,MELOCOTONERO,1152,2,0,096,0,0,1,0,0,1,0, 
2024,04,AREQUIPA,05,CAYLLOMA,10,LARI,17385,09,09,1,2,040531003,9.877472,1,,1,0,1,1,MAIZ AMILACEO,2108,1,0,350,0,0,0,1,0,1,0, 
2024,04,AREQUIPA,05,CAYLLOMA,08,HUANCA,17389,01,01,1,2,040534005,5.064718,1,,1,1,3,1,ALFALFA,1401,3,2,000,0,0,0,0,0,0,1, 
2024,04,AREQUIPA,05,CAYLLOMA,08,HUANCA,17389,02,02,1,2,040534005,2.60373,1,,1,1,1,1,ALFALFA,1401,3,3,320,0,0,0,0,0,0,1, 
2024,04,AREQUIPA,05,CAYLLOMA,08,HUANCA,17389,04,04,1,2,040534005,.1869942,1,,1,1,1,1,CEBADA GRANO,2104,1,1,825,0,0,0,1,0,0,1, 
2024,04,AREQUIPA,05,CAYLLOMA,08,HUANCA,17390,03,03,1,2,040531002,6.072825,1,,1,1,2,1,MAIZ AMILACEO,2108,1,678,000,0,0,0,1,0,0,0, 
2024,04,AREQUIPA,05,CAYLLOMA,08,HUANCA,17390,05,05,1,2,040531002,2.043876,1,,1,1,6,1,ALFALFA,1401,3,1,500,0,0,0,0,0,1,0, 
2024,04,AREQUIPA,05,CAYLLOMA,06,COPORAQUE,17397,01,01,1,2,040531003,22.84721,1,,1,0,4,1,MAIZ AMILACEO,2108,1,0,250,0,0,0,0,0,0,1, 
2024,04,AREQUIPA,05,CAYLLOMA,06,COPORAQUE,17398,03,03,1,2,040531002,.1973997,1,,1,0,4,1,MAIZ AMILACEO,2108,1,0,500,0,0,0,1,0,0,0, 
2024,04,AREQUIPA,05,CAYLLOMA,06,COPORAQUE,17398,06,06,1,2,040531002,32.77554,1,,1,0,2,1,CEBADA GRANO,2104,1,1,000,0,0,0,1,0,0,0, 
2024,04,AREQUIPA,05,CAYLLOMA,06,COPORAQUE,17398,06,06,1,2,040531002,32.77554,1,,1,0,1,1,HABA,2942,1,1,780,0,0,1,0,0,0,0, 
2024,04,AREQUIPA,05,CAYLLOMA,06,COPORAQUE,17398,07,07,1,2,040531002,10.36557,1,,1,1,3,1,HABA,2942,1,1,000,0,0,1,0,0,0,0, 
2024,04,AREQUIPA,05,CAYLLOMA,03,CABANACONDE,17400,02,02,1,2,040541003,6.535111,1,,1,1,5,1,MAIZ CHOCLO,2109,1,0,200,0,0,1,0,0,0,1, 
2024,04,AREQUIPA,05,CAYLLOMA,03,CABANACONDE,17400,04,04,1,2,040541003,33.02635,1,,1,1,6,1,MAIZ AMILACEO,2108,1,0,200,0,0,1,0,0,0,1, 
2024,04,AREQUIPA,05,CAYLLOMA,03,CABANACONDE,17400,05,05,1,2,040541003,20.99576,1,,1,0,3,1,MAIZ AMILACEO,2108,1,0,200,0,0,1,0,0,0,0, 
2024,04,AREQUIPA,05,CAYLLOMA,03,CABANACONDE,17400,05,05,1,2,040541003,20.99576,1,,1,0,7,1,MAIZ CHOCLO,2109,1,0,200,0,0,1,0,0,0,1, 
2024,04,AREQUIPA,05,CAYLLOMA,03,CABANACONDE,17400,06,06,1,2,040541003,1.082092,1,,1,1,1,1,MAIZ CHOCLO,2109,1,0,200,0,0,1,1,0,0,0, 
2024,04,AREQUIPA,05,CAYLLOMA,03,CABANACONDE,17400,06,06,1,2,040541003,1.082092,1,,1,1,1,2,ARVEJA,2901,1,0,200,0,0,1,1,0,0,0, 
2024,04,AREQUIPA,05,CAYLLOMA,03,CABANACONDE,17400,06,06,1,2,040541003,1.082092,1,,1,1,1,3,HABA,2942,1,0,200,0,0,1,1,0,0,0, 
2024,04,AREQUIPA,05,CAYLLOMA,03,CABANACONDE,17400,12,12,1,2,040541003,.5077531,1,,1,1,7,1,MAIZ CHOCLO,2109,1,0,450,0,0,1,0,0,0,0, 
2024,04,AREQUIPA,05,CAYLLOMA,03,CABANACONDE,17400,12,12,1,2,040541003,.5077531,1,,1,1,6,1,MAIZ AMILACEO,2108,1,0,450,0,0,1,1,0,0,0, 
2024,04,AREQUIPA,05,CAYLLOMA,03,CABANACONDE,17402,02,02,1,2,040541003,24.09278,1,,1,1,1,1,PAPA BLANCA,2612,1,0,090,0,0,1,1,0,0,0, 
2024,04,AREQUIPA,05,CAYLLOMA,03,CABANACONDE,17404,01,01,1,2,040541003,2.233004,1,,1,1,3,1,MAIZ AMILACEO,2108,1,2,000,0,0,1,1,0,0,0, 
2024,04,AREQUIPA,05,CAYLLOMA,03,CABANACONDE,17404,03,03,1,2,040541003,2.450176,1,,1,1,10,1,MAIZ AMILACEO,2108,1,0,250,0,0,1,1,0,0,0, 
2024,04,AREQUIPA,05,CAYLLOMA,03,CABANACONDE,17404,05,05,1,2,040541003,7.703288,1,,1,1,9,1,MAIZ AMILACEO,2108,1,0,400,0,0,1,1,0,0,0, 
2024,04,AREQUIPA,05,CAYLLOMA,03,CABANACONDE,17404,06,06,1,2,040541003,10.76363,1,,1,1,6,1,MAIZ AMILACEO,2108,1,0,400,0,0,1,0,0,0,0, 
2024,04,AREQUIPA,05,CAYLLOMA,03,CABANACONDE,17404,06,06,1,2,040541003,10.76363,1,,1,1,2,1,MAIZ CHOCLO,2109,1,1,900,0,0,1,1,0,0,0, 
2024,04,AREQUIPA,05,CAYLLOMA,03,CABANACONDE,17404,08,08,1,2,040541003,6.341097,1,,1,1,9,1,ALFALFA,1401,3,0,250,1,0,0,0,0,0,0, 
2024,04,AREQUIPA,05,CAYLLOMA,03,CABANACONDE,17404,08,08,1,2,040541003,6.341097,1,,1,1,7,1,MAIZ AMILACEO,2108,1,0,500,0,0,1,1,0,0,1, 
2024,04,AREQUIPA,05,CAYLLOMA,03,CABANACONDE,17404,08,08,1,2,040541003,6.341097,1,,1,1,4,1,MAIZ AMILACEO,2108,1,1,000,0,0,1,0,0,0,1, 
2024,04,AREQUIPA,05,CAYLLOMA,01,CHIVAY,17419,09,09,1,2,040541002,11.88174,1,,1,1,10,1,ARVEJA,2901,1,0,115,0,0,1,1,0,0,0, 
2024,04,AREQUIPA,04,CASTILLA,09,ORCOPAMPA,17459,03,03,1,2,040444005,93.09989,1,,1,1,4,1,ALFALFA,1401,3,0,500,1,0,0,0,0,0,0, 
2024,04,AREQUIPA,04,CASTILLA,09,ORCOPAMPA,17459,03,03,1,2,040444005,93.09989,1,,1,1,4,2,PASTO DACTYLIS,1422,3,0,500,1,0,0,0,0,0,0, 
2024,04,AREQUIPA,04,CASTILLA,05,CHILCAYMARCA,17470,01,01,1,2,040442002,2.825176,1,,1,1,2,1,PAPA COLOR,2613,1,0,165,1,0,0,0,0,0,0, 
2024,04,AREQUIPA,04,CASTILLA,05,CHILCAYMARCA,17470,01,01,1,2,040442002,2.825176,1,,1,1,2,2,AVENA FORRAJERA,2701,1,0,165,1,0,0,0,0,0,0, 
2024,04,AREQUIPA,04,CASTILLA,05,CHILCAYMARCA,17472,01,01,1,2,040452002,.5103579,1,,1,1,9,1,PAPA BLANCA,2612,1,0,005,1,0,0,0,0,0,0, 
2024,04,AREQUIPA,04,CASTILLA,05,CHILCAYMARCA,17472,01,01,1,2,040452002,.5103579,1,,1,1,9,2,OLLUCO,2609,1,0,005,1,0,0,0,0,0,0, 
2024,04,AREQUIPA,04,CASTILLA,01,APLAO,17485,10,10,1,1,040421004,.2020197,1,,1,1,1,1,GRANADO,1132,2,0,005,0,0,1,0,0,0,0, 
2024,04,AREQUIPA,04,CASTILLA,01,APLAO,17485,12,12,1,1,040421004,3.75213,1,,1,1,1,1,OLIVO,1218,2,20,000,0,0,1,0,0,0,0, 
2024,04,AREQUIPA,04,CASTILLA,01,APLAO,17485,12,12,1,1,040421004,3.75213,1,,1,1,1,2,GRANADO,1132,2,30,000,0,0,1,0,0,0,0, 
2024,04,AREQUIPA,04,CASTILLA,01,APLAO,17485,12,12,1,1,040421004,3.75213,1,,1,1,1,3,MORERA,1154,2,23,000,0,0,1,0,0,0,0, 
2024,04,AREQUIPA,04,CASTILLA,01,APLAO,17485,12,12,1,1,040421004,3.75213,1,,1,1,1,4,MAIZ CHOCLO,2109,1,378,000,0,0,1,0,0,0,0, 
2024,04,AREQUIPA,04,CASTILLA,01,APLAO,17487,07,07,1,1,040421003,.1199029,1,,1,1,1,1,PACAE,1159,2,0,005,0,0,1,0,0,1,0, 
2024,04,AREQUIPA,04,CASTILLA,01,APLAO,17487,08,08,1,1,040421003,76.12734,1,,1,1,4,1,MAIZ MORADO,2110,1,3,500,0,0,1,0,0,0,0, 
2024,04,AREQUIPA,03,CARAVELI,13,YAUCA,17491,02,02,1,1,040311003,7.105606,1,,1,0,2,1,OLIVO,1218,2,0,950,0,0,0,0,0,1,0, 
2024,04,AREQUIPA,03,CARAVELI,13,YAUCA,17491,02,02,1,1,040311003,7.105606,1,,1,0,1,1,OLIVO,1218,2,5,493,0,0,0,0,0,1,0, 
2024,04,AREQUIPA,03,CARAVELI,13,YAUCA,17491,02,02,1,1,040311003,7.105606,1,,1,0,3,1,OLIVO,1218,2,2,000,0,0,0,0,0,1,0, 
2024,04,AREQUIPA,03,CARAVELI,12,QUICACHA,17492,01,01,1,2,040332003,25.23578,1,,1,1,1,1,CHIRIMOYO,1121,2,0,500,0,0,1,0,0,0,0, 
2024,04,AREQUIPA,03,CARAVELI,12,QUICACHA,17492,01,01,1,2,040332003,25.23578,1,,1,1,5,1,MELOCOTONERO,1152,2,0,400,0,0,1,0,0,0,0, 
2024,04,AREQUIPA,03,CARAVELI,12,QUICACHA,17495,03,03,1,2,040332002,8.408245,1,,1,1,1,1,OLLUCO,2609,1,0,250,0,0,1,1,0,1,0, 
2024,04,AREQUIPA,03,CARAVELI,12,QUICACHA,17495,03,03,1,2,040332002,8.408245,1,,1,1,1,2,HABA,2942,1,0,250,0,0,1,1,0,1,0, 
2024,04,AREQUIPA,03,CARAVELI,12,QUICACHA,17497,01,01,1,2,040344003,1.067464,1,,1,1,5,1,MELOCOTONERO,1152,2,0,036,0,0,1,0,0,0,0, 
2024,04,AREQUIPA,03,CARAVELI,10,JAQUI,17499,02,02,1,1,040311003,28.65443,1,,1,0,1,1,OLIVO,1218,2,3,494,0,0,0,0,0,1,0, 
2024,04,AREQUIPA,03,CARAVELI,10,JAQUI,17499,03,03,1,1,040311003,.2370489,1,,1,1,1,1,OLIVO,1218,2,1,298,0,0,0,0,0,1,0, 
2024,04,AREQUIPA,03,CARAVELI,10,JAQUI,17500,01,01,1,1,040311003,12.75236,1,,1,1,3,1,OLIVO,1218,2,0,200,0,0,0,0,0,1,0, 
2024,04,AREQUIPA,03,CARAVELI,10,JAQUI,17500,01,01,1,1,040311003,12.75236,1,,1,1,2,1,OLIVO,1218,2,0,420,0,0,0,0,0,1,0, 
2024,04,AREQUIPA,03,CARAVELI,10,JAQUI,17500,01,01,1,1,040311003,12.75236,1,,1,1,1,1,OLIVO,1218,2,0,900,0,1,0,0,0,0,0, 
2024,04,AREQUIPA,03,CARAVELI,10,JAQUI,17500,03,03,1,1,040311003,2.727295,1,,1,0,2,1,OLIVO,1218,2,0,300,1,0,0,0,0,0,0, 
2024,04,AREQUIPA,03,CARAVELI,10,JAQUI,17500,05,05,1,1,040311003,9.140447,1,,1,0,2,1,OLIVO,1218,2,0,600,0,0,0,0,0,1,0, 
2024,04,AREQUIPA,03,CARAVELI,10,JAQUI,17500,05,05,1,1,040311003,9.140447,1,,1,0,1,1,OLIVO,1218,2,0,300,0,0,0,0,0,1,0, 
2024,04,AREQUIPA,03,CARAVELI,10,JAQUI,17500,05,05,1,1,040311003,9.140447,1,,1,0,3,1,OLIVO,1218,2,0,600,0,0,0,0,0,1,0, 
2024,04,AREQUIPA,03,CARAVELI,10,JAQUI,17501,01,01,1,1,040312002,73.40874,1,,1,0,2,1,OLIVO,1218,2,0,400,0,0,0,0,0,1,0, 
2024,04,AREQUIPA,03,CARAVELI,10,JAQUI,17501,01,01,1,1,040312002,73.40874,1,,1,0,3,1,OLIVO,1218,2,0,400,0,0,0,0,0,1,0, 
2024,04,AREQUIPA,03,CARAVELI,10,JAQUI,17501,01,01,1,1,040312002,73.40874,1,,1,0,1,1,OLIVO,1218,2,0,400,1,0,0,0,0,0,0, 
2024,04,AREQUIPA,03,CARAVELI,08,CHAPARRA,17507,05,05,1,1,040321004,11.35477,1,,1,1,1,1,PALTO,1162,2,0,400,0,0,1,0,0,0,0, 
2024,04,AREQUIPA,03,CARAVELI,08,CHAPARRA,17509,01,01,1,1,040321003,.1996789,1,,1,1,2,1,PERAL,1166,2,0,100,0,0,1,0,0,0,0, 
2024,04,AREQUIPA,03,CARAVELI,08,CHAPARRA,17509,03,03,1,1,040321003,.7530024,1,,1,1,1,1,MELOCOTONERO,1152,2,0,100,0,0,1,0,0,0,0, 
2024,04,AREQUIPA,03,CARAVELI,06,CAHUACHO,17513,02,02,1,2,040331003,.4201491,1,,1,1,7,1,LECHUGA,2326,1,0,001,0,0,0,1,0,0,0, 
2024,04,AREQUIPA,03,CARAVELI,06,CAHUACHO,17513,02,02,1,2,040331003,.4201491,1,,1,1,6,1,PEPINILLO,2333,1,0,001,0,0,0,1,0,0,0, 
2024,04,AREQUIPA,03,CARAVELI,06,CAHUACHO,17513,02,02,1,2,040331003,.4201491,1,,1,1,5,1,ALFALFA,1401,3,0,500,0,0,0,1,0,0,0, 
2024,04,AREQUIPA,03,CARAVELI,06,CAHUACHO,17513,02,02,1,2,040331003,.4201491,1,,1,1,6,2,LECHUGA,2326,1,0,001,0,0,0,1,0,0,0, 
2024,04,AREQUIPA,03,CARAVELI,06,CAHUACHO,17513,02,02,1,2,040331003,.4201491,1,,1,1,7,2,ZANAHORIA,2344,1,0,001,0,0,0,1,0,0,0, 
2024,04,AREQUIPA,03,CARAVELI,06,CAHUACHO,17513,02,02,1,2,040331003,.4201491,1,,1,1,7,3,PEPINILLO,2333,1,0,001,0,0,1,0,0,0,0, 
2024,04,AREQUIPA,03,CARAVELI,06,CAHUACHO,17513,02,02,1,2,040331003,.4201491,1,,1,1,6,3,TOMATE,2342,1,0,001,0,0,0,1,0,0,0, 
2024,04,AREQUIPA,03,CARAVELI,06,CAHUACHO,17517,01,01,1,2,040334006,11.62246,1,,1,1,4,1,CEBADA GRANO,2104,1,1,000,0,0,0,1,0,0,0, 
2024,04,AREQUIPA,03,CARAVELI,06,CAHUACHO,17522,01,01,1,2,040341002,57.53344,1,,1,1,6,1,CEBADA FORRAJERA,2703,1,1,500,0,0,0,1,0,0,0, 
2024,04,AREQUIPA,03,CARAVELI,05,BELLA UNION,17524,03,03,1,1,040311004,1.038517,1,,1,1,1,1,OLIVO,1218,2,0,850,0,0,0,0,0,1,0, 
2024,04,AREQUIPA,03,CARAVELI,05,BELLA UNION,17528,03,03,1,1,040311004,.4190097,1,,1,1,1,1,OLIVO,1218,2,7,500,0,0,0,0,0,1,0, 
2024,04,AREQUIPA,03,CARAVELI,05,BELLA UNION,17533,01,01,1,1,040313004,8.102434,1,,1,0,1,1,OLIVO,1218,2,1,600,0,0,0,0,0,1,0, 
2024,04,AREQUIPA,03,CARAVELI,02,ACARI,17543,01,01,1,1,040311004,21.80873,1,,1,1,2,1,OLIVO,1218,2,2,740,0,0,0,0,0,1,0, 
2024,04,AREQUIPA,03,CARAVELI,02,ACARI,17543,01,01,1,1,040311004,21.80873,1,,1,1,1,1,OLIVO,1218,2,3,150,0,0,0,0,0,1,0, 
2024,04,AREQUIPA,03,CARAVELI,02,ACARI,17543,02,02,1,1,040311004,2.355268,1,,1,1,2,1,OLIVO,1218,2,1,815,0,0,0,0,0,1,0, 
2024,04,AREQUIPA,03,CARAVELI,02,ACARI,17543,03,03,1,1,040311004,6.278324,1,,1,1,1,1,OLIVO,1218,2,0,170,0,0,0,0,0,1,0, 
2024,04,AREQUIPA,03,CARAVELI,02,ACARI,17543,04,04,1,1,040311004,.9871301,1,,1,0,1,1,OLIVO,1218,2,0,600,0,0,0,0,0,1,0, 
2024,04,AREQUIPA,03,CARAVELI,02,ACARI,17543,05,05,1,1,040311004,15.29577,1,,1,0,3,1,OLIVO,1218,2,0,800,0,0,0,0,0,1,0, 
2024,04,AREQUIPA,03,CARAVELI,02,ACARI,17543,05,05,1,1,040311004,15.29577,1,,1,0,1,1,OLIVO,1218,2,0,156,0,0,0,0,0,1,0, 
2024,04,AREQUIPA,02,CAMANA,03,MARIANO NICOLAS VALCARCEL,17573,03,03,1,1,040212002,15.24291,1,,1,0,1,1,MAIZ AMARILLO DURO,2107,1,1,000,0,0,1,0,0,0,1, 
2024,04,AREQUIPA,01,AREQUIPA,25,VITOR,17597,02,02,1,1,040123003,8.807798,1,,1,0,1,1,NARANJO,1156,2,0,080,0,0,0,0,0,0,1, 
2024,04,AREQUIPA,01,AREQUIPA,25,VITOR,17602,03,03,1,1,040121003,.6542086,1,,1,0,1,1,MAIZ CHALA,2706,1,1,500,0,0,0,0,0,0,1, 
2024,04,AREQUIPA,01,AREQUIPA,25,VITOR,17614,01,01,1,1,040121004,.7012956,1,,1,1,2,1,MAIZ CHALA,2706,1,0,500,0,1,0,0,0,0,0, 
2024,04,AREQUIPA,01,AREQUIPA,25,VITOR,17619,01,01,1,1,040121004,7.02994,1,,1,1,1,1,CEBOLLA,2315,1,1,000,0,0,1,0,0,0,0, 
2024,04,AREQUIPA,01,AREQUIPA,25,VITOR,17619,01,01,1,1,040121004,7.02994,1,,1,1,1,2,ZANAHORIA,2344,1,0,750,0,0,1,0,0,1,0, 
2024,04,AREQUIPA,01,AREQUIPA,23,TIABAYA,17626,02,02,1,2,040121003,3.415203,1,,1,0,1,1,ZANAHORIA,2344,1,0,600,0,0,1,0,0,0,0, 
2024,04,AREQUIPA,01,AREQUIPA,23,TIABAYA,17626,03,03,1,2,040121003,.0114524,1,,1,1,1,1,ARVEJA,2901,1,4,000,0,0,1,0,0,0,1, 
2024,04,AREQUIPA,01,AREQUIPA,21,SANTA RITA DE SIGUAS,17630,01,01,1,1,040121004,9.357894,1,,1,1,1,1,TARA,1225,2,1,300,0,0,0,0,0,0,1, 
2024,04,AREQUIPA,01,AREQUIPA,17,SACHACA,17636,01,01,1,2,040121002,75.34999,1,,1,1,3,1,AVENA FORRAJERA,2701,1,0,500,0,0,1,0,0,0,0, 
2024,04,AREQUIPA,01,AREQUIPA,17,SACHACA,17636,05,05,1,2,040121002,5.588486,1,,1,1,5,1,LECHUGA,2326,1,1,000,0,0,0,0,0,0,1, 
2024,04,AREQUIPA,01,AREQUIPA,17,SACHACA,17636,05,05,1,2,040121002,5.588486,1,,1,1,3,1,LECHUGA,2326,1,0,500,0,0,0,0,0,0,1, 
2024,04,AREQUIPA,01,AREQUIPA,17,SACHACA,17636,05,05,1,2,040121002,5.588486,1,,1,1,4,1,LECHUGA,2326,1,0,500,0,0,0,0,0,0,1, 
2024,04,AREQUIPA,01,AREQUIPA,16,SABANDIA,17639,01,01,1,2,040131002,53.40112,1,,1,0,2,1,RUDA,2339,1,0,500,0,0,1,0,0,0,0, 
2024,04,AREQUIPA,01,AREQUIPA,16,SABANDIA,17639,03,03,1,2,040131002,155.9844,1,,1,1,4,1,PAPA BLANCA,2612,1,0,100,0,0,1,0,0,0,0, 
2024,04,AREQUIPA,01,AREQUIPA,14,POLOBAYA,17644,03,03,1,2,040131002,150.0699,1,,1,0,2,1,PAPA BLANCA,2612,1,0,500,0,0,0,1,0,0,0, 
2024,04,AREQUIPA,01,AREQUIPA,14,POLOBAYA,17644,07,07,1,2,040131002,13.8428,1,,1,1,3,1,HABA,2942,1,0,500,0,0,0,1,0,1,0, 
2024,04,AREQUIPA,01,AREQUIPA,14,POLOBAYA,17644,08,08,1,2,040131002,39.55001,1,,1,0,2,1,ALFALFA,1401,3,0,200,0,0,1,1,0,1,0, 
2024,04,AREQUIPA,01,AREQUIPA,12,PAUCARPATA,17649,03,03,1,2,040131002,63.75183,1,,1,0,1,1,QUINUA,2111,1,4,000,0,0,1,0,0,0,0, 
2024,04,AREQUIPA,01,AREQUIPA,08,LA JOYA,17650,02,02,1,1,040121003,31.17393,1,,1,1,1,1,PAPA BLANCA,2612,1,1,000,0,0,0,0,0,1,0, 
2024,04,AREQUIPA,01,AREQUIPA,08,LA JOYA,17656,10,10,1,1,040121003,9.069339,1,,1,0,1,1,ZANAHORIA,2344,1,0,400,0,0,1,0,0,0,0, 
2024,04,AREQUIPA,01,AREQUIPA,06,CHIGUATA,17661,02,02,1,2,040131003,1.675827,1,,1,1,2,1,HABA,2942,1,0,420,0,0,0,0,0,0,1, 
2024,04,AREQUIPA,01,AREQUIPA,04,CERRO COLORADO,17668,02,02,1,2,040121003,6.956577,1,,1,1,1,1,PAPA BLANCA,2612,1,0,497,0,0,1,0,0,0,0, 
2024,03,APURIMAC,07,GRAU,13,VIRUNDO,17681,04,04,1,2,030752002,2.894005,1,,1,1,4,1,HABA,2942,1,0,050,1,0,0,0,0,0,0, 
2024,03,APURIMAC,07,GRAU,10,SANTA ROSA,17692,04,04,1,2,030743002,2.062797,1,,1,1,3,1,MAIZ AMILACEO,2108,1,0,300,0,0,0,0,0,0,1, 
2024,03,APURIMAC,07,GRAU,05,MAMARA,17698,06,06,1,2,030741003,293.8988,1,,1,1,5,1,TRIGO,2113,1,0,020,0,0,1,0,1,0,0, 
2024,03,APURIMAC,07,GRAU,04,HUAYLLATI,17701,01,01,1,2,030731003,5.776063,1,,1,1,4,1,TRIGO,2113,1,0,150,0,0,1,1,1,1,1, 
2024,03,APURIMAC,07,GRAU,04,HUAYLLATI,17703,02,02,1,2,030733004,.6991757,1,,1,1,3,1,HABA,2942,1,0,100,0,0,0,1,0,1,0, 
2024,03,APURIMAC,07,GRAU,04,HUAYLLATI,17703,02,02,1,2,030733004,.6991757,1,,1,1,3,2,ARVEJA,2901,1,0,100,0,0,0,1,0,1,0, 
2024,03,APURIMAC,07,GRAU,03,GAMARRA,17707,01,01,1,2,030752003,11.21576,1,,1,1,2,1,MAIZ AMILACEO,2108,1,0,150,0,0,0,0,1,0,0, 
2024,03,APURIMAC,07,GRAU,03,GAMARRA,17711,03,03,1,2,030731003,36.26498,1,,1,1,4,1,PAPA BLANCA,2612,1,0,200,1,1,0,0,1,0,0, 
2024,03,APURIMAC,07,GRAU,02,CURPAHUASI,17718,01,01,1,2,030754004,180.6514,1,,1,1,3,1,PAPA NATIVA,2615,1,0,080,0,0,1,1,1,0,0, 
2024,03,APURIMAC,07,GRAU,02,CURPAHUASI,17719,01,01,1,2,030753004,2.461507,1,,1,1,1,1,MAIZ AMILACEO,2108,1,0,124,0,0,0,1,0,0,0, 
2024,03,APURIMAC,07,GRAU,02,CURPAHUASI,17719,02,02,1,2,030753004,.6076071,1,,1,1,1,1,TARHUI,2947,1,0,186,0,0,1,0,0,0,0, 
2024,03,APURIMAC,07,GRAU,02,CURPAHUASI,17719,03,03,1,2,030753004,12.61928,1,,1,1,5,1,OLLUCO,2609,1,0,050,0,0,1,0,0,0,0, 
2024,03,APURIMAC,07,GRAU,02,CURPAHUASI,17719,03,03,1,2,030753004,12.61928,1,,1,1,5,2,OCA,2608,1,0,050,0,0,1,0,0,0,0, 
2024,03,APURIMAC,07,GRAU,01,CHUQUIBAMBILLA,17722,01,01,1,2,030732002,71.31245,1,,1,1,1,1,TRIGO,2113,1,0,100,0,0,1,1,0,0,0, 
2024,03,APURIMAC,07,GRAU,01,CHUQUIBAMBILLA,17722,01,01,1,2,030732002,71.31245,1,,1,1,1,2,MAIZ AMILACEO,2108,1,0,100,0,0,1,1,0,0,0, 
2024,03,APURIMAC,07,GRAU,01,CHUQUIBAMBILLA,17722,01,01,1,2,030732002,71.31245,1,,1,1,1,3,HABA,2942,1,0,048,0,0,1,1,0,0,0, 
2024,03,APURIMAC,07,GRAU,01,CHUQUIBAMBILLA,17722,01,01,1,2,030732002,71.31245,1,,1,1,1,4,ARVEJA,2901,1,0,048,0,0,1,1,0,0,0, 
2024,03,APURIMAC,06,CHINCHEROS,10,EL PORVENIR,17725,01,01,1,2,030631003,4.160628,1,,1,1,3,1,MAIZ AMARILLO DURO,2107,1,0,200,0,0,0,0,0,1,0, 
2024,03,APURIMAC,06,CHINCHEROS,10,EL PORVENIR,17725,03,03,1,2,030631003,18.32856,1,,1,1,7,1,PAPA AMARILLA,2611,1,0,250,0,0,0,0,0,1,0, 
2024,03,APURIMAC,06,CHINCHEROS,10,EL PORVENIR,17725,09,09,1,2,030631003,45.0448,1,,1,1,3,1,PAPA BLANCA,2612,1,0,050,0,0,1,0,0,0,0, 
2024,03,APURIMAC,06,CHINCHEROS,10,EL PORVENIR,17726,01,01,1,2,030632003,.2785389,1,,1,1,2,1,HABA,2942,1,0,100,0,0,0,0,0,1,0, 
2024,03,APURIMAC,06,CHINCHEROS,07,URANMARCA,17731,06,06,1,2,030633004,16.45491,1,,1,1,4,1,MAIZ AMILACEO,2108,1,0,180,0,0,1,0,0,0,0, 
2024,03,APURIMAC,06,CHINCHEROS,07,URANMARCA,17734,02,02,1,2,030631003,24.39084,1,,1,1,5,1,MAIZ AMILACEO,2108,1,0,600,0,0,1,0,0,0,0, 
2024,03,APURIMAC,06,CHINCHEROS,07,URANMARCA,17734,02,02,1,2,030631003,24.39084,1,,1,1,3,1,PAPA BLANCA,2612,1,0,800,0,0,1,1,0,0,0, 
2024,03,APURIMAC,06,CHINCHEROS,07,URANMARCA,17734,03,03,1,2,030631003,3.002575,1,,1,1,1,1,PAPA BLANCA,2612,1,0,177,0,0,1,0,0,0,0, 
2024,03,APURIMAC,06,CHINCHEROS,06,ONGOY,17739,04,04,1,2,030631003,74.00548,1,,1,1,4,1,TRIGO,2113,1,0,400,0,0,1,0,1,1,0, 
2024,03,APURIMAC,06,CHINCHEROS,06,ONGOY,17740,01,01,1,2,030631003,53.20288,1,,1,0,1,1,MAIZ AMILACEO,2108,1,0,206,1,0,0,0,0,0,0, 
2024,03,APURIMAC,06,CHINCHEROS,06,ONGOY,17740,05,05,1,2,030631003,54.38451,1,,1,0,1,1,PALTO,1162,2,0,100,1,0,0,0,0,0,0, 
2024,03,APURIMAC,06,CHINCHEROS,05,OCOBAMBA,17741,02,02,1,2,030633002,7.271336,1,,1,1,2,1,MAIZ AMILACEO,2108,1,0,070,0,0,1,0,0,0,0, 
2024,03,APURIMAC,06,CHINCHEROS,05,OCOBAMBA,17741,03,03,1,2,030633002,2.868608,1,,1,1,2,1,MAIZ AMILACEO,2108,1,0,130,0,0,1,0,0,0,0, 
2024,03,APURIMAC,06,CHINCHEROS,05,OCOBAMBA,17741,03,03,1,2,030633002,2.868608,1,,1,1,4,1,MAIZ AMILACEO,2108,1,0,130,0,0,1,0,0,0,0, 
2024,03,APURIMAC,06,CHINCHEROS,05,OCOBAMBA,17741,03,03,1,2,030633002,2.868608,1,,1,1,3,1,MAIZ AMILACEO,2108,1,0,130,0,0,1,0,0,0,0, 
2024,03,APURIMAC,06,CHINCHEROS,05,OCOBAMBA,17744,04,04,1,2,030631003,6.093912,1,,1,1,5,1,MAIZ AMILACEO,2108,1,0,005,0,0,0,0,0,1,0, 
2024,03,APURIMAC,06,CHINCHEROS,05,OCOBAMBA,17744,04,04,1,2,030631003,6.093912,1,,1,1,3,1,MAIZ AMILACEO,2108,1,0,050,0,0,0,0,0,1,0, 
2024,03,APURIMAC,06,CHINCHEROS,05,OCOBAMBA,17744,09,09,1,2,030631003,16.23917,1,,1,1,2,1,QUINUA,2111,1,0,030,0,0,1,0,0,0,0, 
2024,03,APURIMAC,06,CHINCHEROS,05,OCOBAMBA,17744,09,09,1,2,030631003,16.23917,1,,1,1,2,2,KIWICHA,2106,1,0,030,0,0,1,0,0,0,0, 
2024,03,APURIMAC,06,CHINCHEROS,04,HUACCANA,17758,03,03,1,2,030631003,240.2233,1,,1,1,1,1,PAPA HUAYRO,2614,1,0,165,0,0,0,0,1,0,0, 
2024,03,APURIMAC,06,CHINCHEROS,04,HUACCANA,17758,04,04,1,2,030631003,120.706,1,,1,1,1,1,PAPA HUAYRO,2614,1,0,215,0,0,0,0,1,0,0, 
2024,03,APURIMAC,06,CHINCHEROS,04,HUACCANA,17762,02,02,1,2,030631004,161.8381,1,,1,1,1,1,CEBADA GRANO,2104,1,0,093,0,0,1,0,1,0,0, 
2024,03,APURIMAC,06,CHINCHEROS,04,HUACCANA,17762,02,02,1,2,030631004,161.8381,1,,1,1,1,2,TRIGO,2113,1,0,093,0,0,1,0,0,1,0, 
2024,03,APURIMAC,06,CHINCHEROS,03,COCHARCAS,17765,05,05,1,2,030631003,69.57043,1,,1,1,2,1,MAIZ AMILACEO,2108,1,0,200,0,0,0,0,0,0,1, 
2024,03,APURIMAC,06,CHINCHEROS,03,COCHARCAS,17765,05,05,1,2,030631003,69.57043,1,,1,1,3,1,CHIA,2832,1,0,500,0,0,0,0,0,1,0, 
2024,03,APURIMAC,06,CHINCHEROS,02,ANCO_HUALLO,17770,11,11,1,2,030641003,170.8707,1,,1,1,5,1,PAPA BLANCA,2612,1,0,150,0,0,0,1,0,0,0, 
2024,03,APURIMAC,05,COTABAMBAS,05,MARA,17785,03,03,1,2,030541001,1.842361,1,,1,1,4,1,PAPA NATIVA,2615,1,0,150,0,0,1,0,1,0,0, 
2024,03,APURIMAC,05,COTABAMBAS,05,MARA,17785,03,03,1,2,030541001,1.842361,1,,1,1,5,1,PAPA NATIVA,2615,1,0,150,0,0,1,0,1,0,0, 
2024,03,APURIMAC,05,COTABAMBAS,05,MARA,17786,03,03,1,2,030542001,.4585416,1,,1,1,1,1,PAPA NATIVA,2615,1,0,025,0,0,1,1,0,0,0, 
2024,03,APURIMAC,05,COTABAMBAS,04,HAQUIRA,17788,01,01,1,2,030542003,15.30541,1,,1,1,3,1,OLLUCO,2609,1,0,080,0,0,0,1,1,0,0, 
2024,03,APURIMAC,05,COTABAMBAS,04,HAQUIRA,17788,02,02,1,2,030542003,31.93623,1,,1,1,3,1,HABA,2942,1,0,080,0,0,1,1,1,0,0, 
2024,03,APURIMAC,05,COTABAMBAS,04,HAQUIRA,17789,03,03,1,2,030541003,79.921,1,,1,1,2,1,TARHUI,2947,1,0,150,0,0,0,1,1,0,0, 
2024,03,APURIMAC,05,COTABAMBAS,04,HAQUIRA,17789,03,03,1,2,030541003,79.921,1,,1,1,3,1,CEBADA GRANO,2104,1,0,150,0,0,0,1,1,1,0, 
2024,03,APURIMAC,05,COTABAMBAS,04,HAQUIRA,17789,04,04,1,2,030541003,123.5947,1,,1,0,4,1,TRIGO,2113,1,0,150,0,0,0,0,1,0,1, 
2024,03,APURIMAC,05,COTABAMBAS,04,HAQUIRA,17789,04,04,1,2,030541003,123.5947,1,,1,0,3,1,TARHUI,2947,1,0,150,0,0,1,0,1,1,0, 
2024,03,APURIMAC,05,COTABAMBAS,04,HAQUIRA,17791,01,01,1,2,030531003,44.93365,1,,1,1,2,1,TRIGO,2113,1,0,080,0,0,0,0,0,0,1, 
2024,03,APURIMAC,05,COTABAMBAS,04,HAQUIRA,17794,01,01,1,2,030541003,2.653615,1,,1,1,4,1,TARHUI,2947,1,0,100,0,0,0,1,0,1,0, 
2024,03,APURIMAC,05,COTABAMBAS,03,COYLLURQUI,17797,01,01,1,2,030533004,6.465108,1,,1,1,3,1,MAIZ AMILACEO,2108,1,0,080,0,0,1,1,1,1,1, 
2024,03,APURIMAC,05,COTABAMBAS,03,COYLLURQUI,17798,02,02,1,2,030532004,86.3801,1,,1,1,3,1,TARHUI,2947,1,0,300,0,0,0,1,1,0,0, 
2024,03,APURIMAC,05,COTABAMBAS,03,COYLLURQUI,17798,02,02,1,2,030532004,86.3801,1,,1,1,6,1,TRIGO,2113,1,0,100,0,0,0,1,1,0,0, 
2024,03,APURIMAC,05,COTABAMBAS,03,COYLLURQUI,17798,02,02,1,2,030532004,86.3801,1,,1,1,5,1,HABA,2942,1,0,200,0,0,0,1,1,0,0, 
2024,03,APURIMAC,05,COTABAMBAS,03,COYLLURQUI,17800,03,03,1,2,030534003,2358.432,1,,1,1,5,1,PAPA COLOR,2613,1,0,050,0,0,1,1,1,0,0, 
2024,03,APURIMAC,05,COTABAMBAS,03,COYLLURQUI,17802,02,02,1,2,030532003,53.72959,1,,1,1,1,1,MAIZ AMILACEO,2108,1,0,381,1,0,0,0,0,0,0, 
2024,03,APURIMAC,05,COTABAMBAS,03,COYLLURQUI,17802,03,03,1,2,030532003,16.69894,1,,1,1,7,1,MAIZ AMILACEO,2108,1,0,200,1,0,0,0,0,0,0, 
2024,03,APURIMAC,05,COTABAMBAS,03,COYLLURQUI,17802,03,03,1,2,030532003,16.69894,1,,1,1,5,1,HABA,2942,1,0,200,0,0,0,0,1,0,0, 
2024,03,APURIMAC,05,COTABAMBAS,03,COYLLURQUI,17802,03,03,1,2,030532003,16.69894,1,,1,1,5,2,OLLUCO,2609,1,0,100,0,0,0,0,1,0,0, 
2024,03,APURIMAC,05,COTABAMBAS,03,COYLLURQUI,17802,03,03,1,2,030532003,16.69894,1,,1,1,5,3,PAPA BLANCA,2612,1,0,200,0,0,0,0,1,0,0, 
2024,03,APURIMAC,05,COTABAMBAS,03,COYLLURQUI,17806,02,02,1,2,030542002,22.82731,1,,1,1,5,1,QUINUA,2111,1,0,025,0,0,1,0,0,0,0, 
2024,03,APURIMAC,05,COTABAMBAS,03,COYLLURQUI,17806,02,02,1,2,030542002,22.82731,1,,1,1,5,2,TARHUI,2947,1,0,025,0,0,1,0,0,0,0, 
2024,03,APURIMAC,05,COTABAMBAS,03,COYLLURQUI,17806,03,03,1,2,030542002,76.50138,1,,1,1,3,1,TARHUI,2947,1,0,050,0,0,0,1,1,0,0, 
2024,03,APURIMAC,05,COTABAMBAS,03,COYLLURQUI,17806,03,03,1,2,030542002,76.50138,1,,1,1,3,2,QUINUA,2111,1,0,050,0,0,0,1,1,0,0, 
2024,03,APURIMAC,05,COTABAMBAS,01,TAMBOBAMBA,17811,02,02,1,2,030542003,126.8266,1,,1,1,6,1,MAIZ AMILACEO,2108,1,0,300,0,0,1,1,1,0,0, 
2024,03,APURIMAC,05,COTABAMBAS,01,TAMBOBAMBA,17814,03,03,1,2,030541003,101.1984,1,,1,1,3,1,HABA,2942,1,0,500,0,0,0,0,0,0,1, 
2024,03,APURIMAC,05,COTABAMBAS,01,TAMBOBAMBA,17814,03,03,1,2,030541003,101.1984,1,,1,1,4,1,ARVEJA,2901,1,0,038,0,0,0,0,1,0,0, 
2024,03,APURIMAC,05,COTABAMBAS,01,TAMBOBAMBA,17822,01,01,1,2,030533003,80.8924,1,,1,1,2,1,TARHUI,2947,1,0,250,0,0,0,1,1,0,0, 
2024,03,APURIMAC,05,COTABAMBAS,01,TAMBOBAMBA,17827,02,02,1,2,030544002,19.59631,1,,1,1,3,1,HABA,2942,1,0,030,0,0,0,0,0,0,1, 
2024,03,APURIMAC,05,COTABAMBAS,01,TAMBOBAMBA,17827,02,02,1,2,030544002,19.59631,1,,1,1,1,1,HABA,2942,1,0,023,0,0,0,0,0,0,1, 
2024,03,APURIMAC,04,AYMARAES,17,YANACA,17830,02,02,1,2,030443004,.7023839,1,,1,1,8,1,ALFALFA,1401,3,0,075,0,0,0,0,0,1,0, 
2024,03,APURIMAC,04,AYMARAES,16,TORAYA,17834,07,07,1,2,030441003,6.718053,1,,1,1,7,1,MAIZ AMILACEO,2108,1,0,100,0,0,1,1,1,0,0, 
2024,03,APURIMAC,04,AYMARAES,16,TORAYA,17835,05,05,1,2,030431003,163.3885,1,,1,1,7,1,TRIGO,2113,1,0,050,0,0,0,1,1,0,0, 
2024,03,APURIMAC,04,AYMARAES,15,TINTAY,17837,02,02,1,2,030431003,.7329475,1,,1,1,1,1,HABA,2942,1,0,089,0,0,0,0,0,0,1, 
2024,03,APURIMAC,04,AYMARAES,15,TINTAY,17837,06,06,1,2,030431003,214.4301,1,,1,1,3,1,MAIZ AMILACEO,2108,1,0,300,0,0,1,0,1,0,0, 
2024,03,APURIMAC,04,AYMARAES,14,TAPAIRIHUA,17843,01,01,1,2,030431002,111.6094,1,,1,1,4,1,PAPA BLANCA,2612,1,0,200,0,0,1,1,1,1,0, 
2024,03,APURIMAC,04,AYMARAES,14,TAPAIRIHUA,17843,01,01,1,2,030431002,111.6094,1,,1,1,3,1,HABA,2942,1,0,200,0,0,0,0,1,0,1, 
2024,03,APURIMAC,04,AYMARAES,14,TAPAIRIHUA,17843,01,01,1,2,030431002,111.6094,1,,1,1,6,1,CEBADA GRANO,2104,1,0,200,0,0,0,0,1,1,0, 
2024,03,APURIMAC,04,AYMARAES,14,TAPAIRIHUA,17843,02,02,1,2,030431002,25.22885,1,,1,1,2,1,HABA,2942,1,0,200,0,0,0,0,1,1,1, 
2024,03,APURIMAC,04,AYMARAES,14,TAPAIRIHUA,17843,02,02,1,2,030431002,25.22885,1,,1,1,1,1,CEBADA GRANO,2104,1,0,072,0,0,0,0,1,0,1, 
2024,03,APURIMAC,04,AYMARAES,14,TAPAIRIHUA,17843,04,04,1,2,030431002,39.80198,1,,1,1,2,1,PAPA BLANCA,2612,1,0,200,0,0,1,1,1,0,1, 
2024,03,APURIMAC,04,AYMARAES,14,TAPAIRIHUA,17843,05,05,1,2,030431002,5.208481,1,,1,1,7,1,MAIZ AMILACEO,2108,1,0,200,0,0,0,0,1,0,1, 
2024,03,APURIMAC,04,AYMARAES,14,TAPAIRIHUA,17843,05,05,1,2,030431002,5.208481,1,,1,1,3,1,CEBADA GRANO,2104,1,0,500,0,0,0,0,1,0,1, 
2024,03,APURIMAC,04,AYMARAES,14,TAPAIRIHUA,17845,03,03,1,2,030433003,56.90036,1,,1,1,5,1,HABA,2942,1,0,100,0,0,0,0,1,0,1, 
2024,03,APURIMAC,04,AYMARAES,14,TAPAIRIHUA,17846,01,01,1,2,030441002,.1678492,1,,1,1,1,1,PAPA HUAYRO,2614,1,0,048,0,0,0,1,1,0,0, 
2024,03,APURIMAC,04,AYMARAES,10,POCOHUANCA,17849,03,03,1,2,030431003,56.86338,1,,1,1,3,1,MAIZ AMILACEO,2108,1,0,100,0,0,0,0,1,0,1, 
2024,03,APURIMAC,04,AYMARAES,10,POCOHUANCA,17849,04,04,1,2,030431003,47.42575,1,,1,1,4,1,HABA,2942,1,0,080,0,0,0,0,1,1,1, 
2024,03,APURIMAC,04,AYMARAES,10,POCOHUANCA,17849,04,04,1,2,030431003,47.42575,1,,1,1,2,1,MAIZ AMILACEO,2108,1,0,150,0,0,1,1,1,1,1, 
2024,03,APURIMAC,04,AYMARAES,10,POCOHUANCA,17849,04,04,1,2,030431003,47.42575,1,,1,1,6,1,MAIZ AMILACEO,2108,1,0,050,0,0,0,0,1,0,1, 
2024,03,APURIMAC,04,AYMARAES,10,POCOHUANCA,17849,05,05,1,2,030431003,151.812,1,,1,1,2,1,MAIZ AMILACEO,2108,1,0,029,0,0,0,0,1,0,1, 
2024,03,APURIMAC,04,AYMARAES,10,POCOHUANCA,17849,06,06,1,2,030431003,145.9703,1,,1,1,2,1,MAIZ AMILACEO,2108,1,0,070,0,0,0,0,1,0,1, 
2024,03,APURIMAC,04,AYMARAES,04,CHAPIMARCA,17862,05,05,1,2,030431003,19.48715,1,,1,1,4,1,PAPA HUAYRO,2614,1,0,030,0,1,0,0,0,0,0, 
2024,03,APURIMAC,04,AYMARAES,04,CHAPIMARCA,17862,06,06,1,2,030431003,180.213,1,,1,1,3,1,PAPA BLANCA,2612,1,0,100,0,0,0,1,1,0,0, 
2024,03,APURIMAC,04,AYMARAES,04,CHAPIMARCA,17863,01,01,1,2,030431004,9.011711,1,,1,1,3,1,PAPA HUAYRO,2614,1,0,200,0,1,0,0,0,0,0, 
2024,03,APURIMAC,04,AYMARAES,04,CHAPIMARCA,17863,02,02,1,2,030431004,174.7279,1,,1,1,2,1,MAIZ AMILACEO,2108,1,0,300,0,1,0,0,0,0,0, 
2024,03,APURIMAC,04,AYMARAES,04,CHAPIMARCA,17863,02,02,1,2,030431004,174.7279,1,,1,1,4,1,HABA,2942,1,0,030,0,1,0,0,0,0,0, 
2024,03,APURIMAC,04,AYMARAES,04,CHAPIMARCA,17863,04,04,1,2,030431004,336.5892,1,,1,1,4,1,PAPA BLANCA,2612,1,0,100,0,1,1,0,0,0,0, 
2024,03,APURIMAC,04,AYMARAES,04,CHAPIMARCA,17863,05,05,1,2,030431004,106.9799,1,,1,1,3,1,TRIGO,2113,1,0,200,0,1,1,0,0,0,0, 
2024,03,APURIMAC,04,AYMARAES,04,CHAPIMARCA,17863,06,06,1,2,030431004,4.743368,1,,1,1,2,1,ARVEJA,2901,1,0,100,0,1,1,0,0,0,0, 
2024,03,APURIMAC,04,AYMARAES,03,CARAYBAMBA,17866,02,02,1,2,030454006,18.64544,1,,1,1,4,1,MAIZ AMILACEO,2108,1,0,030,0,0,1,0,0,0,0, 
2024,03,APURIMAC,04,AYMARAES,03,CARAYBAMBA,17866,02,02,1,2,030454006,18.64544,1,,1,1,4,2,CEBADA GRANO,2104,1,0,020,0,0,1,0,0,0,0, 
2024,03,APURIMAC,04,AYMARAES,03,CARAYBAMBA,17866,07,07,1,2,030454006,686.8721,1,,1,1,3,1,CEBADA GRANO,2104,1,0,200,0,1,0,0,0,0,0, 
2024,03,APURIMAC,04,AYMARAES,03,CARAYBAMBA,17866,09,09,1,2,030454006,36.69573,1,,1,1,5,1,HABA,2942,1,0,050,0,1,0,1,1,0,0, 
2024,03,APURIMAC,03,ANTABAMBA,07,SABAINO,17873,04,04,1,2,030331003,51.61037,1,,1,1,3,1,HABA,2942,1,0,100,0,0,0,0,1,0,0, 
2024,03,APURIMAC,03,ANTABAMBA,07,SABAINO,17874,02,02,1,2,030332003,9.408436,1,,1,1,3,1,PAPA BLANCA,2612,1,0,040,0,0,1,0,0,0,0, 
2024,03,APURIMAC,03,ANTABAMBA,07,SABAINO,17874,09,09,1,2,030332003,5.53056,1,,1,1,5,1,HABA,2942,1,0,015,0,0,1,0,0,0,0, 
2024,03,APURIMAC,03,ANTABAMBA,07,SABAINO,17874,09,09,1,2,030332003,5.53056,1,,1,1,5,2,MAIZ AMILACEO,2108,1,0,015,0,0,1,0,0,0,0, 
2024,03,APURIMAC,03,ANTABAMBA,05,OROPESA,17880,01,01,1,2,030342003,10.97249,1,,1,1,3,1,TRIGO,2113,1,0,100,0,1,0,0,1,0,0, 
2024,03,APURIMAC,03,ANTABAMBA,05,OROPESA,17880,02,02,1,2,030342003,1.360701,1,,1,1,4,1,MAIZ AMILACEO,2108,1,0,150,1,0,0,0,0,0,0, 
2024,03,APURIMAC,03,ANTABAMBA,04,JUAN ESPINOZA MEDRANO,17882,02,02,1,2,030343003,55.25384,1,,1,1,4,1,MAIZ AMILACEO,2108,1,0,050,0,0,0,0,1,1,0, 
2024,03,APURIMAC,03,ANTABAMBA,04,JUAN ESPINOZA MEDRANO,17882,03,03,1,2,030343003,9.707667,1,,1,1,2,1,PAPA NATIVA,2615,1,0,060,0,0,0,0,1,0,0, 
2024,03,APURIMAC,03,ANTABAMBA,04,JUAN ESPINOZA MEDRANO,17883,03,03,1,2,030341004,.0028935,1,,1,1,1,1,TARHUI,2947,1,0,020,0,0,0,1,0,0,0, 
2024,03,APURIMAC,03,ANTABAMBA,04,JUAN ESPINOZA MEDRANO,17885,01,01,1,2,030333003,85.8253,1,,1,1,2,1,HABA,2942,1,0,045,0,0,0,1,0,0,0, 
2024,03,APURIMAC,03,ANTABAMBA,04,JUAN ESPINOZA MEDRANO,17886,02,02,1,2,030351003,3.940096,1,,1,1,2,1,PAPA NATIVA,2615,1,0,170,0,0,0,1,1,0,0, 
2024,03,APURIMAC,03,ANTABAMBA,04,JUAN ESPINOZA MEDRANO,17887,03,03,1,2,030341003,138.6391,1,,1,1,3,1,PAPA NATIVA,2615,1,0,060,0,0,0,1,1,0,0, 
2024,03,APURIMAC,03,ANTABAMBA,04,JUAN ESPINOZA MEDRANO,17887,05,05,1,2,030341003,321.5378,1,,1,1,2,1,PAPA BLANCA,2612,1,0,115,0,0,0,1,1,0,0, 
2024,03,APURIMAC,03,ANTABAMBA,03,HUAQUIRCA,17888,02,02,1,2,030331002,9.260068,1,,1,1,2,1,OLLUCO,2609,1,0,030,0,0,1,0,0,0,0, 
2024,03,APURIMAC,02,ANDAHUAYLAS,20,JOSÉ MARÍA ARGUEDAS,17903,03,03,1,2,030241003,184.7848,1,,1,0,1,1,TARHUI,2947,1,0,434,0,0,1,1,1,0,0, 
2024,03,APURIMAC,02,ANDAHUAYLAS,20,JOSÉ MARÍA ARGUEDAS,17903,06,06,1,2,030241003,4.26104,1,,1,1,14,1,TARHUI,2947,1,0,500,0,1,0,1,0,0,0, 
2024,03,APURIMAC,02,ANDAHUAYLAS,19,KAQUIABAMBA,17907,02,02,1,2,030231003,59.03288,1,,1,1,3,1,MAIZ AMILACEO,2108,1,0,320,0,0,1,0,0,0,0, 
2024,03,APURIMAC,02,ANDAHUAYLAS,18,TURPO,17911,06,06,1,2,030241003,79.09286,1,,1,1,2,1,HABA,2942,1,0,150,0,0,0,1,1,0,0, 
2024,03,APURIMAC,02,ANDAHUAYLAS,18,TURPO,17914,02,02,1,2,030231003,4.492874,1,,1,1,9,1,MAIZ AMILACEO,2108,1,0,065,0,0,1,1,0,0,0, 
2024,03,APURIMAC,02,ANDAHUAYLAS,18,TURPO,17916,02,02,1,2,030241003,46.11314,1,,1,1,5,1,MAIZ AMILACEO,2108,1,0,300,0,0,0,0,1,0,1, 
2024,03,APURIMAC,02,ANDAHUAYLAS,18,TURPO,17916,06,06,1,2,030241003,.1959817,1,,1,1,5,1,HABA,2942,1,0,500,0,0,1,0,0,0,0, 
2024,03,APURIMAC,02,ANDAHUAYLAS,15,SANTA MARIA DE CHICMO,17927,02,02,1,2,030233003,12.8953,1,,1,1,5,1,ALFALFA,1401,3,0,035,0,0,0,0,0,1,0, 
2024,03,APURIMAC,02,ANDAHUAYLAS,15,SANTA MARIA DE CHICMO,17930,07,07,1,2,030231003,46.40719,1,,1,1,4,1,CEBADA GRANO,2104,1,0,380,0,0,0,1,1,0,0, 
2024,03,APURIMAC,02,ANDAHUAYLAS,15,SANTA MARIA DE CHICMO,17932,02,02,1,2,030231002,33.91413,1,,1,0,1,1,MAIZ AMILACEO,2108,1,0,017,0,0,1,0,0,0,0, 
2024,03,APURIMAC,02,ANDAHUAYLAS,15,SANTA MARIA DE CHICMO,17933,01,01,1,2,030241003,56.86106,1,,1,1,1,1,PAPA BLANCA,2612,1,1,178,0,0,1,1,0,1,0, 
2024,03,APURIMAC,02,ANDAHUAYLAS,15,SANTA MARIA DE CHICMO,17937,01,01,1,2,030241001,46.97231,1,,1,1,4,1,TARHUI,2947,1,0,300,0,0,1,0,0,1,0, 
2024,03,APURIMAC,02,ANDAHUAYLAS,15,SANTA MARIA DE CHICMO,17937,01,01,1,2,030241001,46.97231,1,,1,1,5,1,TARHUI,2947,1,0,250,0,0,1,0,0,1,0, 
2024,03,APURIMAC,02,ANDAHUAYLAS,15,SANTA MARIA DE CHICMO,17938,05,05,1,2,030241003,158.9847,1,,1,0,1,1,TARHUI,2947,1,0,330,0,0,0,1,0,0,0, 
2024,03,APURIMAC,02,ANDAHUAYLAS,14,SAN MIGUEL DE CHACCRAMPA,17941,02,02,1,2,030231003,234.9185,1,,1,1,4,1,PAPA NATIVA,2615,1,0,070,0,0,1,1,1,0,0, 
2024,03,APURIMAC,02,ANDAHUAYLAS,13,SAN JERONIMO,17943,04,04,1,2,030241003,.5342725,1,,1,0,6,1,PAPA HUAYRO,2614,1,0,500,0,1,1,0,0,0,0, 
2024,03,APURIMAC,02,ANDAHUAYLAS,13,SAN JERONIMO,17948,06,06,1,2,030241003,.650014,1,,1,1,2,1,HABA,2942,1,0,070,0,0,0,1,0,0,0, 
2024,03,APURIMAC,02,ANDAHUAYLAS,13,SAN JERONIMO,17954,02,02,1,2,030241002,130.0892,1,,1,1,5,1,PAPA BLANCA,2612,1,0,300,0,1,1,0,0,0,0, 
2024,03,APURIMAC,02,ANDAHUAYLAS,13,SAN JERONIMO,17954,04,04,1,2,030241002,45.86573,1,,1,1,3,1,PAPA NATIVA,2615,1,0,075,0,0,0,1,1,0,0, 
2024,03,APURIMAC,02,ANDAHUAYLAS,13,SAN JERONIMO,17954,04,04,1,2,030241002,45.86573,1,,1,1,2,1,MAIZ AMILACEO,2108,1,0,250,0,0,0,1,1,0,0, 
2024,03,APURIMAC,02,ANDAHUAYLAS,13,SAN JERONIMO,17954,04,04,1,2,030241002,45.86573,1,,1,1,1,1,HABA,2942,1,0,070,0,0,0,1,1,0,0, 
2024,03,APURIMAC,02,ANDAHUAYLAS,13,SAN JERONIMO,17954,04,04,1,2,030241002,45.86573,1,,1,1,4,1,MAIZ AMILACEO,2108,1,0,100,0,0,0,1,1,0,0, 
2024,03,APURIMAC,02,ANDAHUAYLAS,13,SAN JERONIMO,17954,04,04,1,2,030241002,45.86573,1,,1,1,3,2,PAPA BLANCA,2612,1,0,075,0,0,0,1,1,0,0, 
2024,03,APURIMAC,02,ANDAHUAYLAS,13,SAN JERONIMO,17954,05,05,1,2,030241002,29.61193,1,,1,1,3,1,PAPA HUAYRO,2614,1,0,100,0,0,0,0,1,0,0, 
2024,03,APURIMAC,02,ANDAHUAYLAS,13,SAN JERONIMO,17954,05,05,1,2,030241002,29.61193,1,,1,1,4,1,PAPA AMARILLA,2611,1,0,100,0,0,0,1,1,0,0, 
2024,03,APURIMAC,02,ANDAHUAYLAS,13,SAN JERONIMO,17958,07,07,1,2,030241003,.1750716,1,,1,1,1,1,HABA,2942,1,0,070,0,0,0,0,0,1,0, 
2024,03,APURIMAC,02,ANDAHUAYLAS,11,POMACOCHA,17962,03,03,1,2,030232003,33.42374,1,,1,1,6,1,MAIZ AMILACEO,2108,1,0,100,0,0,0,0,1,0,1, 
2024,03,APURIMAC,02,ANDAHUAYLAS,11,POMACOCHA,17963,01,01,1,2,030243004,1.375402,1,,1,1,8,1,PAPA NATIVA,2615,1,0,100,0,0,0,1,1,0,0, 
2024,03,APURIMAC,02,ANDAHUAYLAS,11,POMACOCHA,17963,02,02,1,2,030243004,5.724761,1,,1,1,4,1,PAPA NATIVA,2615,1,0,050,0,0,1,1,1,0,0, 
2024,03,APURIMAC,02,ANDAHUAYLAS,11,POMACOCHA,17963,02,02,1,2,030243004,5.724761,1,,1,1,2,1,PAPA NATIVA,2615,1,0,050,0,0,1,1,0,0,0, 
2024,03,APURIMAC,02,ANDAHUAYLAS,11,POMACOCHA,17964,05,05,1,2,030231003,12.38868,1,,1,0,7,1,MAIZ AMILACEO,2108,1,0,030,0,0,1,0,0,0,0, 
2024,03,APURIMAC,02,ANDAHUAYLAS,11,POMACOCHA,17965,06,06,1,2,030242003,69.74394,1,,1,1,1,1,HABA,2942,1,0,020,0,0,0,1,0,0,0, 
2024,03,APURIMAC,02,ANDAHUAYLAS,10,PAMPACHIRI,17966,01,01,1,2,030231003,8.366126,1,,1,1,2,1,PAPA NATIVA,2615,1,0,200,0,0,1,1,1,0,0, 
2024,03,APURIMAC,02,ANDAHUAYLAS,10,PAMPACHIRI,17966,04,04,1,2,030231003,4.602567,1,,1,1,4,1,HABA,2942,1,0,200,0,0,0,1,1,0,0, 
2024,03,APURIMAC,02,ANDAHUAYLAS,10,PAMPACHIRI,17967,01,01,1,2,030244006,46.96886,1,,1,1,9,1,CEBADA GRANO,2104,1,0,100,0,0,1,1,0,0,0, 
2024,03,APURIMAC,02,ANDAHUAYLAS,08,PACOBAMBA,17979,05,05,1,2,030231003,33.38325,1,,1,1,3,1,MAIZ AMILACEO,2108,1,0,520,0,0,1,0,0,0,0, 
2024,03,APURIMAC,02,ANDAHUAYLAS,07,KISHUARA,17989,07,07,1,2,030241003,18.86713,1,,1,1,1,1,PAPA HUAYRO,2614,1,0,030,0,0,1,1,0,0,0, 
2024,03,APURIMAC,02,ANDAHUAYLAS,07,KISHUARA,17989,09,09,1,2,030241003,8.855219,1,,1,1,1,1,PAPA HUAYRO,2614,1,0,100,0,0,1,1,1,0,0, 
2024,03,APURIMAC,02,ANDAHUAYLAS,07,KISHUARA,17995,01,01,1,2,030231003,30.72646,1,,1,1,1,1,MAIZ AMILACEO,2108,1,0,381,0,0,0,0,0,0,1, 
2024,03,APURIMAC,02,ANDAHUAYLAS,06,HUAYANA,17997,03,03,1,2,030242003,271.1439,1,,1,1,7,1,QUINUA,2111,1,0,020,0,0,0,0,1,0,0, 
2024,03,APURIMAC,02,ANDAHUAYLAS,06,HUAYANA,17997,04,04,1,2,030242003,134.3064,1,,1,1,2,1,HABA,2942,1,0,070,0,0,1,0,1,0,0, 
2024,03,APURIMAC,02,ANDAHUAYLAS,05,HUANCARAY,18001,02,02,1,2,030231003,194.2561,1,,1,1,3,1,MAIZ AMILACEO,2108,1,0,200,0,0,1,0,1,1,0, 
2024,03,APURIMAC,02,ANDAHUAYLAS,05,HUANCARAY,18003,02,02,1,2,030231003,184.6412,1,,1,1,7,1,MAIZ AMILACEO,2108,1,0,100,0,0,1,0,0,1,0, 
2024,03,APURIMAC,02,ANDAHUAYLAS,05,HUANCARAY,18005,01,01,1,2,030231002,345.5092,1,,1,1,3,1,PAPA AMARILLA,2611,1,0,200,0,0,1,0,1,0,0, 
2024,03,APURIMAC,02,ANDAHUAYLAS,04,HUANCARAMA,18007,03,03,1,2,030231003,69.37292,1,,1,1,4,1,ARVEJA,2901,1,0,250,0,0,1,0,1,0,0, 
2024,03,APURIMAC,02,ANDAHUAYLAS,02,ANDARAPA,18013,04,04,1,2,030231003,94.97214,1,,1,1,4,1,PALTO,1162,2,0,040,0,0,1,0,0,0,0, 
2024,03,APURIMAC,02,ANDAHUAYLAS,02,ANDARAPA,18014,02,02,1,2,030231003,36.52274,1,,1,1,2,1,PAPA BLANCA,2612,1,0,200,0,0,1,0,0,1,0, 
2024,03,APURIMAC,02,ANDAHUAYLAS,02,ANDARAPA,18014,04,04,1,2,030231003,35.05066,1,,1,1,4,1,FRIJOL CANARIO,2910,1,0,200,0,0,1,0,0,1,0, 
2024,03,APURIMAC,02,ANDAHUAYLAS,02,ANDARAPA,18014,04,04,1,2,030231003,35.05066,1,,1,1,6,1,MAIZ AMILACEO,2108,1,0,100,0,0,1,0,0,0,0, 
2024,03,APURIMAC,02,ANDAHUAYLAS,02,ANDARAPA,18014,06,06,1,2,030231003,20.12142,1,,1,1,3,1,MAIZ AMILACEO,2108,1,0,100,0,0,0,0,0,1,0, 
2024,03,APURIMAC,02,ANDAHUAYLAS,02,ANDARAPA,18015,03,03,1,2,030231003,26.76647,1,,1,0,2,1,MAIZ AMILACEO,2108,1,0,100,0,0,1,0,1,0,1, 
2024,03,APURIMAC,02,ANDAHUAYLAS,01,ANDAHUAYLAS,18020,01,01,1,2,030241003,12.25561,1,,1,1,2,1,QUINUA,2111,1,3,000,0,0,1,0,1,0,0, 
2024,03,APURIMAC,02,ANDAHUAYLAS,01,ANDAHUAYLAS,18020,04,04,1,2,030241003,19.5708,1,,1,1,4,1,HABA,2942,1,0,400,0,0,1,1,1,0,0, 
2024,03,APURIMAC,02,ANDAHUAYLAS,01,ANDAHUAYLAS,18024,01,01,1,2,030231003,95.7528,1,,1,1,2,1,QUINUA,2111,1,1,980,0,1,0,0,1,0,0, 
2024,03,APURIMAC,02,ANDAHUAYLAS,01,ANDAHUAYLAS,18024,03,03,1,2,030231003,36.34819,1,,1,1,3,1,AVENA GRANO,2102,1,2,000,0,0,0,0,0,0,1, 
2024,03,APURIMAC,02,ANDAHUAYLAS,01,ANDAHUAYLAS,18025,07,07,1,2,030241003,45.68944,1,,1,1,3,1,TARHUI,2947,1,0,120,0,1,0,0,0,0,0, 
2024,03,APURIMAC,02,ANDAHUAYLAS,01,ANDAHUAYLAS,18027,03,03,1,2,030241003,133.4224,1,,1,1,4,1,TARHUI,2947,1,0,200,0,0,0,1,1,1,0, 
2024,03,APURIMAC,02,ANDAHUAYLAS,01,ANDAHUAYLAS,18027,04,04,1,2,030241003,74.48999,1,,1,1,4,1,HABA,2942,1,0,200,0,0,1,1,1,0,0, 
2024,03,APURIMAC,01,ABANCAY,07,PICHIRHUA,18030,03,03,1,2,030131003,105.269,1,,1,0,2,1,MAIZ AMILACEO,2108,1,0,084,0,0,1,0,0,1,0, 
2024,03,APURIMAC,01,ABANCAY,06,LAMBRAMA,18040,03,03,1,2,030132003,48.67816,1,,1,1,2,1,TRIGO,2113,1,0,070,0,0,1,0,0,1,0, 
2024,03,APURIMAC,01,ABANCAY,06,LAMBRAMA,18042,01,01,1,2,030131001,23.86025,1,,1,1,12,1,HABA,2942,1,0,020,0,0,1,0,0,0,0, 
2024,03,APURIMAC,01,ABANCAY,06,LAMBRAMA,18042,02,02,1,2,030131001,8.474649,1,,1,1,7,1,PAPA NATIVA,2615,1,0,030,0,0,1,0,0,1,0, 
2024,03,APURIMAC,01,ABANCAY,06,LAMBRAMA,18042,02,02,1,2,030131001,8.474649,1,,1,1,6,1,PAPA NATIVA,2615,1,0,030,0,0,1,0,0,1,0, 
2024,03,APURIMAC,01,ABANCAY,05,HUANIPACA,18047,02,02,1,2,030131003,191.1683,1,,1,1,2,1,ARVEJA,2901,1,0,070,0,0,1,0,0,0,0, 
2024,03,APURIMAC,01,ABANCAY,05,HUANIPACA,18053,01,01,1,2,030131003,181.6262,1,,1,1,1,1,ARVEJA,2901,1,0,400,0,0,0,0,0,0,1, 
2024,03,APURIMAC,01,ABANCAY,04,CURAHUASI,18055,08,08,1,2,030131003,2.770275,1,,1,1,2,1,MAIZ CHOCLO,2109,1,0,400,0,0,1,0,0,0,0, 
2024,03,APURIMAC,01,ABANCAY,04,CURAHUASI,18063,03,03,1,2,030142004,7.635341,1,,1,1,3,1,PAPA BLANCA,2612,1,0,020,0,0,1,0,0,0,0, 
2024,03,APURIMAC,01,ABANCAY,04,CURAHUASI,18064,10,10,1,2,030141003,9.788364,1,,1,1,2,1,ARVEJA,2901,1,0,600,0,0,1,0,0,0,1, 
2024,03,APURIMAC,01,ABANCAY,04,CURAHUASI,18064,10,10,1,2,030141003,9.788364,1,,1,1,3,1,ARVEJA,2901,1,0,150,0,0,1,0,0,0,1, 
2024,03,APURIMAC,01,ABANCAY,03,CIRCA,18068,17,17,1,2,030131003,5.568066,1,,1,1,1,1,MELOCOTONERO,1152,2,0,090,0,0,1,0,0,0,0, 
2024,03,APURIMAC,01,ABANCAY,03,CIRCA,18069,04,04,1,2,030132004,90.99817,1,,1,0,1,1,MAIZ AMILACEO,2108,1,0,228,0,0,1,0,0,0,0, 
2024,03,APURIMAC,01,ABANCAY,01,ABANCAY,18073,01,01,1,2,030131003,179.8563,1,,1,1,1,1,MAIZ AMILACEO,2108,1,0,200,0,0,1,0,1,0,0, 
2024,03,APURIMAC,01,ABANCAY,01,ABANCAY,18073,03,03,1,2,030131003,75.86455,1,,1,1,1,1,MAIZ AMILACEO,2108,1,0,300,0,0,0,0,0,1,0, 
2024,03,APURIMAC,01,ABANCAY,01,ABANCAY,18076,01,01,1,2,030132003,516.6232,1,,1,1,1,1,MAIZ AMILACEO,2108,1,0,040,0,0,1,0,0,0,0, 
2024,03,APURIMAC,01,ABANCAY,01,ABANCAY,18078,01,01,1,2,030141003,78.06151,1,,1,1,4,1,MAIZ AMILACEO,2108,1,0,100,0,0,0,1,1,0,0, 
2024,03,APURIMAC,01,ABANCAY,01,ABANCAY,18079,03,03,1,2,030131004,5.063292,1,,1,1,2,1,TARA,1225,2,1,000,0,0,0,0,0,0,1, 
2024,03,APURIMAC,01,ABANCAY,01,ABANCAY,18083,01,01,1,2,030132003,10.82387,1,,1,1,1,1,ARVEJA,2901,1,0,025,0,0,0,0,0,0,1, 
2024,03,APURIMAC,01,ABANCAY,01,ABANCAY,18084,01,01,1,2,030133004,7.786532,1,,1,1,1,1,PAPA BLANCA,2612,1,0,100,0,0,1,0,0,0,0, 
2024,03,APURIMAC,01,ABANCAY,01,ABANCAY,18084,01,01,1,2,030133004,7.786532,1,,1,1,2,1,PAPA BLANCA,2612,1,0,100,0,0,1,0,0,0,0, 
2024,02,ANCASH,20,YUNGAY,08,YANAMA,18086,01,01,1,2,022032002,72.93893,1,,1,1,6,1,PAPA BLANCA,2612,1,0,050,0,0,0,1,0,0,0, 
2024,02,ANCASH,20,YUNGAY,08,YANAMA,18089,01,01,1,2,022032003,161.8387,1,,1,1,5,1,MAIZ CHOCLO,2109,1,0,200,0,0,1,1,0,0,0, 
2024,02,ANCASH,20,YUNGAY,08,YANAMA,18089,01,01,1,2,022032003,161.8387,1,,1,1,1,1,ARVEJA,2901,1,0,050,0,0,1,0,0,0,0, 
2024,02,ANCASH,20,YUNGAY,08,YANAMA,18090,01,01,1,2,022042003,28.64502,1,,1,1,3,1,TARHUI,2947,1,0,200,0,0,0,1,0,0,0, 
2024,02,ANCASH,20,YUNGAY,08,YANAMA,18093,04,04,1,2,022043003,14.15304,1,,1,1,3,1,OCA,2608,1,0,150,0,0,1,0,0,0,0, 
2024,02,ANCASH,20,YUNGAY,07,SHUPLUY,18097,02,02,1,2,022041002,.1611876,1,,1,1,3,1,TARHUI,2947,1,700,000,0,0,1,0,0,0,0, 
2024,02,ANCASH,20,YUNGAY,07,SHUPLUY,18097,03,03,1,2,022041002,.8984045,1,,1,1,5,1,TARHUI,2947,1,0,250,0,0,1,0,0,0,0, 
2024,02,ANCASH,20,YUNGAY,05,QUILLO,18108,09,09,1,1,022022003,.9418967,1,,1,1,2,1,ALFALFA,1401,3,0,100,0,0,0,0,0,1,0, 
2024,02,ANCASH,20,YUNGAY,05,QUILLO,18109,05,05,1,2,022031004,47.76416,1,,1,1,4,1,ARVEJA,2901,1,0,050,0,0,0,1,0,0,0, 
2024,02,ANCASH,20,YUNGAY,03,MANCOS,18119,02,02,1,2,022031002,82.64155,1,,1,1,1,1,MAIZ CHOCLO,2109,1,100,000,0,0,1,0,0,0,0, 
2024,02,ANCASH,20,YUNGAY,01,YUNGAY,18132,01,01,1,2,022031004,18.18619,1,,1,1,1,1,TRIGO,2113,1,3600,000,0,0,0,0,0,1,0, 
2024,02,ANCASH,20,YUNGAY,01,YUNGAY,18132,01,01,1,2,022031004,18.18619,1,,1,1,2,1,KIWICHA,2106,1,1500,000,0,0,0,0,0,1,0, 
2024,02,ANCASH,20,YUNGAY,01,YUNGAY,18132,07,07,1,2,022031004,143.0878,1,,1,1,5,1,APIO,2306,1,200,000,0,0,1,0,0,1,0, 
2024,02,ANCASH,20,YUNGAY,01,YUNGAY,18132,07,07,1,2,022031004,143.0878,1,,1,1,3,1,CAIGUA,2313,1,100,000,0,0,0,0,0,1,0, 
2024,02,ANCASH,20,YUNGAY,01,YUNGAY,18132,07,07,1,2,022031004,143.0878,1,,1,1,4,1,CAIGUA,2313,1,200,000,0,0,1,0,0,1,0, 
2024,02,ANCASH,20,YUNGAY,01,YUNGAY,18135,01,01,1,2,022031002,193.7076,1,,1,1,1,1,MELOCOTONERO,1152,2,0,240,0,0,1,0,0,0,0, 
2024,02,ANCASH,19,SIHUAS,10,SICSIBAMBA,18139,01,01,1,2,021931004,71.15217,1,,1,1,3,1,CEBADA GRANO,2104,1,0,060,0,0,1,1,0,0,0, 
2024,02,ANCASH,19,SIHUAS,08,RAGASH,18151,03,03,1,2,021931002,.5142364,1,,1,1,3,1,PAPA BLANCA,2612,1,0,200,0,0,1,0,0,0,0, 
2024,02,ANCASH,19,SIHUAS,08,RAGASH,18151,04,04,1,2,021931002,.2569801,1,,1,1,5,1,PAPA NATIVA,2615,1,0,100,0,0,1,0,1,0,0, 
2024,02,ANCASH,19,SIHUAS,08,RAGASH,18152,02,02,1,2,021931003,40.72,1,,1,1,1,1,PAPA BLANCA,2612,1,0,050,0,0,1,0,0,0,0, 
2024,02,ANCASH,19,SIHUAS,03,ALFONSO UGARTE,18168,02,02,1,2,021941004,8.106542,1,,1,1,1,1,PAPA BLANCA,2612,1,0,101,0,0,1,0,0,0,0, 
2024,02,ANCASH,19,SIHUAS,02,ACOBAMBA,18174,07,07,1,2,021931003,26.39874,1,,1,1,6,1,MAIZ AMILACEO,2108,1,0,500,0,0,0,0,0,1,0, 
2024,02,ANCASH,18,SANTA,07,SAMANCO,18186,01,01,1,1,021811004,59.95045,1,,1,0,2,1,ESPARRAGO,1211,2,1,500,0,1,0,0,0,0,0, 
2024,02,ANCASH,18,SANTA,07,SAMANCO,18186,02,02,1,1,021811004,12.55103,1,,1,1,4,1,CAÑA DE AZUCAR PARA AZUCAR,2808,1,3,000,1,1,0,0,0,0,0, 
2024,02,ANCASH,18,SANTA,07,SAMANCO,18188,01,01,1,1,021811004,189.4068,1,,1,0,1,1,FRIJOL CABALLERO,2908,1,3,500,0,1,0,0,0,0,0, 
2024,02,ANCASH,18,SANTA,05,MORO,18193,01,01,1,1,021821004,8.947599,1,,1,1,2,1,MANGO,1147,2,1,000,0,0,0,0,0,0,1, 
2024,02,ANCASH,18,SANTA,05,MORO,18193,01,01,1,1,021821004,8.947599,1,,1,1,3,1,MANGO,1147,2,0,750,0,0,0,0,0,0,1, 
2024,02,ANCASH,18,SANTA,05,MORO,18194,01,01,1,1,021812003,.4252156,1,,1,0,1,1,MANGO,1147,2,1,200,0,0,0,0,0,1,0, 
2024,02,ANCASH,18,SANTA,05,MORO,18194,01,01,1,1,021812003,.4252156,1,,1,0,2,1,MANGO,1147,2,2,200,0,0,0,0,0,1,0, 
2024,02,ANCASH,18,SANTA,05,MORO,18194,02,02,1,1,021812003,.3037195,1,,1,1,1,1,MANGO,1147,2,1,000,0,0,0,0,0,1,0, 
2024,02,ANCASH,18,SANTA,05,MORO,18194,02,02,1,1,021812003,.3037195,1,,1,1,3,1,MANGO,1147,2,1,000,0,0,0,0,0,1,0, 
2024,02,ANCASH,18,SANTA,05,MORO,18194,03,03,1,1,021812003,.3506949,1,,1,1,1,1,MANGO,1147,2,0,764,0,0,0,0,0,1,0, 
2024,02,ANCASH,18,SANTA,05,MORO,18194,04,04,1,1,021812003,.2376627,1,,1,1,1,1,MANGO,1147,2,1,000,0,0,0,0,0,1,0, 
2024,02,ANCASH,18,SANTA,05,MORO,18194,05,05,1,1,021812003,.0754241,1,,1,0,2,1,MANGO,1147,2,2,400,0,0,0,0,0,1,0, 
2024,02,ANCASH,18,SANTA,05,MORO,18194,05,05,1,1,021812003,.0754241,1,,1,0,1,1,MANGO,1147,2,1,086,0,0,0,0,0,1,0, 
2024,02,ANCASH,18,SANTA,05,MORO,18194,07,07,1,1,021812003,.4687274,1,,1,0,2,1,MANGO,1147,2,0,570,0,0,0,0,0,1,0, 
2024,02,ANCASH,18,SANTA,05,MORO,18194,07,07,1,1,021812003,.4687274,1,,1,0,3,1,MANGO,1147,2,0,500,0,0,0,0,0,1,0, 
2024,02,ANCASH,18,SANTA,05,MORO,18194,07,07,1,1,021812003,.4687274,1,,1,0,3,2,PALTO,1162,2,0,100,0,0,0,0,0,1,0, 
2024,02,ANCASH,18,SANTA,05,MORO,18194,08,08,1,1,021812003,2.603672,1,,1,0,4,1,MANGO,1147,2,0,200,0,0,0,0,0,1,0, 
2024,02,ANCASH,18,SANTA,05,MORO,18196,03,03,1,1,021812002,.6712658,1,,1,0,1,1,MANGO,1147,2,0,580,0,0,0,0,0,0,1, 
2024,02,ANCASH,18,SANTA,04,MACATE,18197,01,01,1,2,021821004,.6240638,1,,1,1,1,1,PACAE,1159,2,0,027,0,0,1,0,0,0,0, 
2024,02,ANCASH,18,SANTA,04,MACATE,18197,01,01,1,2,021821004,.6240638,1,,1,1,1,2,CHIRIMOYO,1121,2,0,050,0,0,1,0,0,0,0, 
2024,02,ANCASH,18,SANTA,04,MACATE,18197,03,03,1,2,021821004,11.54563,1,,1,1,1,1,PACAE,1159,2,0,011,0,0,1,0,0,0,0, 
2024,02,ANCASH,18,SANTA,04,MACATE,18197,04,04,1,2,021821004,12.82995,1,,1,0,1,1,PACAE,1159,2,0,024,0,0,1,0,0,0,0, 
2024,02,ANCASH,18,SANTA,04,MACATE,18201,01,01,1,1,021824003,.0039937,1,,1,1,1,1,MAIZ AMARILLO DURO,2107,1,0,720,0,0,0,0,0,1,0, 
2024,02,ANCASH,18,SANTA,04,MACATE,18201,01,01,1,1,021824003,.0039937,1,,1,1,1,2,PITAHAYA,1169,2,0,450,0,0,1,0,0,0,0, 
2024,02,ANCASH,18,SANTA,04,MACATE,18207,03,03,1,1,021821003,67.18584,1,,1,1,3,1,GRANADILLA,2203,1,0,500,0,0,1,0,0,0,0, 
2024,02,ANCASH,18,SANTA,04,MACATE,18207,04,04,1,1,021821003,4.009782,1,,1,1,1,1,GUANABANO,1133,2,0,004,0,0,0,0,0,0,1, 
2024,02,ANCASH,18,SANTA,04,MACATE,18207,04,04,1,1,021821003,4.009782,1,,1,1,1,2,HIGUERA,1136,2,0,002,0,0,0,0,0,0,1, 
2024,02,ANCASH,18,SANTA,04,MACATE,18209,02,02,1,2,021832003,6.631978,1,,1,1,2,1,MELOCOTONERO,1152,2,0,008,0,0,1,0,0,0,0, 
2024,02,ANCASH,18,SANTA,02,CACERES DEL PERU,18216,02,02,1,2,021843002,2.732934,1,,1,1,1,1,PAPA BLANCA,2612,1,0,025,0,0,1,0,0,1,0, 
2024,02,ANCASH,18,SANTA,01,CHIMBOTE,18222,01,01,1,1,021811004,19.11606,1,,1,1,1,1,MANGO,1147,2,0,003,0,0,1,0,0,0,0, 
2024,02,ANCASH,18,SANTA,01,CHIMBOTE,18222,02,02,1,1,021811004,.3984289,1,,1,1,2,1,MAIZ AMARILLO DURO,2107,1,1,000,0,0,1,0,0,0,0, 
2024,02,ANCASH,18,SANTA,01,CHIMBOTE,18222,08,08,1,1,021811004,31.30817,1,,1,1,1,1,GUANABANO,1133,2,0,020,0,0,1,0,0,0,0, 
2024,02,ANCASH,18,SANTA,01,CHIMBOTE,18222,08,08,1,1,021811004,31.30817,1,,1,1,1,2,GUAYABO,1134,2,0,200,0,0,1,0,0,0,0, 
2024,02,ANCASH,18,SANTA,01,CHIMBOTE,18222,11,11,1,1,021811004,23.10613,1,,1,0,1,1,MANZANO,1149,2,0,030,0,0,1,0,0,0,0, 
2024,02,ANCASH,18,SANTA,01,CHIMBOTE,18222,11,11,1,1,021811004,23.10613,1,,1,0,1,2,LIMA,1139,2,0,010,0,0,1,0,0,0,0, 
2024,02,ANCASH,18,SANTA,01,CHIMBOTE,18224,02,02,1,1,021811004,23.38195,1,,1,1,1,1,AJI,2302,1,1,000,1,0,0,0,0,0,0, 
2024,02,ANCASH,18,SANTA,01,CHIMBOTE,18224,03,03,1,1,021811004,16.75859,1,,1,1,1,1,NISPERO,1157,2,0,001,0,0,1,0,0,0,0, 
2024,02,ANCASH,18,SANTA,01,CHIMBOTE,18224,07,07,1,1,021811004,.9830939,1,,1,1,1,1,LUCUMO,1143,3,0,005,0,0,1,0,0,0,0, 
2024,02,ANCASH,18,SANTA,01,CHIMBOTE,18224,07,07,1,1,021811004,.9830939,1,,1,1,1,2,MANGO,1147,2,0,007,0,0,1,0,0,0,0, 
2024,02,ANCASH,18,SANTA,01,CHIMBOTE,18224,07,07,1,1,021811004,.9830939,1,,1,1,1,3,MANDARINA,1146,2,0,004,0,0,1,0,0,0,0, 
2024,02,ANCASH,18,SANTA,01,CHIMBOTE,18226,01,01,1,1,021811004,3.520482,1,,1,1,1,1,MAIZ CHOCLO,2109,1,0,156,0,0,0,0,0,0,1, 
2024,02,ANCASH,18,SANTA,01,CHIMBOTE,18228,02,02,1,1,021811004,25.15224,1,,1,1,3,1,FRIJOL BAYO,2906,1,2,500,0,0,0,0,0,0,1, 
2024,02,ANCASH,18,SANTA,01,CHIMBOTE,18230,01,01,1,1,021811004,67.32765,1,,1,0,1,1,PECANO,1165,2,1,590,0,0,0,0,0,1,1, 
2024,02,ANCASH,18,SANTA,01,CHIMBOTE,18232,02,02,1,1,021821003,181.0385,1,,1,0,1,1,FRIJOL BAYO,2906,1,1,350,0,0,1,0,0,1,0, 
2024,02,ANCASH,18,SANTA,01,CHIMBOTE,18238,01,01,1,1,021824002,75.57516,1,,1,1,3,1,FRIJOL BAYO,2906,1,0,480,0,0,1,0,0,0,0, 
2024,02,ANCASH,18,SANTA,01,CHIMBOTE,18244,02,02,1,1,021811003,3.749176,1,,1,1,2,1,ZAPALLO,2345,1,1,000,0,0,1,0,0,0,0, 
2024,02,ANCASH,18,SANTA,01,CHIMBOTE,18244,05,05,1,1,021811003,25.47727,1,,1,0,1,1,CAMOTE,2603,1,2,100,0,0,1,0,0,0,0, 
2024,02,ANCASH,18,SANTA,01,CHIMBOTE,18244,07,07,1,1,021811003,33.42863,1,,1,1,5,1,ZAPALLO,2345,1,1,000,0,0,1,0,0,0,0, 
2024,02,ANCASH,17,RECUAY,10,TICAPAMPA,18253,01,01,1,2,021741003,15.1517,1,,1,1,4,1,PAPA BLANCA,2612,1,0,100,0,0,1,1,1,0,0, 
2024,02,ANCASH,17,RECUAY,10,TICAPAMPA,18253,04,04,1,2,021741003,7.342049,1,,1,1,2,1,PAPA BLANCA,2612,1,0,150,0,0,1,0,1,0,0, 
2024,02,ANCASH,17,RECUAY,10,TICAPAMPA,18253,04,04,1,2,021741003,7.342049,1,,1,1,1,1,PAPA BLANCA,2612,1,0,146,0,0,1,0,1,0,0, 
2024,02,ANCASH,17,RECUAY,10,TICAPAMPA,18253,06,06,1,2,021741003,.3834075,1,,1,1,1,1,PAPA BLANCA,2612,1,0,035,0,0,1,0,1,0,0, 
2024,02,ANCASH,17,RECUAY,10,TICAPAMPA,18255,01,01,1,2,021741003,.5114836,1,,1,1,2,1,PAPA BLANCA,2612,1,0,100,0,0,1,0,1,0,0, 
2024,02,ANCASH,17,RECUAY,09,TAPACOCHA,18259,01,01,1,2,021733003,7.451808,1,,1,1,1,1,TRIGO,2113,1,0,050,0,0,1,0,0,0,0, 
2024,02,ANCASH,17,RECUAY,09,TAPACOCHA,18259,01,01,1,2,021733003,7.451808,1,,1,1,1,2,CEBADA GRANO,2104,1,0,050,0,0,1,0,0,0,0, 
2024,02,ANCASH,17,RECUAY,09,TAPACOCHA,18259,01,01,1,2,021733003,7.451808,1,,1,1,1,3,HABA,2942,1,0,030,0,0,1,0,0,0,0, 
2024,02,ANCASH,17,RECUAY,09,TAPACOCHA,18259,01,01,1,2,021733003,7.451808,1,,1,1,1,4,OCA,2608,1,0,030,0,0,1,0,0,0,0, 
2024,02,ANCASH,17,RECUAY,07,PAMPAS CHICO,18262,03,03,1,2,021742004,58.79336,1,,1,1,1,1,TARHUI,2947,1,0,140,0,0,1,0,0,0,0, 
2024,02,ANCASH,17,RECUAY,07,PAMPAS CHICO,18263,03,03,1,2,021731004,14.46592,1,,1,0,2,1,PAPA HUAYRO,2614,1,0,150,0,0,1,0,0,0,0, 
2024,02,ANCASH,17,RECUAY,07,PAMPAS CHICO,18264,01,01,1,2,021731004,26.30615,1,,1,1,6,1,TARHUI,2947,1,0,150,0,0,1,1,0,0,0, 
2024,02,ANCASH,17,RECUAY,07,PAMPAS CHICO,18264,01,01,1,2,021731004,26.30615,1,,1,1,7,1,MAIZ AMILACEO,2108,1,0,150,0,0,1,0,0,0,0, 
2024,02,ANCASH,17,RECUAY,05,LLACLLIN,18269,03,03,1,2,021732004,12.3018,1,,1,1,2,1,TARHUI,2947,1,0,350,0,0,1,0,0,0,0, 
2024,02,ANCASH,17,RECUAY,01,RECUAY,18278,02,02,1,2,021744003,4.983187,1,,1,1,7,1,PAPA BLANCA,2612,1,0,250,0,0,1,0,0,0,0, 
2024,02,ANCASH,17,RECUAY,01,RECUAY,18278,02,02,1,2,021744003,4.983187,1,,1,1,8,1,PAPA BLANCA,2612,1,0,250,0,0,1,0,0,0,0, 
2024,02,ANCASH,17,RECUAY,01,RECUAY,18278,02,02,1,2,021744003,4.983187,1,,1,1,5,1,PAPA BLANCA,2612,1,0,500,0,0,1,0,0,0,0, 
2024,02,ANCASH,17,RECUAY,01,RECUAY,18279,01,01,1,2,021743002,4.344706,1,,1,1,5,1,PAPA HUAYRO,2614,1,0,100,0,0,1,0,0,0,0, 
2024,02,ANCASH,17,RECUAY,01,RECUAY,18279,01,01,1,2,021743002,4.344706,1,,1,1,6,1,PAPA BLANCA,2612,1,0,100,0,0,1,0,0,0,0, 
2024,02,ANCASH,17,RECUAY,01,RECUAY,18279,01,01,1,2,021743002,4.344706,1,,1,1,5,2,PAPA AMARILLA,2611,1,0,100,0,0,1,0,0,0,0, 
2024,02,ANCASH,17,RECUAY,01,RECUAY,18280,02,02,1,2,021744002,20.17115,1,,1,1,5,1,PAPA BLANCA,2612,1,2000,000,0,0,1,0,0,0,0, 
2024,02,ANCASH,17,RECUAY,01,RECUAY,18280,04,04,1,2,021744002,17.30577,1,,1,1,1,1,OCA,2608,1,600,000,0,0,1,0,0,0,0, 
2024,02,ANCASH,17,RECUAY,01,RECUAY,18280,04,04,1,2,021744002,17.30577,1,,1,1,1,2,OLLUCO,2609,1,600,000,0,0,1,0,0,0,0, 
2024,02,ANCASH,17,RECUAY,01,RECUAY,18280,08,08,1,2,021744002,20.07727,1,,1,1,2,1,PAPA BLANCA,2612,1,1500,000,0,0,1,1,0,0,0, 
2024,02,ANCASH,17,RECUAY,01,RECUAY,18280,08,08,1,2,021744002,20.07727,1,,1,1,3,1,PAPA HUAYRO,2614,1,1000,000,0,0,1,0,0,0,0, 
2024,02,ANCASH,17,RECUAY,01,RECUAY,18280,08,08,1,2,021744002,20.07727,1,,1,1,2,2,HABA,2942,1,500,000,0,0,1,1,0,0,0, 
2024,02,ANCASH,17,RECUAY,01,RECUAY,18282,01,01,1,2,021742003,17.90942,1,,1,1,2,1,PAPA BLANCA,2612,1,0,500,0,0,1,0,0,0,0, 
2024,02,ANCASH,17,RECUAY,01,RECUAY,18283,02,02,1,2,021731002,79.3476,1,,1,1,1,1,OCA,2608,1,200,000,0,0,1,0,0,0,0, 
2024,02,ANCASH,17,RECUAY,01,RECUAY,18283,02,02,1,2,021731002,79.3476,1,,1,1,1,2,MASHUA,2606,1,200,000,0,0,1,0,0,0,0, 
2024,02,ANCASH,17,RECUAY,01,RECUAY,18283,03,03,1,2,021731002,14.18579,1,,1,1,4,1,PAPA BLANCA,2612,1,500,000,0,0,1,1,0,0,0, 
2024,02,ANCASH,17,RECUAY,01,RECUAY,18283,04,04,1,2,021731002,40.485,1,,1,1,2,1,PAPA BLANCA,2612,1,250,000,0,0,1,1,0,0,0, 
2024,02,ANCASH,17,RECUAY,01,RECUAY,18283,04,04,1,2,021731002,40.485,1,,1,1,3,1,PAPA BLANCA,2612,1,500,000,0,0,1,0,0,0,0, 
2024,02,ANCASH,17,RECUAY,01,RECUAY,18283,04,04,1,2,021731002,40.485,1,,1,1,14,1,PAPA BLANCA,2612,1,300,000,0,0,1,1,0,0,0, 
2024,02,ANCASH,17,RECUAY,01,RECUAY,18283,04,04,1,2,021731002,40.485,1,,1,1,7,1,PAPA BLANCA,2612,1,250,000,0,0,1,1,0,0,0, 
2024,02,ANCASH,17,RECUAY,01,RECUAY,18283,04,04,1,2,021731002,40.485,1,,1,1,4,1,CEBADA GRANO,2104,1,3000,000,0,0,1,1,0,0,0, 
2024,02,ANCASH,17,RECUAY,01,RECUAY,18283,04,04,1,2,021731002,40.485,1,,1,1,7,2,HABA,2942,1,200,000,0,0,1,1,0,0,0, 
2024,02,ANCASH,17,RECUAY,01,RECUAY,18287,01,01,1,2,021731003,6.91313,1,,1,1,3,1,PAPA BLANCA,2612,1,0,050,0,0,1,0,1,0,0, 
2024,02,ANCASH,17,RECUAY,01,RECUAY,18287,03,03,1,2,021731003,62.75954,1,,1,1,6,1,PAPA NATIVA,2615,1,0,150,0,0,1,1,1,0,0, 
2024,02,ANCASH,17,RECUAY,01,RECUAY,18287,03,03,1,2,021731003,62.75954,1,,1,1,9,1,PAPA NATIVA,2615,1,0,100,0,0,1,1,0,0,0, 
2024,02,ANCASH,16,POMABAMBA,03,PAROBAMBA,18296,01,01,1,2,021634002,3.61791,1,,1,1,3,1,PAPA BLANCA,2612,1,1000,000,0,0,0,1,0,1,0, 
2024,02,ANCASH,16,POMABAMBA,02,HUAYLLAN,18308,03,03,1,2,021631003,16.72323,1,,1,1,1,1,TARHUI,2947,1,555,000,0,0,1,0,0,0,0, 
2024,02,ANCASH,16,POMABAMBA,01,POMABAMBA,18311,04,04,1,2,021631004,35.39584,1,,1,1,2,1,PAPA BLANCA,2612,1,0,250,0,0,1,0,0,0,0, 
2024,02,ANCASH,15,PALLASCA,11,TAUCA,18315,01,01,1,2,021532003,81.78159,1,,1,1,2,1,PAPA BLANCA,2612,1,0,080,0,0,1,0,0,0,0, 
2024,02,ANCASH,15,PALLASCA,09,PAMPAS,18325,02,02,1,2,021531004,4.013439,1,,1,1,1,1,PALTO,1162,2,0,063,0,0,1,0,0,0,0, 
2024,02,ANCASH,15,PALLASCA,08,PALLASCA,18332,06,06,1,2,021531004,3.60335,1,,1,1,1,1,TUNA FRUTA,1186,2,0,001,0,0,1,0,0,0,0, 
2024,02,ANCASH,15,PALLASCA,08,PALLASCA,18332,07,07,1,2,021531004,8.287953,1,,1,1,3,1,NUÑA,2945,1,0,200,0,0,0,0,0,1,0, 
2024,02,ANCASH,15,PALLASCA,03,CONCHUCOS,18350,01,01,1,2,021532002,147.1272,1,,1,1,1,1,PACAE,1159,2,0,025,0,0,1,0,0,0,0, 
2024,02,ANCASH,15,PALLASCA,03,CONCHUCOS,18350,01,01,1,2,021532002,147.1272,1,,1,1,1,2,CHIRIMOYO,1121,2,0,020,0,0,1,0,0,0,0, 
2024,02,ANCASH,15,PALLASCA,03,CONCHUCOS,18350,02,02,1,2,021532002,68.45612,1,,1,1,1,1,PACAE,1159,2,0,118,0,0,1,0,0,0,0, 
2024,02,ANCASH,15,PALLASCA,03,CONCHUCOS,18350,03,03,1,2,021532002,467.5681,1,,1,1,2,1,PACAE,1159,2,0,038,0,0,1,0,0,0,0, 
2024,02,ANCASH,15,PALLASCA,03,CONCHUCOS,18350,03,03,1,2,021532002,467.5681,1,,1,1,1,1,PACAE,1159,2,0,080,0,0,1,0,0,0,0, 
2024,02,ANCASH,15,PALLASCA,03,CONCHUCOS,18353,03,03,1,2,021571004,29.99071,1,,1,1,5,1,PACAE,1159,2,0,015,0,0,1,0,0,0,0, 
2024,02,ANCASH,15,PALLASCA,03,CONCHUCOS,18353,03,03,1,2,021571004,29.99071,1,,1,1,2,1,GUAYABO,1134,2,0,010,0,0,1,0,0,0,0, 
2024,02,ANCASH,15,PALLASCA,03,CONCHUCOS,18356,01,01,1,2,021573002,1.600218,1,,1,0,1,1,PACAE,1159,2,0,050,0,0,1,0,0,0,0, 
2024,02,ANCASH,15,PALLASCA,02,BOLOGNESI,18362,03,03,1,2,021531003,.0630685,1,,1,1,2,1,ARVEJA,2901,1,0,125,0,0,0,1,0,0,0, 
2024,02,ANCASH,14,OCROS,10,SANTIAGO DE CHILCAS,18369,03,03,1,2,021433004,.1723562,1,,1,1,2,1,MAIZ AMILACEO,2108,1,0,100,0,0,1,0,0,0,0, 
2024,02,ANCASH,14,OCROS,09,SAN PEDRO,18373,04,04,1,1,021411004,30.79815,1,,1,1,2,1,MARACUYA,2205,1,1600,000,0,0,1,0,0,1,0, 
2024,02,ANCASH,14,OCROS,06,CONGAS,18387,01,01,1,2,021442004,9.602747,1,,1,1,3,1,PAPA BLANCA,2612,1,0,200,0,0,1,1,0,0,0, 
2024,02,ANCASH,14,OCROS,06,CONGAS,18392,04,04,1,2,021431004,2.542744,1,,1,1,2,1,OCA,2608,1,0,050,0,0,0,1,0,0,0, 
2024,02,ANCASH,14,OCROS,06,CONGAS,18392,04,04,1,2,021431004,2.542744,1,,1,1,2,2,OLLUCO,2609,1,0,050,0,0,0,1,0,0,0, 
2024,02,ANCASH,14,OCROS,05,COCHAS,18398,08,08,1,1,021411003,26.8048,1,,1,0,2,1,FRIJOL CANARIO,2910,1,1,000,0,0,1,0,0,0,0, 
2024,02,ANCASH,14,OCROS,05,COCHAS,18398,08,08,1,1,021411003,26.8048,1,,1,0,1,1,FRIJOL CANARIO,2910,1,0,350,0,0,1,0,0,0,0, 
2024,02,ANCASH,13,MARISCAL LUZURIAGA,07,LUCMA,18411,01,01,1,2,021333003,6.670773,1,,1,1,3,1,MAIZ AMILACEO,2108,1,300,000,1,0,0,0,0,1,0, 
2024,02,ANCASH,13,MARISCAL LUZURIAGA,07,LUCMA,18411,01,01,1,2,021333003,6.670773,1,,1,1,4,1,MAIZ AMILACEO,2108,1,200,000,0,0,1,0,0,1,0, 
2024,02,ANCASH,13,MARISCAL LUZURIAGA,07,LUCMA,18411,02,02,1,2,021333003,9.671189,1,,1,1,4,1,MAIZ AMILACEO,2108,1,500,000,0,0,1,0,0,1,0, 
2024,02,ANCASH,13,MARISCAL LUZURIAGA,07,LUCMA,18413,01,01,1,2,021333004,1.200876,1,,1,1,5,1,MAIZ AMILACEO,2108,1,0,500,0,0,0,0,0,1,0, 
2024,02,ANCASH,13,MARISCAL LUZURIAGA,07,LUCMA,18413,01,01,1,2,021333004,1.200876,1,,1,1,3,1,ARVEJA,2901,1,0,500,0,0,0,0,0,1,0, 
2024,02,ANCASH,13,MARISCAL LUZURIAGA,07,LUCMA,18413,01,01,1,2,021333004,1.200876,1,,1,1,6,1,TRIGO,2113,1,1,000,0,0,0,0,0,1,0, 
2024,02,ANCASH,13,MARISCAL LUZURIAGA,07,LUCMA,18413,01,01,1,2,021333004,1.200876,1,,1,1,1,1,TRIGO,2113,1,0,944,0,0,1,0,0,1,0, 
2024,02,ANCASH,13,MARISCAL LUZURIAGA,04,FIDEL OLIVAS ESCUDERO,18428,03,03,1,2,021332004,55.79178,1,,1,1,1,1,PAPA BLANCA,2612,1,0,240,0,0,0,0,0,1,0, 
2024,02,ANCASH,13,MARISCAL LUZURIAGA,04,FIDEL OLIVAS ESCUDERO,18430,02,02,1,2,021342002,362.0338,1,,1,1,5,1,TRIGO,2113,1,1000,000,0,0,0,1,0,0,0, 
2024,02,ANCASH,13,MARISCAL LUZURIAGA,02,CASCA,18434,05,05,1,2,021331003,47.9575,1,,1,0,5,1,MAIZ AMILACEO,2108,1,0,300,0,0,0,0,0,1,0, 
2024,02,ANCASH,13,MARISCAL LUZURIAGA,02,CASCA,18435,05,05,1,2,021331004,17.03304,1,,1,1,1,1,PAPA NATIVA,2615,1,0,060,0,0,1,0,0,0,0, 
2024,02,ANCASH,13,MARISCAL LUZURIAGA,01,PISCOBAMBA,18437,03,03,1,2,021331002,5.397465,1,,1,1,4,1,MAIZ AMILACEO,2108,1,1600,000,0,0,0,0,0,1,0, 
2024,02,ANCASH,13,MARISCAL LUZURIAGA,01,PISCOBAMBA,18438,01,01,1,2,021344002,3.102248,1,,1,1,2,1,TARHUI,2947,1,1,000,0,0,1,0,0,0,0, 
2024,02,ANCASH,13,MARISCAL LUZURIAGA,01,PISCOBAMBA,18439,01,01,1,2,021332003,312.0597,1,,1,1,3,1,ARVEJA,2901,1,500,000,0,0,0,0,1,1,0, 
2024,02,ANCASH,13,MARISCAL LUZURIAGA,01,PISCOBAMBA,18439,01,01,1,2,021332003,312.0597,1,,1,1,2,1,CEBADA GRANO,2104,1,1000,000,0,0,0,0,1,1,1, 
2024,02,ANCASH,13,MARISCAL LUZURIAGA,01,PISCOBAMBA,18441,03,03,1,2,021331002,36.55056,1,,1,1,1,1,PAPA BLANCA,2612,1,0,070,0,0,0,0,0,1,0, 
2024,02,ANCASH,13,MARISCAL LUZURIAGA,01,PISCOBAMBA,18441,03,03,1,2,021331002,36.55056,1,,1,1,3,1,MAIZ AMILACEO,2108,1,0,080,0,0,1,0,0,1,0, 
2024,02,ANCASH,12,HUAYLAS,07,PUEBLO LIBRE,18450,04,04,1,2,021241002,11.54077,1,,1,1,5,1,TARHUI,2947,1,250,000,0,0,0,0,0,1,0, 
2024,02,ANCASH,12,HUAYLAS,06,PAMPAROMAS,18454,01,01,1,1,021224002,56.72631,1,,1,0,2,1,MELOCOTONERO,1152,2,0,750,0,0,1,0,0,1,0, 
2024,02,ANCASH,12,HUAYLAS,05,MATO,18464,01,01,1,2,021221003,24.41874,1,,1,1,1,1,MAIZ MORADO,2110,1,0,666,0,0,1,0,0,0,0, 
2024,02,ANCASH,12,HUAYLAS,03,HUATA,18472,03,03,1,2,021231002,326.4086,1,,1,1,7,1,PAPA BLANCA,2612,1,0,100,0,0,0,0,0,1,0, 
2024,02,ANCASH,12,HUAYLAS,01,CARAZ,18480,01,01,1,2,021231004,34.12298,1,,1,1,2,1,ARVEJA,2901,1,0,250,0,0,1,1,0,0,0, 
2024,02,ANCASH,12,HUAYLAS,01,CARAZ,18480,05,05,1,2,021231004,41.86852,1,,1,1,2,1,TRIGO,2113,1,0,250,0,0,0,0,0,1,0, 
2024,02,ANCASH,12,HUAYLAS,01,CARAZ,18480,05,05,1,2,021231004,41.86852,1,,1,1,1,1,ZAPALLO,2345,1,0,150,0,0,1,0,0,0,0, 
2024,02,ANCASH,12,HUAYLAS,01,CARAZ,18480,06,06,1,2,021231004,40.8886,1,,1,1,3,1,TRIGO,2113,1,0,500,0,0,0,0,0,1,0, 
2024,02,ANCASH,12,HUAYLAS,01,CARAZ,18480,07,07,1,2,021231004,44.76781,1,,1,1,1,1,CEBADA GRANO,2104,1,0,079,0,0,1,0,0,1,0, 
2024,02,ANCASH,11,HUARMEY,04,HUAYAN,18497,02,02,1,2,021131004,1.698231,1,,1,1,2,1,MAIZ CHOCLO,2109,1,0,125,0,0,1,0,0,0,0, 
2024,02,ANCASH,11,HUARMEY,04,HUAYAN,18497,02,02,1,2,021131004,1.698231,1,,1,1,4,1,MAIZ CHOCLO,2109,1,1,000,0,0,1,0,0,0,0, 
2024,02,ANCASH,11,HUARMEY,02,COCHAPETI,18504,07,07,1,2,021132002,.6100429,1,,1,1,5,1,TRIGO,2113,1,1,000,0,0,1,0,0,0,0, 
2024,02,ANCASH,11,HUARMEY,02,COCHAPETI,18505,06,06,1,2,021141003,.1794217,1,,1,1,4,1,ARVEJA,2901,1,0,060,0,0,1,0,0,0,0, 
2024,02,ANCASH,11,HUARMEY,02,COCHAPETI,18505,06,06,1,2,021141003,.1794217,1,,1,1,4,2,HABA,2942,1,0,065,0,0,1,0,0,0,0, 
2024,02,ANCASH,11,HUARMEY,02,COCHAPETI,18505,08,08,1,2,021141003,2.241312,1,,1,1,2,1,TRIGO,2113,1,0,030,0,0,0,1,0,0,0, 
2024,02,ANCASH,10,HUARI,15,SAN PEDRO DE CHANA,18515,03,03,1,2,021041004,.6795388,1,,1,1,5,1,PAPA BLANCA,2612,1,3000,000,0,0,1,1,1,1,0, 
2024,02,ANCASH,10,HUARI,15,SAN PEDRO DE CHANA,18516,01,01,1,2,021043003,4.0495,1,,1,1,1,1,PAPA BLANCA,2612,1,850,000,0,0,1,1,0,1,0, 
2024,02,ANCASH,10,HUARI,15,SAN PEDRO DE CHANA,18517,01,01,1,2,021053004,6.360003,1,,1,1,2,1,OCA,2608,1,0,050,0,0,0,1,1,1,0, 
2024,02,ANCASH,10,HUARI,15,SAN PEDRO DE CHANA,18517,02,02,1,2,021053004,14.44917,1,,1,1,2,1,PAPA BLANCA,2612,1,0,100,0,0,1,1,1,0,0, 
2024,02,ANCASH,10,HUARI,14,SAN MARCOS,18518,01,01,1,2,021041002,166.9355,1,,1,1,7,1,PAPA BLANCA,2612,1,0,100,0,0,1,0,0,0,0, 
2024,02,ANCASH,10,HUARI,14,SAN MARCOS,18522,02,02,1,2,021051002,4.265733,1,,1,1,9,1,CEBADA GRANO,2104,1,1500,000,0,0,1,1,0,0,0, 
2024,02,ANCASH,10,HUARI,14,SAN MARCOS,18522,02,02,1,2,021051002,4.265733,1,,1,1,8,1,PAPA BLANCA,2612,1,1000,800,0,0,1,1,0,0,0, 
2024,02,ANCASH,10,HUARI,14,SAN MARCOS,18523,05,05,1,2,021042002,221.9451,1,,1,1,3,1,PAPA BLANCA,2612,1,0,120,0,0,0,0,1,0,0, 
2024,02,ANCASH,10,HUARI,14,SAN MARCOS,18523,05,05,1,2,021042002,221.9451,1,,1,1,3,2,OLLUCO,2609,1,0,080,0,0,0,0,1,0,0, 
2024,02,ANCASH,10,HUARI,14,SAN MARCOS,18523,06,06,1,2,021042002,97.19498,1,,1,1,1,1,PAPA BLANCA,2612,1,0,040,0,0,0,0,1,0,0, 
2024,02,ANCASH,10,HUARI,14,SAN MARCOS,18523,06,06,1,2,021042002,97.19498,1,,1,1,4,1,PAPA BLANCA,2612,1,0,100,0,0,0,1,0,0,0, 
2024,02,ANCASH,10,HUARI,14,SAN MARCOS,18523,07,07,1,2,021042002,64.35612,1,,1,1,5,1,PAPA BLANCA,2612,1,0,050,0,0,0,0,1,0,0, 
2024,02,ANCASH,10,HUARI,14,SAN MARCOS,18523,07,07,1,2,021042002,64.35612,1,,1,1,3,1,PAPA BLANCA,2612,1,0,150,0,0,0,0,1,0,0, 
2024,02,ANCASH,10,HUARI,14,SAN MARCOS,18525,01,01,1,2,021051004,7.12967,1,,1,1,1,1,CEBADA GRANO,2104,1,0,016,0,0,0,1,0,0,0, 
2024,02,ANCASH,10,HUARI,14,SAN MARCOS,18525,01,01,1,2,021051004,7.12967,1,,1,1,4,1,CEBADA GRANO,2104,1,0,100,0,0,0,1,1,0,0, 
2024,02,ANCASH,10,HUARI,14,SAN MARCOS,18525,01,01,1,2,021051004,7.12967,1,,1,1,2,1,PAPA BLANCA,2612,1,0,300,0,0,0,1,1,0,0, 
2024,02,ANCASH,10,HUARI,14,SAN MARCOS,18525,01,01,1,2,021051004,7.12967,1,,1,1,1,2,COL,2319,1,0,010,0,0,0,1,0,0,0, 
2024,02,ANCASH,10,HUARI,14,SAN MARCOS,18525,01,01,1,2,021051004,7.12967,1,,1,1,1,3,CEBOLLA,2315,1,0,010,0,0,0,0,1,0,0, 
2024,02,ANCASH,10,HUARI,14,SAN MARCOS,18527,01,01,1,2,021053003,26.03227,1,,1,1,2,1,PAPA HUAYRO,2614,1,0,200,0,0,0,0,1,0,0, 
2024,02,ANCASH,10,HUARI,14,SAN MARCOS,18527,01,01,1,2,021053003,26.03227,1,,1,1,3,1,PAPA BLANCA,2612,1,0,100,0,0,0,0,1,0,0, 
2024,02,ANCASH,10,HUARI,14,SAN MARCOS,18527,01,01,1,2,021053003,26.03227,1,,1,1,2,2,OCA,2608,1,0,060,0,0,0,0,1,0,0, 
2024,02,ANCASH,10,HUARI,14,SAN MARCOS,18527,01,01,1,2,021053003,26.03227,1,,1,1,2,3,OLLUCO,2609,1,0,040,0,0,0,0,1,0,0, 
2024,02,ANCASH,10,HUARI,14,SAN MARCOS,18527,02,02,1,2,021053003,3.033601,1,,1,1,3,1,PAPA BLANCA,2612,1,0,100,0,0,0,0,1,0,0, 
2024,02,ANCASH,10,HUARI,14,SAN MARCOS,18527,02,02,1,2,021053003,3.033601,1,,1,1,4,1,HABA,2942,1,0,050,0,0,0,0,1,0,0, 
2024,02,ANCASH,10,HUARI,14,SAN MARCOS,18527,02,02,1,2,021053003,3.033601,1,,1,1,2,1,PAPA HUAYRO,2614,1,0,100,0,0,0,0,1,0,0, 
2024,02,ANCASH,10,HUARI,14,SAN MARCOS,18527,02,02,1,2,021053003,3.033601,1,,1,1,2,2,OCA,2608,1,0,100,0,0,0,0,1,0,0, 
2024,02,ANCASH,10,HUARI,14,SAN MARCOS,18527,02,02,1,2,021053003,3.033601,1,,1,1,2,3,OLLUCO,2609,1,0,100,0,0,0,0,1,0,0, 
2024,02,ANCASH,10,HUARI,14,SAN MARCOS,18527,03,03,1,2,021053003,4.183805,1,,1,1,2,1,PAPA BLANCA,2612,1,0,200,0,0,0,0,1,0,0, 
2024,02,ANCASH,10,HUARI,14,SAN MARCOS,18527,03,03,1,2,021053003,4.183805,1,,1,1,3,1,PAPA BLANCA,2612,1,0,100,0,0,0,0,1,0,0, 
2024,02,ANCASH,10,HUARI,14,SAN MARCOS,18527,03,03,1,2,021053003,4.183805,1,,1,1,1,1,PAPA HUAYRO,2614,1,0,090,0,0,0,0,1,0,0, 
2024,02,ANCASH,10,HUARI,14,SAN MARCOS,18527,03,03,1,2,021053003,4.183805,1,,1,1,2,2,OLLUCO,2609,1,0,100,0,0,0,0,1,0,0, 
2024,02,ANCASH,10,HUARI,09,MASIN,18539,01,01,1,2,021031004,26.94601,1,,1,0,4,1,MAIZ AMILACEO,2108,1,0,125,0,0,1,0,0,1,0, 
2024,02,ANCASH,10,HUARI,08,HUANTAR,18542,02,02,1,2,021031002,177.9555,1,,1,1,3,1,TRIGO,2113,1,1200,000,0,0,0,0,1,1,0, 
2024,02,ANCASH,10,HUARI,08,HUANTAR,18544,01,01,1,2,021031004,8.285137,1,,1,1,3,1,MAIZ CHOCLO,2109,1,500,000,0,0,0,0,1,1,0, 
2024,02,ANCASH,10,HUARI,08,HUANTAR,18544,11,11,1,2,021031004,51.10303,1,,1,1,5,1,PAPA BLANCA,2612,1,1000,000,0,0,1,0,0,0,0, 
2024,02,ANCASH,10,HUARI,06,HUACCHIS,18549,01,01,1,2,021042004,4.316215,1,,1,1,2,1,PAPA BLANCA,2612,1,1500,000,0,0,1,0,0,1,0, 
2024,02,ANCASH,10,HUARI,04,CHAVIN DE HUANTAR,18552,02,02,1,2,021031003,89.39531,1,,1,1,2,1,PAPA BLANCA,2612,1,0,090,0,0,1,0,0,0,0, 
2024,02,ANCASH,10,HUARI,04,CHAVIN DE HUANTAR,18552,07,07,1,2,021031003,.0196568,1,,1,1,1,1,PAPA BLANCA,2612,1,0,140,0,0,0,1,0,0,0, 
2024,02,ANCASH,10,HUARI,04,CHAVIN DE HUANTAR,18556,06,06,1,2,021041004,16.70573,1,,1,1,2,1,PAPA NATIVA,2615,1,200,000,0,0,1,1,0,0,0, 
2024,02,ANCASH,10,HUARI,04,CHAVIN DE HUANTAR,18556,06,06,1,2,021041004,16.70573,1,,1,1,8,1,PAPA NATIVA,2615,1,1000,000,0,0,1,1,0,0,0, 
2024,02,ANCASH,10,HUARI,04,CHAVIN DE HUANTAR,18558,02,02,1,2,021041004,32.6375,1,,1,1,7,1,PAPA HUAYRO,2614,1,500,000,0,0,1,1,1,0,0, 
2024,02,ANCASH,10,HUARI,04,CHAVIN DE HUANTAR,18558,02,02,1,2,021041004,32.6375,1,,1,1,6,1,PAPA BLANCA,2612,1,500,000,0,0,1,1,1,0,0, 
2024,02,ANCASH,10,HUARI,04,CHAVIN DE HUANTAR,18558,03,03,1,2,021041004,60.00849,1,,1,1,1,1,PAPA BLANCA,2612,1,1000,000,0,0,1,1,1,0,0, 
2024,02,ANCASH,10,HUARI,04,CHAVIN DE HUANTAR,18558,03,03,1,2,021041004,60.00849,1,,1,1,2,1,PAPA BLANCA,2612,1,400,000,0,0,1,1,1,0,0, 
2024,02,ANCASH,10,HUARI,04,CHAVIN DE HUANTAR,18559,02,02,1,2,021031002,7.830276,1,,1,1,2,1,PAPA BLANCA,2612,1,0,250,0,0,1,0,0,0,0, 
2024,02,ANCASH,10,HUARI,04,CHAVIN DE HUANTAR,18560,05,05,1,2,021042004,67.41052,1,,1,1,5,1,PAPA NATIVA,2615,1,0,100,0,0,1,0,0,0,0, 
2024,02,ANCASH,10,HUARI,04,CHAVIN DE HUANTAR,18560,06,06,1,2,021042004,113.0665,1,,1,1,2,1,PAPA NATIVA,2615,1,0,200,0,0,1,0,0,0,0, 
2024,02,ANCASH,10,HUARI,01,HUARI,18576,07,07,1,2,021031004,3.851866,1,,1,1,4,1,PAPA BLANCA,2612,1,0,250,0,0,1,0,0,0,0, 
2024,02,ANCASH,09,CORONGO,06,YANAC,18579,01,01,1,2,020931004,61.03284,1,,1,1,2,1,ARVEJA,2901,1,0,250,0,0,1,0,0,0,0, 
2024,02,ANCASH,09,CORONGO,06,YANAC,18579,02,02,1,2,020931004,28.13111,1,,1,1,3,1,MAIZ AMILACEO,2108,1,0,300,0,0,1,0,0,0,0, 
2024,02,ANCASH,09,CORONGO,06,YANAC,18579,02,02,1,2,020931004,28.13111,1,,1,1,3,2,HABA,2942,1,0,100,0,0,1,0,0,0,0, 
2024,02,ANCASH,09,CORONGO,04,CUSCA,18587,02,02,1,2,020941004,38.11594,1,,1,1,1,1,PAPA BLANCA,2612,1,976,000,0,0,1,1,0,0,0, 
2024,02,ANCASH,09,CORONGO,04,CUSCA,18587,04,04,1,2,020941004,17.96487,1,,1,1,1,1,PAPA BLANCA,2612,1,6000,000,0,0,1,1,0,0,0, 
2024,02,ANCASH,09,CORONGO,04,CUSCA,18587,07,07,1,2,020941004,74.40904,1,,1,1,1,1,PAPA BLANCA,2612,1,2500,000,0,0,1,1,0,0,0, 
2024,02,ANCASH,09,CORONGO,04,CUSCA,18595,02,02,1,2,020941004,44.81525,1,,1,1,1,1,PAPA BLANCA,2612,1,1000,000,0,0,1,1,0,0,0, 
2024,02,ANCASH,09,CORONGO,04,CUSCA,18595,02,02,1,2,020941004,44.81525,1,,1,1,1,2,CEBADA GRANO,2104,1,1500,000,0,0,1,1,0,0,0, 
2024,02,ANCASH,09,CORONGO,03,BAMBAS,18597,06,06,1,2,020931003,.2942394,1,,1,0,1,1,CAPULI,1113,2,10,000,0,0,1,0,0,1,0, 
2024,02,ANCASH,09,CORONGO,02,ACO,18600,05,05,1,2,020931004,29.92767,1,,1,0,2,1,ARVEJA,2901,1,0,250,0,0,1,0,0,0,0, 
2024,02,ANCASH,09,CORONGO,02,ACO,18600,05,05,1,2,020931004,29.92767,1,,1,0,2,2,HABA,2942,1,0,250,0,0,1,0,0,0,0, 
2024,02,ANCASH,09,CORONGO,02,ACO,18600,07,07,1,2,020931004,5.092721,1,,1,1,4,1,PAPA BLANCA,2612,1,0,150,0,0,0,1,0,0,0, 
2024,02,ANCASH,09,CORONGO,02,ACO,18600,07,07,1,2,020931004,5.092721,1,,1,1,4,2,OCA,2608,1,0,100,0,0,0,1,0,0,0, 
2024,02,ANCASH,09,CORONGO,01,CORONGO,18604,01,01,1,2,020933002,.997382,1,,1,1,3,1,HABA,2942,1,0,300,0,0,0,1,0,0,0, 
2024,02,ANCASH,09,CORONGO,01,CORONGO,18607,02,02,1,2,020922004,1.126468,1,,1,1,2,1,ARVEJA,2901,1,0,200,0,1,1,1,0,0,0, 
2024,02,ANCASH,08,CASMA,02,BUENA VISTA ALTA,18619,01,01,1,1,020811003,97.56085,1,,1,1,1,1,FRIJOL CAUPI,2911,1,5,000,0,0,0,0,0,1,0, 
2024,02,ANCASH,08,CASMA,01,CASMA,18624,03,03,1,1,020811004,5.845419,1,,1,0,1,1,MANGO,1147,2,0,500,0,0,0,0,0,1,0, 
2024,02,ANCASH,07,CARLOS FERMIN FITZCARRALD,01,SAN LUIS,18647,05,05,1,2,020733004,7.161523,1,,1,1,2,1,PAPA BLANCA,2612,1,0,200,0,0,1,1,0,0,0, 
2024,02,ANCASH,06,CARHUAZ,09,SHILLA,18654,05,05,1,2,020631004,7.686448,1,,1,1,3,1,PAPA BLANCA,2612,1,200,000,0,0,1,1,1,0,0, 
2024,02,ANCASH,06,CARHUAZ,06,MARCARA,18665,05,05,1,2,020631004,20.11928,1,,1,1,1,1,MAIZ AMARILLO DURO,2107,1,0,030,0,0,0,1,0,0,0, 
2024,02,ANCASH,06,CARHUAZ,04,ANTA,18670,09,09,1,2,020632004,120.6633,1,,1,1,1,1,ALFALFA,1401,3,950,000,0,0,0,0,0,1,0, 
2024,02,ANCASH,06,CARHUAZ,01,CARHUAZ,18677,01,01,1,2,020643004,144.7168,1,,1,1,10,1,PAPA HUAYRO,2614,1,700,000,0,0,1,0,0,0,0, 
2024,02,ANCASH,06,CARHUAZ,01,CARHUAZ,18677,01,01,1,2,020643004,144.7168,1,,1,1,13,1,PAPA NATIVA,2615,1,500,000,0,0,1,0,0,0,0, 
2024,02,ANCASH,06,CARHUAZ,01,CARHUAZ,18680,03,03,1,2,020643003,7.237715,1,,1,1,18,1,CENTENO GRANO,2105,1,200,000,0,0,0,0,0,0,1, 
2024,02,ANCASH,06,CARHUAZ,01,CARHUAZ,18680,04,04,1,2,020643003,.0414081,1,,1,1,8,1,CEBADA GRANO,2104,1,100,000,0,1,0,0,0,0,0, 
2024,02,ANCASH,06,CARHUAZ,01,CARHUAZ,18683,14,14,1,2,020653004,1.477515,1,,1,1,2,1,PAPA NATIVA,2615,1,500,000,0,0,1,0,0,0,0, 
2024,02,ANCASH,06,CARHUAZ,01,CARHUAZ,18683,14,14,1,2,020653004,1.477515,1,,1,1,17,1,PAPA BLANCA,2612,1,500,000,0,0,1,0,0,0,0, 
2024,02,ANCASH,06,CARHUAZ,01,CARHUAZ,18684,03,03,1,2,020643002,2.419653,1,,1,1,8,1,PAPA AMARILLA,2611,1,500,000,0,0,1,0,0,0,0, 
2024,02,ANCASH,06,CARHUAZ,01,CARHUAZ,18684,03,03,1,2,020643002,2.419653,1,,1,1,3,1,PAPA AMARILLA,2611,1,1500,000,0,0,1,0,0,0,0, 
2024,02,ANCASH,05,BOLOGNESI,15,TICLLOS,18687,01,01,1,2,020541004,41.5487,1,,1,1,3,1,PAPA BLANCA,2612,1,0,250,0,0,1,0,0,0,0, 
2024,02,ANCASH,05,BOLOGNESI,15,TICLLOS,18687,02,02,1,2,020541004,7.829967,1,,1,1,6,1,PAPA BLANCA,2612,1,0,120,0,0,1,0,0,0,0, 
2024,02,ANCASH,05,BOLOGNESI,15,TICLLOS,18687,03,03,1,2,020541004,22.28536,1,,1,1,2,1,PAPA COLOR,2613,1,0,100,0,0,1,1,0,0,0, 
2024,02,ANCASH,05,BOLOGNESI,08,HUALLANCA,18704,01,01,1,2,020553003,2.240361,1,,1,1,4,1,PAPA NATIVA,2615,1,0,200,0,0,1,0,0,0,0, 
2024,02,ANCASH,05,BOLOGNESI,04,AQUIA,18717,03,03,1,2,020541004,36.994,1,,1,1,4,1,PAPA BLANCA,2612,1,0,100,0,0,1,1,0,0,0, 
2024,02,ANCASH,05,BOLOGNESI,04,AQUIA,18717,07,07,1,2,020541004,46.32631,1,,1,1,4,1,PAPA BLANCA,2612,1,0,100,0,0,1,1,0,0,0, 
2024,02,ANCASH,05,BOLOGNESI,01,CHIQUIAN,18723,02,02,1,2,020541004,6.896891,1,,1,1,4,1,PAPA BLANCA,2612,1,0,050,0,0,1,0,0,0,0, 
2024,02,ANCASH,04,ASUNCION,02,ACOCHACA,18736,04,04,1,2,020442002,311.6852,1,,1,1,1,1,ARVEJA,2901,1,0,090,0,0,0,1,0,0,0, 
2024,02,ANCASH,04,ASUNCION,02,ACOCHACA,18736,05,05,1,2,020442002,1.994005,1,,1,1,5,1,PAPA AMARILLA,2611,1,0,200,0,0,1,0,0,0,0, 
2024,02,ANCASH,04,ASUNCION,02,ACOCHACA,18738,04,04,1,2,020431004,2.107913,1,,1,1,4,1,CEBADA GRANO,2104,1,0,800,0,0,1,1,0,0,0, 
2024,02,ANCASH,04,ASUNCION,01,CHACAS,18754,01,01,1,2,020453003,.164851,1,,1,1,2,1,PAPA HUAYRO,2614,1,0,256,0,0,1,0,0,0,0, 
2024,02,ANCASH,03,ANTONIO RAYMONDI,06,SAN JUAN DE RONTOY,18755,03,03,1,2,020331002,40.47359,1,,1,1,7,1,MAIZ CHOCLO,2109,1,0,300,0,0,1,0,0,1,0, 
2024,02,ANCASH,03,ANTONIO RAYMONDI,05,MIRGAS,18763,03,03,1,2,020353002,.816642,1,,1,1,12,1,RYE GRASS,1476,3,600,000,0,0,0,0,0,1,0, 
2024,02,ANCASH,03,ANTONIO RAYMONDI,02,ACZO,18781,02,02,1,2,020333003,.0236927,1,,1,1,1,1,TRIGO,2113,1,0,485,0,0,0,0,0,1,1, 
2024,02,ANCASH,03,ANTONIO RAYMONDI,01,LLAMELLIN,18786,02,02,1,2,020331004,174.0568,1,,1,1,4,1,MAIZ CHOCLO,2109,1,0,200,0,0,1,0,0,0,0, 
2024,02,ANCASH,03,ANTONIO RAYMONDI,01,LLAMELLIN,18786,06,06,1,2,020331004,49.87621,1,,1,0,5,1,MAIZ CHOCLO,2109,1,2,000,0,0,1,1,0,0,0, 
2024,02,ANCASH,03,ANTONIO RAYMONDI,01,LLAMELLIN,18786,06,06,1,2,020331004,49.87621,1,,1,0,3,1,MAIZ AMILACEO,2108,1,2,000,0,0,1,1,0,0,0, 
2024,02,ANCASH,03,ANTONIO RAYMONDI,01,LLAMELLIN,18786,06,06,1,2,020331004,49.87621,1,,1,0,6,1,MAIZ CHOCLO,2109,1,1,500,0,0,1,1,0,0,0, 
2024,02,ANCASH,03,ANTONIO RAYMONDI,01,LLAMELLIN,18786,06,06,1,2,020331004,49.87621,1,,1,0,4,1,MAIZ CHOCLO,2109,1,2,000,0,0,1,1,0,0,0, 
2024,02,ANCASH,03,ANTONIO RAYMONDI,01,LLAMELLIN,18786,06,06,1,2,020331004,49.87621,1,,1,0,7,1,MAIZ CHOCLO,2109,1,0,500,0,0,1,0,0,0,0, 
2024,02,ANCASH,03,ANTONIO RAYMONDI,01,LLAMELLIN,18786,06,06,1,2,020331004,49.87621,1,,1,0,1,1,MAIZ CHOCLO,2109,1,0,400,0,0,1,0,0,0,0, 
2024,02,ANCASH,03,ANTONIO RAYMONDI,01,LLAMELLIN,18787,07,07,1,2,020331004,180.1543,1,,1,0,3,1,MAIZ CHOCLO,2109,1,2,000,0,0,1,0,0,1,0, 
2024,02,ANCASH,02,AIJA,04,LA MERCED,18794,01,01,1,2,020242004,3.552915,1,,1,1,2,1,PAPA BLANCA,2612,1,2500,000,0,0,1,0,0,0,0, 
2024,02,ANCASH,02,AIJA,04,LA MERCED,18794,01,01,1,2,020242004,3.552915,1,,1,1,1,1,HABA,2942,1,3300,000,0,0,1,0,0,0,0, 
2024,02,ANCASH,02,AIJA,04,LA MERCED,18796,01,01,1,2,020252004,2.147341,1,,1,1,1,1,CEBADA GRANO,2104,1,1500,000,0,0,1,0,0,0,0, 
2024,02,ANCASH,02,AIJA,04,LA MERCED,18796,01,01,1,2,020252004,2.147341,1,,1,1,1,2,CENTENO GRANO,2105,1,1500,000,0,0,1,0,0,0,0, 
2024,02,ANCASH,02,AIJA,04,LA MERCED,18796,04,04,1,2,020252004,2.569295,1,,1,1,3,1,PAPA BLANCA,2612,1,2000,000,0,0,1,1,0,0,0, 
2024,02,ANCASH,02,AIJA,04,LA MERCED,18796,05,05,1,2,020252004,4.35765,1,,1,1,5,1,PAPA BLANCA,2612,1,1500,000,0,0,0,1,0,0,0, 
2024,02,ANCASH,02,AIJA,02,CORIS,18804,01,01,1,1,020221004,16.81233,1,,1,1,1,1,FRIJOL CANARIO,2910,1,2,000,0,0,1,0,0,0,0, 
2024,02,ANCASH,02,AIJA,02,CORIS,18805,03,03,1,2,020233002,.0150057,1,,1,1,9,1,PAPA HUAYRO,2614,1,0,250,0,0,1,1,1,0,0, 
2024,02,ANCASH,02,AIJA,02,CORIS,18807,02,02,1,2,020231004,1.910541,1,,1,1,2,1,PAPA BLANCA,2612,1,0,200,0,0,1,1,1,0,0, 
2024,02,ANCASH,02,AIJA,02,CORIS,18808,07,07,1,2,020243003,1.149386,1,,1,1,4,1,PAPA BLANCA,2612,1,0,400,0,0,1,0,0,0,0, 
2024,02,ANCASH,02,AIJA,02,CORIS,18812,01,01,1,2,020222003,.906001,1,,1,1,1,1,MEMBRILLERO,1153,2,0,002,0,0,1,0,0,0,0, 
2024,02,ANCASH,02,AIJA,02,CORIS,18812,01,01,1,2,020222003,.906001,1,,1,1,1,2,TUNA FRUTA,1186,2,0,005,0,0,1,0,0,0,0, 
2024,02,ANCASH,02,AIJA,01,AIJA,18816,01,01,1,2,020232003,8.158834,1,,1,1,1,1,QUINUA,2111,1,0,030,0,0,1,0,0,0,0, 
2024,02,ANCASH,02,AIJA,01,AIJA,18820,01,01,1,2,020241002,5.727885,1,,1,1,7,1,CEBADA GRANO,2104,1,0,050,0,0,0,1,0,0,0, 
2024,02,ANCASH,02,AIJA,01,AIJA,18821,03,03,1,2,020232002,2.317567,1,,1,0,2,1,PAPA BLANCA,2612,1,0,100,0,0,1,0,0,0,0, 
2024,02,ANCASH,01,HUARAZ,08,OLLEROS,18838,01,01,1,2,020143002,5.862711,1,,1,1,2,1,PAPA BLANCA,2612,1,1000,000,0,0,1,0,0,0,0, 
2024,02,ANCASH,01,HUARAZ,07,LA LIBERTAD,18840,01,01,1,2,020142004,67.33107,1,,1,1,7,1,PAPA BLANCA,2612,1,800,000,0,0,1,0,0,0,0, 
2024,02,ANCASH,01,HUARAZ,07,LA LIBERTAD,18840,01,01,1,2,020142004,67.33107,1,,1,1,2,1,ARVEJA,2901,1,500,000,0,0,1,0,0,0,0, 
2024,02,ANCASH,01,HUARAZ,07,LA LIBERTAD,18840,02,02,1,2,020142004,50.91492,1,,1,1,5,1,PAPA BLANCA,2612,1,750,000,0,0,1,1,0,0,0, 
2024,02,ANCASH,01,HUARAZ,07,LA LIBERTAD,18840,02,02,1,2,020142004,50.91492,1,,1,1,2,1,PAPA BLANCA,2612,1,1000,000,0,0,1,1,0,0,0, 
2024,02,ANCASH,01,HUARAZ,07,LA LIBERTAD,18840,02,02,1,2,020142004,50.91492,1,,1,1,2,2,ARVEJA,2901,1,950,000,0,0,1,1,0,0,0, 
2024,02,ANCASH,01,HUARAZ,07,LA LIBERTAD,18840,02,02,1,2,020142004,50.91492,1,,1,1,2,3,HABA,2942,1,900,000,0,0,1,1,0,0,0, 
2024,02,ANCASH,01,HUARAZ,07,LA LIBERTAD,18840,03,03,1,2,020142004,115.1876,1,,1,1,5,1,HABA,2942,1,400,000,0,0,1,1,0,0,0, 
2024,02,ANCASH,01,HUARAZ,07,LA LIBERTAD,18840,03,03,1,2,020142004,115.1876,1,,1,1,5,2,ARVEJA,2901,1,200,000,0,0,1,1,0,0,0, 
2024,02,ANCASH,01,HUARAZ,07,LA LIBERTAD,18840,04,04,1,2,020142004,32.04686,1,,1,1,4,1,TRIGO,2113,1,1000,000,0,0,1,0,0,0,0, 
2024,02,ANCASH,01,HUARAZ,07,LA LIBERTAD,18840,04,04,1,2,020142004,32.04686,1,,1,1,4,2,PAPA BLANCA,2612,1,500,000,0,0,1,0,0,0,0, 
2024,02,ANCASH,01,HUARAZ,05,INDEPENDENCIA,18843,05,05,1,2,020141003,43.9692,1,,1,1,5,1,PAPA BLANCA,2612,1,0,060,0,0,0,1,1,0,0, 
2024,02,ANCASH,01,HUARAZ,05,INDEPENDENCIA,18846,02,02,1,2,020131003,34.34166,1,,1,1,6,1,ARVEJA,2901,1,800,000,0,0,1,0,0,0,0, 
2024,02,ANCASH,01,HUARAZ,05,INDEPENDENCIA,18846,05,05,1,2,020131003,9.331573,1,,1,1,1,1,ARVEJA,2901,1,300,000,0,0,1,0,0,0,0, 
2024,02,ANCASH,01,HUARAZ,05,INDEPENDENCIA,18846,09,09,1,2,020131003,5.17546,1,,1,1,3,1,ARVEJA,2901,1,500,000,0,0,1,0,0,0,0, 
2024,02,ANCASH,01,HUARAZ,05,INDEPENDENCIA,18847,05,05,1,2,020141003,18.52531,1,,1,1,1,1,HABA,2942,1,0,030,0,0,0,0,1,0,0, 
2024,02,ANCASH,01,HUARAZ,05,INDEPENDENCIA,18847,05,05,1,2,020141003,18.52531,1,,1,1,2,1,HABA,2942,1,0,100,0,0,0,0,1,0,0, 
2024,02,ANCASH,01,HUARAZ,05,INDEPENDENCIA,18847,05,05,1,2,020141003,18.52531,1,,1,1,4,1,PAPA BLANCA,2612,1,0,010,0,0,0,1,1,0,0, 
2024,02,ANCASH,01,HUARAZ,05,INDEPENDENCIA,18847,05,05,1,2,020141003,18.52531,1,,1,1,5,1,PAPA BLANCA,2612,1,0,030,0,0,0,1,1,0,0, 
2024,02,ANCASH,01,HUARAZ,05,INDEPENDENCIA,18848,02,02,1,2,020141004,21.74656,1,,1,1,2,1,PAPA BLANCA,2612,1,0,030,0,0,0,1,1,0,0, 
2024,02,ANCASH,01,HUARAZ,05,INDEPENDENCIA,18848,04,04,1,2,020141004,14.24697,1,,1,1,1,1,PAPA BLANCA,2612,1,0,200,0,0,1,1,1,0,0, 
2024,02,ANCASH,01,HUARAZ,05,INDEPENDENCIA,18848,05,05,1,2,020141004,110.05,1,,1,1,1,1,PAPA BLANCA,2612,1,0,020,0,0,0,1,1,0,0, 
2024,02,ANCASH,01,HUARAZ,05,INDEPENDENCIA,18852,05,05,1,2,020141004,73.92043,1,,1,1,1,1,PAPA BLANCA,2612,1,0,120,0,0,1,0,0,0,0, 
2024,02,ANCASH,01,HUARAZ,05,INDEPENDENCIA,18852,07,07,1,2,020141004,3.117973,1,,1,1,5,1,PAPA BLANCA,2612,1,0,050,0,0,0,0,1,0,0, 
2024,02,ANCASH,01,HUARAZ,05,INDEPENDENCIA,18856,03,03,1,2,020151002,4.21348,1,,1,1,2,1,PAPA BLANCA,2612,1,0,020,0,0,1,1,0,0,0, 
2024,02,ANCASH,01,HUARAZ,05,INDEPENDENCIA,18856,05,05,1,2,020151002,1.74306,1,,1,1,3,1,PAPA BLANCA,2612,1,0,100,0,0,1,0,1,0,0, 
2024,02,ANCASH,01,HUARAZ,05,INDEPENDENCIA,18856,07,07,1,2,020151002,.8058616,1,,1,1,3,1,PAPA BLANCA,2612,1,0,050,0,0,0,1,1,0,0, 
2024,02,ANCASH,01,HUARAZ,05,INDEPENDENCIA,18856,07,07,1,2,020151002,.8058616,1,,1,1,4,1,PAPA BLANCA,2612,1,0,010,0,0,0,1,1,0,0, 
2024,02,ANCASH,01,HUARAZ,05,INDEPENDENCIA,18856,07,07,1,2,020151002,.8058616,1,,1,1,4,2,ARVEJA,2901,1,0,020,0,0,0,1,1,0,0, 
2024,02,ANCASH,01,HUARAZ,05,INDEPENDENCIA,18856,07,07,1,2,020151002,.8058616,1,,1,1,3,2,OCA,2608,1,0,005,0,0,0,1,1,0,0, 
2024,02,ANCASH,01,HUARAZ,04,HUANCHAY,18860,02,02,1,1,020124002,2.514367,1,,1,1,1,1,FRIJOL CANARIO,2910,1,0,240,0,0,1,0,0,0,0, 
2024,02,ANCASH,01,HUARAZ,04,HUANCHAY,18861,01,01,1,2,020143003,7.533092,1,,1,1,10,1,CEBADA GRANO,2104,1,0,030,0,0,1,0,0,0,0, 
2024,02,ANCASH,01,HUARAZ,04,HUANCHAY,18861,01,01,1,2,020143003,7.533092,1,,1,1,4,1,HABA,2942,1,0,020,0,0,1,0,0,1,0, 
2024,02,ANCASH,01,HUARAZ,04,HUANCHAY,18862,03,03,1,2,020132004,1.655118,1,,1,1,4,1,ARVEJA,2901,1,0,040,0,0,1,0,0,1,0, 
2024,02,ANCASH,01,HUARAZ,04,HUANCHAY,18862,04,04,1,2,020132004,40.31156,1,,1,1,2,1,TRIGO,2113,1,0,318,0,0,0,0,0,1,0, 
2024,02,ANCASH,01,HUARAZ,04,HUANCHAY,18863,02,02,1,2,020132004,.8684368,1,,1,1,2,1,HABA,2942,1,0,250,0,1,1,0,0,0,0, 
2024,02,ANCASH,01,HUARAZ,02,COCHABAMBA,18869,04,04,1,1,020123003,2.414923,1,,1,1,3,1,PALTO,1162,2,0,500,0,0,1,0,0,0,0, 
2024,02,ANCASH,01,HUARAZ,02,COCHABAMBA,18870,04,04,1,2,020131004,20.34202,1,,1,1,4,1,PAPA BLANCA,2612,1,0,250,0,0,1,0,0,0,0, 
2024,02,ANCASH,01,HUARAZ,02,COCHABAMBA,18870,06,06,1,2,020131004,3.888807,1,,1,1,4,1,PAPA BLANCA,2612,1,0,200,0,0,1,0,0,0,0, 
2024,02,ANCASH,01,HUARAZ,01,HUARAZ,18873,01,01,1,2,020143004,.0633252,1,,1,1,1,1,PAPA BLANCA,2612,1,0,050,0,0,1,0,0,0,0, 
2024,02,ANCASH,01,HUARAZ,01,HUARAZ,18873,02,02,1,2,020143004,2.496728,1,,1,1,1,1,TARHUI,2947,1,0,180,0,0,0,0,0,0,1, 
2024,02,ANCASH,01,HUARAZ,01,HUARAZ,18873,02,02,1,2,020143004,2.496728,1,,1,1,2,1,OCA,2608,1,0,050,0,0,1,1,0,0,0, 
2024,02,ANCASH,01,HUARAZ,01,HUARAZ,18873,03,03,1,2,020143004,4.777064,1,,1,1,1,1,PAPA NATIVA,2615,1,0,050,0,0,1,0,0,0,0, 
2024,02,ANCASH,01,HUARAZ,01,HUARAZ,18880,07,07,1,2,020131002,73.35036,1,,1,1,2,1,MAIZ CHALA,2706,1,0,040,0,0,0,1,0,0,0, 
2024,02,ANCASH,01,HUARAZ,01,HUARAZ,18880,07,07,1,2,020131002,73.35036,1,,1,1,3,1,TARHUI,2947,1,0,080,0,0,1,0,0,0,0, 
2024,01,AMAZONAS,07,UTCUBAMBA,05,JAMALCA,18892,01,01,1,3,010784003,36.33464,1,,1,1,1,1,MAIZ AMARILLO DURO,2107,1,1,400,0,0,0,0,0,1,0, 
2024,01,AMAZONAS,07,UTCUBAMBA,05,JAMALCA,18892,01,01,1,3,010784003,36.33464,1,,1,1,2,1,PASTO BRACHIARIA,1407,3,4,000,1,0,0,0,0,0,0, 
2024,01,AMAZONAS,07,UTCUBAMBA,05,JAMALCA,18897,01,01,1,3,010783004,376.5846,1,,1,1,2,1,MAIZ AMARILLO DURO,2107,1,1,500,0,0,1,0,0,1,0, 
2024,01,AMAZONAS,07,UTCUBAMBA,04,EL MILAGRO,18914,01,01,1,3,010781005,9.008762,1,,1,1,1,1,MAIZ AMARILLO DURO,2107,1,1,000,0,0,0,0,0,1,0, 
2024,01,AMAZONAS,07,UTCUBAMBA,04,EL MILAGRO,18914,04,04,1,3,010781005,4.051242,1,,1,0,1,1,FRIJOL LOCTAO,2924,1,1,000,0,0,0,0,0,1,0, 
2024,01,AMAZONAS,07,UTCUBAMBA,04,EL MILAGRO,18914,04,04,1,3,010781005,4.051242,1,,1,0,1,2,MAIZ AMARILLO DURO,2107,1,4,166,0,0,0,0,0,1,0, 
2024,01,AMAZONAS,07,UTCUBAMBA,04,EL MILAGRO,18914,05,05,1,3,010781005,26.11526,1,,1,0,1,1,SANDIA,2209,1,1,300,0,0,0,0,0,1,0, 
2024,01,AMAZONAS,07,UTCUBAMBA,04,EL MILAGRO,18914,06,06,1,3,010781005,28.93384,1,,1,1,1,1,MAIZ AMARILLO DURO,2107,1,1,000,0,0,0,0,0,1,0, 
2024,01,AMAZONAS,07,UTCUBAMBA,04,EL MILAGRO,18914,08,08,1,3,010781005,37.05122,1,,1,1,1,1,MAIZ AMARILLO DURO,2107,1,25,412,0,0,0,0,0,1,0, 
2024,01,AMAZONAS,07,UTCUBAMBA,04,EL MILAGRO,18916,01,01,1,3,010784005,65.67045,1,,1,1,1,1,MAIZ AMARILLO DURO,2107,1,2,500,0,0,0,0,0,1,0, 
2024,01,AMAZONAS,07,UTCUBAMBA,04,EL MILAGRO,18916,02,02,1,3,010784005,31.2914,1,,1,1,2,1,PAPAYA,1163,2,1,800,0,0,0,0,0,1,0, 
2024,01,AMAZONAS,07,UTCUBAMBA,04,EL MILAGRO,18916,02,02,1,3,010784005,31.2914,1,,1,1,1,1,MAIZ AMARILLO DURO,2107,1,4,000,0,0,0,0,0,1,0, 
2024,01,AMAZONAS,07,UTCUBAMBA,04,EL MILAGRO,18916,02,02,1,3,010784005,31.2914,1,,1,1,1,2,YUCA,2620,1,1,000,0,0,0,0,0,1,0, 
2024,01,AMAZONAS,07,UTCUBAMBA,04,EL MILAGRO,18916,02,02,1,3,010784005,31.2914,1,,1,1,2,2,MAIZ AMARILLO DURO,2107,1,3,000,0,0,0,0,0,1,0, 
2024,01,AMAZONAS,07,UTCUBAMBA,04,EL MILAGRO,18916,04,04,1,3,010784005,88.07772,1,,1,1,2,1,MAIZ AMARILLO DURO,2107,1,1,000,0,0,0,0,0,1,0, 
2024,01,AMAZONAS,07,UTCUBAMBA,04,EL MILAGRO,18916,04,04,1,3,010784005,88.07772,1,,1,1,2,2,YUCA,2620,1,0,500,0,0,0,0,0,1,0, 
2024,01,AMAZONAS,07,UTCUBAMBA,02,CAJARURO,18935,02,02,1,3,010781004,51.59242,1,,1,1,1,1,MAIZ AMARILLO DURO,2107,1,1,400,0,0,0,0,0,1,0, 
2024,01,AMAZONAS,07,UTCUBAMBA,02,CAJARURO,18935,04,04,1,3,010781004,30.94825,1,,1,1,2,1,MAIZ AMARILLO DURO,2107,1,1,700,0,0,0,0,0,1,0, 
2024,01,AMAZONAS,07,UTCUBAMBA,02,CAJARURO,18938,04,04,1,3,010773004,30.02635,1,,1,1,1,1,PASTO ELEFANTE,1424,3,1,995,1,0,0,0,0,0,0, 
2024,01,AMAZONAS,07,UTCUBAMBA,02,CAJARURO,18946,10,10,1,3,010781004,5.656515,1,,1,1,1,1,CAFE PERGAMINO,1203,2,0,090,0,0,0,0,0,1,0, 
2024,01,AMAZONAS,07,UTCUBAMBA,02,CAJARURO,18956,04,04,1,3,010781004,7.733426,1,,1,0,1,1,MAIZ AMARILLO DURO,2107,1,0,500,0,0,0,0,0,1,0, 
2024,01,AMAZONAS,07,UTCUBAMBA,01,BAGUA GRANDE,18957,01,01,1,3,010781005,7.450123,1,,1,1,1,1,ARROZ CASCARA,2101,1,15,000,0,0,0,0,0,1,0, 
2024,01,AMAZONAS,07,UTCUBAMBA,01,BAGUA GRANDE,18962,01,01,1,3,010771004,47.03896,1,,1,1,3,1,CAFE PERGAMINO,1203,2,1,250,1,0,0,0,0,0,0, 
2024,01,AMAZONAS,07,UTCUBAMBA,01,BAGUA GRANDE,18965,04,04,1,3,010781004,34.00411,1,,1,1,3,1,MAIZ AMARILLO DURO,2107,1,0,250,0,0,1,0,0,1,0, 
2024,01,AMAZONAS,07,UTCUBAMBA,01,BAGUA GRANDE,18976,03,03,1,3,010772004,30.27898,1,,1,1,3,1,CAFE PERGAMINO,1203,2,2,000,0,0,1,0,0,0,0, 
2024,01,AMAZONAS,06,RODRIGUEZ DE MENDOZA,08,MILPUC,18988,01,01,1,3,010672004,69.3494,1,,1,1,1,1,PASTO GRAMA AZUL,1430,3,3,000,0,1,0,0,0,0,0, 
2024,01,AMAZONAS,06,RODRIGUEZ DE MENDOZA,08,MILPUC,18988,02,02,1,3,010672004,29.69855,1,,1,1,1,1,PASTO GRAMA CHILENA,1432,3,13,000,0,1,0,0,0,0,0, 
2024,01,AMAZONAS,06,RODRIGUEZ DE MENDOZA,08,MILPUC,18988,02,02,1,3,010672004,29.69855,1,,1,1,2,1,PASTO GRAMA CHILENA,1432,3,1,500,0,1,0,0,0,0,0, 
2024,01,AMAZONAS,05,LUYA,20,SANTA CATALINA,19012,03,03,1,2,010531003,9.724516,1,,1,1,4,1,OLLUCO,2609,1,0,250,0,0,1,0,0,0,0, 
2024,01,AMAZONAS,05,LUYA,18,SAN JERONIMO,19018,01,01,1,2,010533003,132.9699,1,,1,1,5,1,ARVEJA,2901,1,0,250,0,0,0,0,0,0,1, 
2024,01,AMAZONAS,05,LUYA,13,OCUMAL,19034,03,03,1,3,010573004,328.4074,1,,1,0,2,1,CAFE PERGAMINO,1203,2,1,000,0,0,1,0,0,0,0, 
2024,01,AMAZONAS,05,LUYA,13,OCUMAL,19036,01,01,1,2,010572003,3.466062,1,,1,1,2,1,CAFE PERGAMINO,1203,2,1,000,0,0,0,0,0,1,0, 
2024,01,AMAZONAS,04,CONDORCANQUI,01,NIEVA,19069,02,02,1,3,010492005,2.971694,1,,1,1,1,1,CACAO,1202,3,1,000,0,0,1,0,0,0,0, 
2024,01,AMAZONAS,03,BONGARA,06,FLORIDA,19095,01,01,1,2,010371004,17.19864,1,,1,1,1,1,ESPINACA,2322,1,0,018,0,1,1,0,0,0,0, 
2024,01,AMAZONAS,02,BAGUA,01,BAGUA,19138,08,08,1,3,010281005,10.75343,1,,1,0,1,1,SOYA,2829,1,2,600,0,0,0,0,0,1,0, 
2024,01,AMAZONAS,02,BAGUA,01,BAGUA,19139,04,04,1,3,010283004,28.0048,1,,1,1,1,1,MAIZ AMARILLO DURO,2107,1,2,000,0,0,0,0,0,1,0, 
2024,01,AMAZONAS,01,CHACHAPOYAS,14,MOLINOPAMPA,19165,02,02,1,2,010171004,5.558587,1,,1,1,1,1,FRIJOL CHAUCHA,2912,1,0,125,1,0,0,0,0,0,0, 
2024,01,AMAZONAS,01,CHACHAPOYAS,14,MOLINOPAMPA,19165,02,02,1,2,010171004,5.558587,1,,1,1,1,2,MAIZ CHOCLO,2109,1,0,125,1,0,0,0,0,0,0, 
2024,01,AMAZONAS,01,CHACHAPOYAS,14,MOLINOPAMPA,19168,10,10,1,2,010131005,.0961159,1,,1,1,1,1,PALMERA DATILERA,1161,2,0,617,0,0,1,0,0,0,0, 
2024,01,AMAZONAS,01,CHACHAPOYAS,10,LEIMEBAMBA,19182,01,01,1,2,010131004,112.1491,1,,1,1,3,1,MAIZ AMILACEO,2108,1,0,484,0,0,0,0,0,1,0, 
2024,01,AMAZONAS,01,CHACHAPOYAS,08,HUANCAS,19188,03,03,1,2,010131004,16.93261,1,,1,1,2,1,MAIZ AMILACEO,2108,1,0,500,0,0,0,0,0,0,1, 
2024,01,AMAZONAS,01,CHACHAPOYAS,06,CHUQUIBAMBA,19192,01,01,1,2,010131003,35.48639,1,,1,1,4,1,MAIZ AMILACEO,2108,1,0,250,0,0,1,0,0,1,0, 
2024,01,AMAZONAS,01,CHACHAPOYAS,03,BALSAS,19204,01,01,1,3,010182004,100.2602,1,,1,0,2,1,PLATANO,1171,3,0,050,0,0,1,0,0,1,0, 
2024,01,AMAZONAS,01,CHACHAPOYAS,01,CHACHAPOYAS,19207,02,02,1,3,010172005,4.556191,1,,1,1,1,1,MAIZ CHOCLO,2109,1,0,010,0,0,0,0,0,1,0, 
2024,01,AMAZONAS,01,CHACHAPOYAS,01,CHACHAPOYAS,19210,04,04,1,2,010131003,30.1328,1,,1,1,2,1,LECHUGA,2326,1,0,025,0,0,0,0,0,1,0, 
2024,01,AMAZONAS,01,CHACHAPOYAS,01,CHACHAPOYAS,19210,04,04,1,2,010131003,30.1328,1,,1,1,2,2,ZAPALLO,2345,1,0,025,0,0,0,0,0,1,0, 
2024,21,PUNO,11,SAN ROMAN,01,JULIACA,20935,01,01,1,2,211142001,.8548833,1,,1,1,6,1,CAÑIHUA,2103,1,3,000,0,0,1,0,0,0,0, 
2024,21,PUNO,02,AZANGARO,03,ARAPA,21300,01,01,1,2,210251003,31.40565,1,,1,1,4,1,CAÑIHUA,2103,1,0,050,0,1,0,1,1,0,0, 
2024,21,PUNO,02,AZANGARO,03,ARAPA,21300,01,01,1,2,210251003,31.40565,1,,1,1,4,2,QUINUA,2111,1,0,100,0,1,0,1,1,0,0, 
2024,19,PASCO,02,DANIEL ALCIDES CARRION,06,SANTA ANA DE TUSI,21922,10,10,1,2,190242004,.705327,1,,1,1,4,1,PAPA BLANCA,2612,1,0,230,0,0,0,1,0,0,0, 
2024,18,MOQUEGUA,01,MARISCAL NIETO,06,TORATA,22132,01,01,1,2,180124003,82.86254,1,,1,1,1,1,PACAE,1159,2,0,049,0,0,1,0,0,0,0, 
2024,16,LORETO,01,MAYNAS,08,PUNCHANA,22494,02,02,1,3,160193004,5.993694,1,,1,0,1,1,YUCA,2620,1,0,400,0,0,1,0,0,0,0, 
2024,16,LORETO,01,MAYNAS,08,PUNCHANA,22494,02,02,1,3,160193004,5.993694,1,,1,0,1,2,PLATANO,1171,3,0,400,0,0,1,0,0,0,0, 
2024,15,LIMA,06,HUARAL,01,HUARAL,22838,05,05,1,1,150611004,26.15854,1,,1,0,2,1,PECANO,1165,2,1,000,0,0,1,0,0,0,0, 
2024,15,LIMA,01,LIMA,06,CARABAYLLO,23072,01,01,1,1,150111004,10.96576,1,,1,0,1,1,BROCOLI,2312,1,6,000,0,0,0,0,0,0,1, 
2024,13,LA LIBERTAD,10,SANTIAGO DE CHUCO,01,SANTIAGO DE CHUCO,23320,02,02,1,2,131024003,23.76948,1,,1,1,3,1,TUNA FRUTA,1186,2,0,001,0,0,1,0,0,1,0, 
2024,13,LA LIBERTAD,10,SANTIAGO DE CHUCO,01,SANTIAGO DE CHUCO,23320,03,03,1,2,131024003,.0130644,1,,1,1,5,1,ALFALFA,1401,3,1,000,0,0,0,0,0,1,0, 
2024,13,LA LIBERTAD,10,SANTIAGO DE CHUCO,01,SANTIAGO DE CHUCO,23320,03,03,1,2,131024003,.0130644,1,,1,1,4,1,ALFALFA,1401,3,0,750,0,0,0,0,0,1,0, 
2024,13,LA LIBERTAD,10,SANTIAGO DE CHUCO,01,SANTIAGO DE CHUCO,23320,03,03,1,2,131024003,.0130644,1,,1,1,3,1,TRIGO,2113,1,2,750,0,0,0,0,0,1,0, 
2024,13,LA LIBERTAD,10,SANTIAGO DE CHUCO,01,SANTIAGO DE CHUCO,23320,03,03,1,2,131024003,.0130644,1,,1,1,2,1,CAMOTE,2603,1,0,250,0,0,0,0,0,1,0, 
2024,13,LA LIBERTAD,10,SANTIAGO DE CHUCO,01,SANTIAGO DE CHUCO,23320,03,03,1,2,131024003,.0130644,1,,1,1,2,2,ALFALFA,1401,3,1,000,0,0,0,0,0,1,0, 
2024,13,LA LIBERTAD,08,PATAZ,08,PARCOY,23439,01,01,1,2,130834005,409.8409,1,,1,1,1,1,PAPA BLANCA,2612,1,0,200,0,0,0,0,0,0,1, 
2024,13,LA LIBERTAD,08,PATAZ,08,PARCOY,23439,01,01,1,2,130834005,409.8409,1,,1,1,1,2,CEBADA GRANO,2104,1,0,150,0,0,0,0,0,0,1, 
2024,12,JUNIN,07,TARMA,07,PALCAMAYO,23686,03,03,1,2,120741002,9.502274,1,,1,1,2,1,ARVEJA,2901,1,3,000,0,0,0,0,0,1,0, 
2024,12,JUNIN,07,TARMA,07,PALCAMAYO,23686,03,03,1,2,120741002,9.502274,1,,1,1,1,1,ESPINACA,2322,1,3,000,0,0,0,0,0,1,0, 
2024,12,JUNIN,07,TARMA,07,PALCAMAYO,23686,04,04,1,2,120741002,1.023542,1,,1,1,2,1,ESPINACA,2322,1,2,500,0,0,0,0,0,1,0, 
2024,12,JUNIN,07,TARMA,07,PALCAMAYO,23686,04,04,1,2,120741002,1.023542,1,,1,1,1,1,ESPINACA,2322,1,2,000,0,0,0,0,0,1,0, 
2024,12,JUNIN,07,TARMA,07,PALCAMAYO,23686,05,05,1,2,120741002,28.62666,1,,1,1,6,1,PAPA BLANCA,2612,1,2,000,0,0,0,0,0,1,0, 
2024,12,JUNIN,07,TARMA,07,PALCAMAYO,23686,05,05,1,2,120741002,28.62666,1,,1,1,2,1,PAPA BLANCA,2612,1,1,500,0,0,0,0,0,1,0, 
2024,12,JUNIN,07,TARMA,07,PALCAMAYO,23686,05,05,1,2,120741002,28.62666,1,,1,1,1,1,PAPA BLANCA,2612,1,0,500,0,0,0,0,0,1,0, 
2024,12,JUNIN,07,TARMA,07,PALCAMAYO,23686,05,05,1,2,120741002,28.62666,1,,1,1,4,1,MAIZ AMILACEO,2108,1,1,000,0,0,0,0,0,1,0, 
2024,12,JUNIN,07,TARMA,07,PALCAMAYO,23686,05,05,1,2,120741002,28.62666,1,,1,1,7,1,PAPA BLANCA,2612,1,2,000,0,0,0,0,0,1,0, 
2024,12,JUNIN,07,TARMA,07,PALCAMAYO,23686,05,05,1,2,120741002,28.62666,1,,1,1,1,2,HABA,2942,1,1,000,0,0,0,0,0,1,0, 
2024,12,JUNIN,07,TARMA,07,PALCAMAYO,23686,05,05,1,2,120741002,28.62666,1,,1,1,4,2,HABA,2942,1,2,000,0,0,0,0,0,1,0, 
2024,12,JUNIN,07,TARMA,04,HUASAHUASI,23720,04,04,1,2,120731002,42.34627,1,,1,1,1,1,ARVEJA,2901,1,0,180,0,1,1,0,0,0,0, 
2024,12,JUNIN,07,TARMA,01,TARMA,23727,01,01,1,2,120731002,1.423929,1,,1,1,5,1,ESPINACA,2322,1,1,500,0,1,1,0,0,0,0, 
2024,12,JUNIN,07,TARMA,01,TARMA,23727,02,02,1,2,120731002,44.27933,1,,1,1,5,1,ZANAHORIA,2344,1,5,000,0,1,1,0,0,0,0, 
2024,12,JUNIN,02,CONCEPCION,07,HEROINAS TOLEDO,24021,01,01,1,2,120241003,206.3063,1,,1,1,1,1,OLLUCO,2609,1,3100,000,0,0,1,0,1,0,0, 
2024,12,JUNIN,02,CONCEPCION,07,HEROINAS TOLEDO,24021,01,01,1,2,120241003,206.3063,1,,1,1,2,1,OLLUCO,2609,1,1440,000,0,0,1,1,1,0,0, 
2024,11,ICA,01,ICA,14,YAUCA DEL ROSARIO,24312,01,01,1,2,110133002,12.83798,1,,1,1,4,1,MELOCOTONERO,1152,2,0,500,0,0,1,1,0,0,0, 
2024,11,ICA,01,ICA,04,OCUCAJE,24360,01,01,1,1,110111004,7.253788,1,,1,0,2,1,ZAPALLO,2345,1,1,000,0,0,1,0,0,0,0, 
2024,11,ICA,01,ICA,04,OCUCAJE,24361,08,08,1,1,110111003,16.63152,1,,1,0,1,1,ZAPALLO,2345,1,1,000,0,0,1,0,0,0,0, 
2024,09,HUANCAVELICA,07,TAYACAJA,11,PAZOS,25087,05,05,1,2,090754004,201.0062,1,,1,1,6,1,CEBADA GRANO,2104,1,0,500,0,0,1,0,0,0,0, 
2024,09,HUANCAVELICA,05,CHURCAMPA,04,EL CARMEN,25181,01,01,1,2,090544003,24.32933,1,,1,1,18,1,CEBADA GRANO,2104,1,0,045,0,0,1,0,0,0,0, 
2024,09,HUANCAVELICA,05,CHURCAMPA,04,EL CARMEN,25181,05,05,1,2,090544003,328.1206,1,,1,1,3,1,PAPA NATIVA,2615,1,0,125,0,0,1,0,0,0,0, 
2024,09,HUANCAVELICA,05,CHURCAMPA,04,EL CARMEN,25181,05,05,1,2,090544003,328.1206,1,,1,1,17,1,HABA,2942,1,0,125,0,0,1,0,0,0,0, 
2024,09,HUANCAVELICA,05,CHURCAMPA,04,EL CARMEN,25181,05,05,1,2,090544003,328.1206,1,,1,1,18,1,CEBADA GRANO,2104,1,0,125,0,0,1,0,0,0,0, 
2024,09,HUANCAVELICA,05,CHURCAMPA,04,EL CARMEN,25181,07,07,1,2,090544003,188.1708,1,,1,1,16,1,PAPA NATIVA,2615,1,0,120,0,0,1,0,0,0,0, 
2024,09,HUANCAVELICA,04,CASTROVIRREYNA,05,CHUPAMARCA,25221,01,01,1,2,090452002,.3795307,1,,1,1,8,1,PAPA COLOR,2613,1,0,250,0,0,1,0,0,0,0, 
2024,09,HUANCAVELICA,04,CASTROVIRREYNA,05,CHUPAMARCA,25221,01,01,1,2,090452002,.3795307,1,,1,1,1,1,PAPA COLOR,2613,1,0,047,0,0,1,0,0,0,0, 
2024,09,HUANCAVELICA,01,HUANCAVELICA,03,ACORIA,25318,04,04,1,2,090144004,19.79033,1,,1,1,4,1,ARVEJA,2901,1,0,250,0,0,1,0,0,0,0, 
2024,09,HUANCAVELICA,01,HUANCAVELICA,19,HUANDO,25319,01,01,1,2,090134002,512.6453,1,,1,0,9,1,HABA,2942,1,0,250,0,0,1,1,0,0,0, 
2024,08,CUSCO,08,ESPINAR,05,PALLPATA,25615,03,03,1,2,080851005,3.627906,1,,1,1,2,1,CAÑIHUA,2103,1,1000,000,0,0,0,1,0,1,0, 
2024,08,CUSCO,04,CALCA,03,LAMAY,25758,05,05,1,2,080433004,4.724602,1,,1,1,6,1,OLLUCO,2609,1,300,000,0,0,1,0,0,0,1, 
2024,05,AYACUCHO,06,LUCANAS,19,SANCOS,26802,01,01,1,2,050631003,5.029685,1,,1,0,4,1,CEBADA GRANO,2104,1,0,730,0,0,1,1,0,0,0, 
2024,05,AYACUCHO,06,LUCANAS,19,SANCOS,26802,01,01,1,2,050631003,5.029685,1,,1,0,3,1,CEBADA GRANO,2104,1,0,730,0,0,1,1,0,0,0, 
2024,05,AYACUCHO,06,LUCANAS,19,SANCOS,26802,05,05,1,2,050631003,8.428822,1,,1,1,2,1,MAIZ AMILACEO,2108,1,0,250,0,0,0,1,0,0,0, 
2024,05,AYACUCHO,01,HUAMANGA,14,VINCHOS,27107,01,01,1,2,050134002,2.785029,1,,1,0,3,1,CAPULI,1113,2,0,004,0,0,1,0,0,0,0, 
2024,05,AYACUCHO,01,HUAMANGA,14,VINCHOS,27107,01,01,1,2,050134002,2.785029,1,,1,0,7,1,CAPULI,1113,2,0,002,0,0,1,0,0,0,0, 
2024,05,AYACUCHO,01,HUAMANGA,14,VINCHOS,27107,01,01,1,2,050134002,2.785029,1,,1,0,5,1,CAPULI,1113,2,0,004,0,0,1,0,0,0,0, 
2024,05,AYACUCHO,01,HUAMANGA,14,VINCHOS,27108,01,01,1,2,050153003,27.18025,1,,1,1,4,1,ARVEJA,2901,1,0,250,0,0,0,1,1,0,0, 
2024,04,AREQUIPA,07,ISLAY,02,COCACHACRA,27241,01,01,1,1,040713002,52.0176,1,,1,1,1,1,OLIVO,1218,2,0,070,0,1,0,0,0,0,0, 
2024,04,AREQUIPA,07,ISLAY,02,COCACHACRA,27241,02,02,1,1,040713002,26.50582,1,,1,0,2,1,HIGUERA,1136,2,0,003,0,0,1,0,0,0,0, 
2024,04,AREQUIPA,05,CAYLLOMA,03,CABANACONDE,27407,01,01,1,2,040543002,60.4674,1,,1,0,1,1,HABA,2942,1,0,990,0,0,1,1,0,0,0, 
2024,04,AREQUIPA,05,CAYLLOMA,03,CABANACONDE,27407,02,02,1,2,040543002,1.153214,1,,1,1,1,1,HABA,2942,1,0,200,0,0,1,1,0,0,0, 
2024,04,AREQUIPA,02,CAMANA,04,MARISCAL CACERES,27572,01,01,1,1,040223002,1.082556,1,,1,0,1,1,TUNA FRUTA,1186,2,0,670,0,0,0,0,0,1,0, 
2024,04,AREQUIPA,02,CAMANA,04,MARISCAL CACERES,27572,01,01,1,1,040223002,1.082556,1,,1,0,1,2,GRANADO,1132,2,0,029,0,0,0,0,0,1,0, 
2024,04,AREQUIPA,01,AREQUIPA,28,YURA,27582,02,02,1,2,040134004,107.9664,1,,1,1,2,1,PAPA BLANCA,2612,1,1,000,0,0,1,0,0,0,0, 
2024,03,APURIMAC,06,CHINCHEROS,09,ROCCHACC,27732,05,05,1,2,030631003,72.13181,1,,1,0,1,1,PALTO,1162,2,0,070,0,0,1,0,0,0,0, 
2024,03,APURIMAC,06,CHINCHEROS,03,COCHARCAS,27771,01,01,1,2,030644003,9.50239,1,,1,1,3,1,PAPA BLANCA,2612,1,0,150,0,0,1,1,1,0,0, 
2024,03,APURIMAC,06,CHINCHEROS,03,COCHARCAS,27776,01,01,1,2,030632003,48.15232,1,,1,1,3,1,MAIZ AMILACEO,2108,1,0,150,0,0,1,1,1,0,0, 
2024,03,APURIMAC,02,ANDAHUAYLAS,19,KAQUIABAMBA,27905,04,04,1,2,030272002,1.945389,1,,1,0,1,1,PALTO,1162,2,0,045,0,0,1,0,0,1,0, 
2024,03,APURIMAC,02,ANDAHUAYLAS,19,KAQUIABAMBA,27905,04,04,1,2,030272002,1.945389,1,,1,0,1,2,CHIRIMOYO,1121,2,0,050,0,0,1,0,0,1,0, 
2024,03,APURIMAC,02,ANDAHUAYLAS,19,KAQUIABAMBA,27905,04,04,1,2,030272002,1.945389,1,,1,0,1,3,PACAE,1159,2,0,050,0,0,1,0,0,1,0, 
2024,03,APURIMAC,02,ANDAHUAYLAS,07,KISHUARA,27977,02,02,1,2,030234002,30.25616,1,,1,1,10,1,ARVEJA,2901,1,0,100,0,0,1,1,1,0,0, 
2024,03,APURIMAC,02,ANDAHUAYLAS,05,HUANCARAY,27992,01,01,1,2,030231003,139.8756,1,,1,1,1,1,MAIZ AMILACEO,2108,1,0,299,0,0,1,0,0,0,0, 
2024,03,APURIMAC,02,ANDAHUAYLAS,05,HUANCARAY,27992,04,04,1,2,030231003,42.80611,1,,1,1,2,1,MAIZ AMILACEO,2108,1,0,080,0,0,1,0,0,0,0, 
2024,03,APURIMAC,02,ANDAHUAYLAS,15,SANTA MARIA DE CHICMO,27994,01,01,1,2,030242002,17.82196,1,,1,1,4,1,PAPA HUAYRO,2614,1,0,200,0,0,0,1,1,0,0, 
2024,03,APURIMAC,01,ABANCAY,01,ABANCAY,28077,01,01,1,2,030142003,4.129938,1,,1,1,5,1,MAIZ AMILACEO,2108,1,0,250,0,0,1,0,0,0,0, 
2024,03,APURIMAC,01,ABANCAY,01,ABANCAY,28077,01,01,1,2,030142003,4.129938,1,,1,1,2,1,MAIZ AMILACEO,2108,1,0,250,0,0,1,0,0,0,0, 
2024,03,APURIMAC,01,ABANCAY,01,ABANCAY,28077,04,04,1,2,030142003,415.0264,1,,1,1,1,1,PAPA COLOR,2613,1,0,100,0,0,1,0,0,0,0, 
2024,02,ANCASH,18,SANTA,04,MACATE,28206,01,01,1,2,021833002,.4322162,1,,1,1,1,1,HABA,2942,1,0,332,0,0,1,0,0,0,0, 
2024,02,ANCASH,17,RECUAY,06,MARCA,28267,01,01,1,2,021734002,50.24599,1,,1,0,1,1,MELOCOTONERO,1152,2,1,000,0,0,1,0,0,0,0, 
2024,02,ANCASH,15,PALLASCA,03,CONCHUCOS,28342,04,04,1,2,021531004,25.51782,1,,1,0,2,1,OCA,2608,1,0,030,0,0,1,0,0,0,0, 
2024,,,,,,,93054,01,01,1,1,,1,2,2,1,0,1,1,PLATANO,1171,3,30,000,0,1,1,0,0,0,0, 
2024,,,,,,,95048,01,01,1,1,,1,2,3,1,0,1,1,MANDARINA,1146,2,6,500,0,0,0,0,0,1,0, 
2024,,,,,,,95078,01,01,1,1,,1,2,1,1,1,1,1,FRIJOL CANARIO,2910,1,0,500,0,0,1,0,0,0,0, 
2024,,,,,,,95078,01,01,1,1,,1,2,1,1,1,2,1,MANGO,1147,2,0,500,0,0,0,0,0,1,0, 
2024,,,,,,,95129,01,01,1,1,,1,2,2,1,0,1,1,CAÑA DE AZUCAR PARA AZUCAR,2808,1,3,000,0,1,0,0,0,0,0, 
2024,,,,,,,95151,01,01,1,2,,1,2,1,1,1,3,1,TARHUI,2947,1,0,700,0,0,1,0,1,0,0, 
2024,,,,,,,95151,01,01,1,2,,1,2,1,1,1,3,2,ARVEJA,2901,1,0,800,0,0,1,0,1,0,0, 
2024,,,,,,,95183,01,01,1,2,,1,2,1,1,1,1,1,PAPA BLANCA,2612,1,1,000,0,0,1,0,0,0,0, 
2024,,,,,,,95183,01,01,1,2,,1,2,1,1,1,1,2,AGUAYMANTO,1103,2,1,000,0,0,1,0,0,0,0, 
2024,,,,,,,95188,01,01,1,2,,1,2,1,1,1,1,1,PAPA BLANCA,2612,1,0,200,0,0,0,1,0,0,0, 
2024,,,,,,,95201,01,01,1,2,,1,2,5,1,1,1,1,CHIRIMOYO,1121,2,0,050,0,0,1,0,0,0,0, 
2024,,,,,,,95293,01,01,1,3,,1,2,1,1,0,1,1,GUANABANO,1133,2,0,108,0,0,1,0,0,0,0, 
2024,,,,,,,95392,01,01,1,1,,1,2,4,1,0,3,1,VID,1192,2,4,300,0,0,1,0,0,0,0, 
2024,,,,,,,95430,01,01,1,1,,1,2,2,1,0,4,1,PECANO,1165,2,3,000,0,0,1,0,0,0,0, 
2024,,,,,,,95518,01,01,1,1,,1,2,2,1,0,2,1,PECANO,1165,2,5,500,0,0,1,0,0,0,0, 
2024,,,,,,,95562,01,01,1,1,,1,2,1,1,0,1,1,AJI,2302,1,0,770,0,0,1,0,0,0,0, 
2024,,,,,,,95585,01,01,1,1,,1,2,2,1,1,1,1,ARANDANO,1107,2,5,800,0,0,0,0,0,0,1, 
2024,,,,,,,95832,01,01,1,1,,1,2,2,1,0,3,1,MANGO,1147,2,3,580,0,0,0,0,0,1,0, 
2024,,,,,,,95951,01,01,1,1,,1,2,7,1,1,1,1,MANDARINA,1146,2,16,000,0,0,1,0,0,0,0, 
2024,,,,,,,96077,01,01,1,1,,1,2,1,1,1,2,1,PECANO,1165,2,0,500,0,0,1,0,0,0,0, 
2024,,,,,,,96092,01,01,1,1,,1,2,2,1,0,1,1,PALTO,1162,2,211,122,0,0,0,0,0,0,1, 
2024,,,,,,,96094,01,01,1,1,,1,2,2,1,0,3,1,MANDARINA,1146,2,60,000,0,0,1,0,0,1,0, 
2024,,,,,,,96190,01,01,1,1,,1,2,1,1,1,1,1,COLIFLOR,2320,1,0,300,0,0,1,0,0,0,0, 
2024,,,,,,,96214,01,01,1,1,,1,2,1,1,1,2,1,BROCOLI,2312,1,1,000,0,0,0,0,0,0,1, 
2024,,,,,,,96254,01,01,1,1,,1,2,2,1,0,1,1,MANDARINA,1146,2,15,215,0,0,1,0,0,0,0, 
2024,,,,,,,96345,01,01,1,1,,1,2,2,1,0,1,1,PLATANO,1171,3,5,000,0,0,1,0,0,0,0, 
2024,,,,,,,96351,01,01,1,1,,1,2,2,1,0,1,1,VID,1192,2,18,700,0,0,1,0,0,0,0, 
2024,,,,,,,96408,01,01,1,1,,1,2,2,1,0,2,1,MANGO,1147,2,20,000,0,0,1,0,0,0,0, 
2024,,,,,,,96408,01,01,1,1,,1,2,2,1,0,1,1,MANGO,1147,2,20,000,0,0,1,0,0,0,0, 
2024,,,,,,,96411,01,01,1,1,,1,2,4,1,0,1,1,MANGO,1147,2,84,500,0,0,1,0,0,0,0, 
2024,,,,,,,96454,01,01,1,1,,1,2,2,1,0,1,1,LIMON ACIDO,1140,3,2,000,0,0,1,0,0,0,0, 
2024,,,,,,,96454,01,01,1,1,,1,2,2,1,0,3,1,LIMON ACIDO,1140,3,1,500,0,0,1,0,0,0,0, 
2024,,,,,,,96458,01,01,1,1,,1,2,4,1,0,2,1,LIMON ACIDO,1140,3,2,000,0,0,1,0,0,0,0, 
2024,,,,,,,96496,01,01,1,2,,1,2,1,1,1,1,1,PAPA NATIVA,2615,1,0,100,0,0,0,1,0,0,0, 
2024,,,,,,,96512,01,01,1,3,,1,2,1,1,1,1,1,PASTO BRIZANTHA,1408,3,76,656,0,0,0,0,0,1,0, 
2024,,,,,,,96512,01,01,1,3,,1,2,1,1,1,1,2,CACAO,1202,3,2,000,0,0,0,0,0,1,0, 
